Common Name,Species,Class,Sacral,A7
(Axolotl)-(Iberian Ribbed Newt),(Ambystoma mexicanum)-(Pleurodeles waltl),(Amphibia)-(Amphibia),0.0,-496.0
(Common Toad)-(Asiatic Toad),(Bufo bufo)-(Bufo gargarizans),(Amphibia)-(Amphibia),0.0,-70.0
(Common Toad+Asiatic Toad)-(Common Frog),(Bufo bufo+Bufo gargarizans)-(Rana temporaria),(Amphibia+Amphibia)-(Amphibia),0.0,-8104.0
(African Clawed Frog)-(Western Clawed Frog),(Xenopus laevis)-(Xenopus tropicalis),(Amphibia)-(Amphibia),0.0,-5240.0
(Common Toad+Asiatic Toad+Common Frog)-(African Clawed Frog+Western Clawed Frog),(Bufo bufo+Bufo gargarizans+Rana temporaria)-(Xenopus laevis+Xenopus tropicalis),(Amphibia+Amphibia+Amphibia)-(Amphibia+Amphibia),0.0,-4110.2795891990345
(European Fire-Bellied Toad)-(Painted Frog),(Bombina bombina)-(Discoglossus pictus),(Amphibia)-(Amphibia),0.0,326.0
(Common Toad+Asiatic Toad+Common Frog+African Clawed Frog+Western Clawed Frog)-(European Fire-Bellied Toad+Painted Frog),(Bufo bufo+Bufo gargarizans+Rana temporaria+Xenopus laevis+Xenopus tropicalis)-(Bombina bombina+Discoglossus pictus),(Amphibia+Amphibia+Amphibia+Amphibia+Amphibia)-(Amphibia+Amphibia),0.0,746.2091267243795
(Axolotl+Iberian Ribbed Newt)-(Common Toad+Asiatic Toad+Common Frog+African Clawed Frog+Western Clawed Frog+European Fire-Bellied Toad+Painted Frog),(Ambystoma mexicanum+Pleurodeles waltl)-(Bufo bufo+Bufo gargarizans+Rana temporaria+Xenopus laevis+Xenopus tropicalis+Bombina bombina+Discoglossus pictus),(Amphibia+Amphibia)-(Amphibia+Amphibia+Amphibia+Amphibia+Amphibia+Amphibia+Amphibia),0.0,1477.8282162959276
(Gaboon Caecilian)-(Tiny Cayenne Caecilian),(Geotrypetes seraphini)-(Microcaecilia unicolor),(Amphibia)-(Amphibia),0.0,-18991.0
(Two-Lined Caecilian)-(Gaboon Caecilian+Tiny Cayenne Caecilian),(Rhinatrema bivittatum)-(Geotrypetes seraphini+Microcaecilia unicolor),(Amphibia)-(Amphibia+Amphibia),0.0,10450.5
(Axolotl+Iberian Ribbed Newt+Common Toad+Asiatic Toad+Common Frog+African Clawed Frog+Western Clawed Frog+European Fire-Bellied Toad+Painted Frog)-(Two-Lined Caecilian+Gaboon Caecilian+Tiny Cayenne Caecilian),(Ambystoma mexicanum+Pleurodeles waltl+Bufo bufo+Bufo gargarizans+Rana temporaria+Xenopus laevis+Xenopus tropicalis+Bombina bombina+Discoglossus pictus)-(Rhinatrema bivittatum+Geotrypetes seraphini+Microcaecilia unicolor),(Amphibia+Amphibia+Amphibia+Amphibia+Amphibia+Amphibia+Amphibia+Amphibia+Amphibia)-(Amphibia+Amphibia+Amphibia),1.0,2651.6234672717137
(Lion)-(Leopard),(Panthera leo)-(Panthera pardus),(Mammalia)-(Mammalia),0.0,-1916.0
(Tiger)-(Lion+Leopard),(Panthera tigris)-(Panthera leo+Panthera pardus),(Mammalia)-(Mammalia+Mammalia),4.440892098500626e-16,-649.9999999999982
(Cat)-(Tiger+Lion+Leopard),(Felis catus)-(Panthera tigris+Panthera leo+Panthera pardus),(Mammalia)-(Mammalia+Mammalia+Mammalia),-1.0,418.61259358351526
(Suricate)-(Cat+Tiger+Lion+Leopard),(Suricata suricatta)-(Felis catus+Panthera tigris+Panthera leo+Panthera pardus),(Mammalia)-(Mammalia+Mammalia+Mammalia+Mammalia),0.3959531693611824,-6653.138389580381
(Fox)-(Ermine),(Vulpes vulpes)-(Mustela erminea),(Mammalia)-(Mammalia),1.0,1527.0
(Suricate+Cat+Tiger+Lion+Leopard)-(Fox+Ermine),(Suricata suricatta+Felis catus+Panthera tigris+Panthera leo+Panthera pardus)-(Vulpes vulpes+Mustela erminea),(Mammalia+Mammalia+Mammalia+Mammalia+Mammalia)-(Mammalia+Mammalia),0.2806738427073512,3270.8026818224516
(Suricate+Cat+Tiger+Lion+Leopard+Fox+Ermine)-(Horse),(Suricata suricatta+Felis catus+Panthera tigris+Panthera leo+Panthera pardus+Vulpes vulpes+Mustela erminea)-(Equus caballus),(Mammalia+Mammalia+Mammalia+Mammalia+Mammalia+Mammalia+Mammalia)-(Mammalia),-2.3639652376578115,-3103.233410145971
(Alpaca)-(Two-Humped Camel),(Vicugna pacos)-(Camelus ferus),(Mammalia)-(Mammalia),1.0,-148.0
(Goat)-(Sheep),(Capra hircus)-(Ovis aries),(Mammalia)-(Mammalia),0.0,10347.0
(Cattle)-(Goat+Sheep),(Bos taurus)-(Capra hircus+Ovis aries),(Mammalia)-(Mammalia+Mammalia),1.0,-3656.5
(Cattle+Goat+Sheep)-(Orca),(Bos taurus+Capra hircus+Ovis aries)-(Orcinus orca),(Mammalia+Mammalia+Mammalia)-(Mammalia),4.451463339033721,5830.724300823199
(Cattle+Goat+Sheep+Orca)-(Wild Boar),(Bos taurus+Capra hircus+Ovis aries+Orcinus orca)-(Sus scrofa),(Mammalia+Mammalia+Mammalia+Mammalia)-(Mammalia),-1.5196961758303025,-983.1879398853525
(Alpaca+Two-Humped Camel)-(Cattle+Goat+Sheep+Orca+Wild Boar),(Vicugna pacos+Camelus ferus)-(Bos taurus+Capra hircus+Ovis aries+Orcinus orca+Sus scrofa),(Mammalia+Mammalia)-(Mammalia+Mammalia+Mammalia+Mammalia+Mammalia),1.5272783468282705,-500.38841673067327
(Suricate+Cat+Tiger+Lion+Leopard+Fox+Ermine+Horse)-(Alpaca+Two-Humped Camel+Cattle+Goat+Sheep+Orca+Wild Boar),(Suricata suricatta+Felis catus+Panthera tigris+Panthera leo+Panthera pardus+Vulpes vulpes+Mustela erminea+Equus caballus)-(Vicugna pacos+Camelus ferus+Bos taurus+Capra hircus+Ovis aries+Orcinus orca+Sus scrofa),(Mammalia+Mammalia+Mammalia+Mammalia+Mammalia+Mammalia+Mammalia+Mammalia)-(Mammalia+Mammalia+Mammalia+Mammalia+Mammalia+Mammalia+Mammalia),-0.015304503979639339,3972.471416172629
(Suricate+Cat+Tiger+Lion+Leopard+Fox+Ermine+Horse+Alpaca+Two-Humped Camel+Cattle+Goat+Sheep+Orca+Wild Boar)-(Flying Fox),(Suricata suricatta+Felis catus+Panthera tigris+Panthera leo+Panthera pardus+Vulpes vulpes+Mustela erminea+Equus caballus+Vicugna pacos+Camelus ferus+Bos taurus+Capra hircus+Ovis aries+Orcinus orca+Sus scrofa)-(Pteropus vampyrus),(Mammalia+Mammalia+Mammalia+Mammalia+Mammalia+Mammalia+Mammalia+Mammalia+Mammalia+Mammalia+Mammalia+Mammalia+Mammalia+Mammalia+Mammalia)-(Mammalia),-2.587596453225956,-7331.743659987914
(Western European Hedgehog)-(Suricate+Cat+Tiger+Lion+Leopard+Fox+Ermine+Horse+Alpaca+Two-Humped Camel+Cattle+Goat+Sheep+Orca+Wild Boar+Flying Fox),(Erinaceus europaeus)-(Suricata suricatta+Felis catus+Panthera tigris+Panthera leo+Panthera pardus+Vulpes vulpes+Mustela erminea+Equus caballus+Vicugna pacos+Camelus ferus+Bos taurus+Capra hircus+Ovis aries+Orcinus orca+Sus scrofa+Pteropus vampyrus),(Mammalia)-(Mammalia+Mammalia+Mammalia+Mammalia+Mammalia+Mammalia+Mammalia+Mammalia+Mammalia+Mammalia+Mammalia+Mammalia+Mammalia+Mammalia+Mammalia+Mammalia),-0.3914727333510659,-1217.65983583259
(Norway Rat)-(House Mouse),(Rattus norvegicus)-(Mus musculus),(Mammalia)-(Mammalia),-0.5,1867.0
(Rabbit)-(Norway Rat+House Mouse),(Oryctolagus cuniculus)-(Rattus norvegicus+Mus musculus),(Mammalia)-(Mammalia+Mammalia),0.24096077711077557,-2579.7475417316327
(Human)-(Chimpanzee),(Homo sapiens)-(Pan troglodytes),(Mammalia)-(Mammalia),-1.0,-3197.0
(Gorilla)-(Human+Chimpanzee),(Gorilla gorilla)-(Homo sapiens+Pan troglodytes),(Mammalia)-(Mammalia+Mammalia),-0.48270952091476005,-1569.2223383644869
(Rhesus Monkey)-(Pig-Tailed Macaque),(Macaca mulatta)-(Macaca nemestrina),(Mammalia)-(Mammalia),0.0,-7915.0
(Gorilla+Human+Chimpanzee)-(Rhesus Monkey+Pig-Tailed Macaque),(Gorilla gorilla+Homo sapiens+Pan troglodytes)-(Macaca mulatta+Macaca nemestrina),(Mammalia+Mammalia+Mammalia)-(Mammalia+Mammalia),2.3099861595065234,5240.515355782185
(Common Marmoset)-(Gorilla+Human+Chimpanzee+Rhesus Monkey+Pig-Tailed Macaque),(Callithrix jacchus)-(Gorilla gorilla+Homo sapiens+Pan troglodytes+Macaca mulatta+Macaca nemestrina),(Mammalia)-(Mammalia+Mammalia+Mammalia+Mammalia+Mammalia),-1.2223443741267568,-4630.260242025661
(Lemur)-(Common Marmoset+Gorilla+Human+Chimpanzee+Rhesus Monkey+Pig-Tailed Macaque),(Lemur catta)-(Callithrix jacchus+Gorilla gorilla+Homo sapiens+Pan troglodytes+Macaca mulatta+Macaca nemestrina),(Mammalia)-(Mammalia+Mammalia+Mammalia+Mammalia+Mammalia+Mammalia),-0.7566031627356957,6614.974993005801
(Rabbit+Norway Rat+House Mouse)-(Lemur+Common Marmoset+Gorilla+Human+Chimpanzee+Rhesus Monkey+Pig-Tailed Macaque),(Oryctolagus cuniculus+Rattus norvegicus+Mus musculus)-(Lemur catta+Callithrix jacchus+Gorilla gorilla+Homo sapiens+Pan troglodytes+Macaca mulatta+Macaca nemestrina),(Mammalia+Mammalia+Mammalia)-(Mammalia+Mammalia+Mammalia+Mammalia+Mammalia+Mammalia+Mammalia),0.41338062001757647,255.71965835344417
(Western European Hedgehog+Suricate+Cat+Tiger+Lion+Leopard+Fox+Ermine+Horse+Alpaca+Two-Humped Camel+Cattle+Goat+Sheep+Orca+Wild Boar+Flying Fox)-(Rabbit+Norway Rat+House Mouse+Lemur+Common Marmoset+Gorilla+Human+Chimpanzee+Rhesus Monkey+Pig-Tailed Macaque),(Erinaceus europaeus+Suricata suricatta+Felis catus+Panthera tigris+Panthera leo+Panthera pardus+Vulpes vulpes+Mustela erminea+Equus caballus+Vicugna pacos+Camelus ferus+Bos taurus+Capra hircus+Ovis aries+Orcinus orca+Sus scrofa+Pteropus vampyrus)-(Oryctolagus cuniculus+Rattus norvegicus+Mus musculus+Lemur catta+Callithrix jacchus+Gorilla gorilla+Homo sapiens+Pan troglodytes+Macaca mulatta+Macaca nemestrina),(Mammalia+Mammalia+Mammalia+Mammalia+Mammalia+Mammalia+Mammalia+Mammalia+Mammalia+Mammalia+Mammalia+Mammalia+Mammalia+Mammalia+Mammalia+Mammalia+Mammalia)-(Mammalia+Mammalia+Mammalia+Mammalia+Mammalia+Mammalia+Mammalia+Mammalia+Mammalia+Mammalia),0.15813086974322266,-3282.5531456664603
(African Bush Elephant)-(Linne'S Two-Toed Sloth),(Loxodonta africana)-(Choloepus didactylus),(Mammalia)-(Mammalia),-3.0,-5283.0
(Western European Hedgehog+Suricate+Cat+Tiger+Lion+Leopard+Fox+Ermine+Horse+Alpaca+Two-Humped Camel+Cattle+Goat+Sheep+Orca+Wild Boar+Flying Fox+Rabbit+Norway Rat+House Mouse+Lemur+Common Marmoset+Gorilla+Human+Chimpanzee+Rhesus Monkey+Pig-Tailed Macaque)-(African Bush Elephant+Linne'S Two-Toed Sloth),(Erinaceus europaeus+Suricata suricatta+Felis catus+Panthera tigris+Panthera leo+Panthera pardus+Vulpes vulpes+Mustela erminea+Equus caballus+Vicugna pacos+Camelus ferus+Bos taurus+Capra hircus+Ovis aries+Orcinus orca+Sus scrofa+Pteropus vampyrus+Oryctolagus cuniculus+Rattus norvegicus+Mus musculus+Lemur catta+Callithrix jacchus+Gorilla gorilla+Homo sapiens+Pan troglodytes+Macaca mulatta+Macaca nemestrina)-(Loxodonta africana+Choloepus didactylus),(Mammalia+Mammalia+Mammalia+Mammalia+Mammalia+Mammalia+Mammalia+Mammalia+Mammalia+Mammalia+Mammalia+Mammalia+Mammalia+Mammalia+Mammalia+Mammalia+Mammalia+Mammalia+Mammalia+Mammalia+Mammalia+Mammalia+Mammalia+Mammalia+Mammalia+Mammalia+Mammalia)-(Mammalia+Mammalia),-2.7549975233053074,1149.234602215376
(Short-Beaked Echidna)-(Platypus),(Tachyglossus aculeatus)-(Ornithorhynchus anatinus),(Mammalia)-(Mammalia),1.0,7577.0
(Western European Hedgehog+Suricate+Cat+Tiger+Lion+Leopard+Fox+Ermine+Horse+Alpaca+Two-Humped Camel+Cattle+Goat+Sheep+Orca+Wild Boar+Flying Fox+Rabbit+Norway Rat+House Mouse+Lemur+Common Marmoset+Gorilla+Human+Chimpanzee+Rhesus Monkey+Pig-Tailed Macaque+African Bush Elephant+Linne'S Two-Toed Sloth)-(Short-Beaked Echidna+Platypus),(Erinaceus europaeus+Suricata suricatta+Felis catus+Panthera tigris+Panthera leo+Panthera pardus+Vulpes vulpes+Mustela erminea+Equus caballus+Vicugna pacos+Camelus ferus+Bos taurus+Capra hircus+Ovis aries+Orcinus orca+Sus scrofa+Pteropus vampyrus+Oryctolagus cuniculus+Rattus norvegicus+Mus musculus+Lemur catta+Callithrix jacchus+Gorilla gorilla+Homo sapiens+Pan troglodytes+Macaca mulatta+Macaca nemestrina+Loxodonta africana+Choloepus didactylus)-(Tachyglossus aculeatus+Ornithorhynchus anatinus),(Mammalia+Mammalia+Mammalia+Mammalia+Mammalia+Mammalia+Mammalia+Mammalia+Mammalia+Mammalia+Mammalia+Mammalia+Mammalia+Mammalia+Mammalia+Mammalia+Mammalia+Mammalia+Mammalia+Mammalia+Mammalia+Mammalia+Mammalia+Mammalia+Mammalia+Mammalia+Mammalia+Mammalia+Mammalia)-(Mammalia+Mammalia),1.975580360848916,-1259.522616976612
(Golden Pheasant)-(Common Pheasant),(Chrysolophus pictus)-(Phasianus colchicus),(Aves)-(Aves),1.0,800.0
(Chicken)-(Golden Pheasant+Common Pheasant),(Gallus gallus)-(Chrysolophus pictus+Phasianus colchicus),(Aves)-(Aves+Aves),-2.5,14233.999999999998
(Black Swan)-(Mute Swan),(Cygnus atratus)-(Cygnus olor),(Aves)-(Aves),-1.0,7156.0
(Black Swan+Mute Swan)-(Swan Goose),(Cygnus atratus+Cygnus olor)-(Anser cygnoides),(Aves+Aves)-(Aves),0.5,2546.0
(Eastern Spot-Billed Duck)-(Mallard),(Anas zonorhyncha)-(Anas platyrhynchos),(Aves)-(Aves),-1.0,16703.0
(Black Swan+Mute Swan+Swan Goose)-(Eastern Spot-Billed Duck+Mallard),(Cygnus atratus+Cygnus olor+Anser cygnoides)-(Anas zonorhyncha+Anas platyrhynchos),(Aves+Aves+Aves)-(Aves+Aves),3.7500000000000018,663.5000000000018
(Chicken+Golden Pheasant+Common Pheasant)-(Black Swan+Mute Swan+Swan Goose+Eastern Spot-Billed Duck+Mallard),(Gallus gallus+Chrysolophus pictus+Phasianus colchicus)-(Cygnus atratus+Cygnus olor+Anser cygnoides+Anas zonorhyncha+Anas platyrhynchos),(Aves+Aves+Aves)-(Aves+Aves+Aves+Aves+Aves),-4.143147225021348,4735.455125493156
(Steller'S Sea Eagle)-(Oriental Scops Owl),(Haliaeetus pelagicus)-(Otus sunia),(Aves)-(Aves),4.0,-1757.0
(Barn Swallow)-(White Or Black-Backed Wagtail),(Hirundo rustica)-(Motacilla alba alba),(Aves)-(Aves),-1.0,-6813.0
(Barn Swallow+White Or Black-Backed Wagtail)-(Budgerigar),(Hirundo rustica+Motacilla alba alba)-(Melopsittacus undulatus),(Aves+Aves)-(Aves),-1.5,2497.5
(Steller'S Sea Eagle+Oriental Scops Owl)-(Barn Swallow+White Or Black-Backed Wagtail+Budgerigar),(Haliaeetus pelagicus+Otus sunia)-(Hirundo rustica+Motacilla alba alba+Melopsittacus undulatus),(Aves+Aves)-(Aves+Aves+Aves),1.830111131220809,5348.3649665173525
(Eurasian Woodcock)-(Common Snipe),(Scolopax rusticola)-(Gallinago gallinago),(Aves)-(Aves),-2.5,843.0
(Ruff)-(Eurasian Woodcock+Common Snipe),(Calidris pugnax)-(Scolopax rusticola+Gallinago gallinago),(Aves)-(Aves+Aves),-0.75,-10209.5
(Common Tern)-(Razorbill),(Sterna hirundo)-(Alca torda),(Aves)-(Aves),-5.0,-70.0
(Common Murre)-(Common Tern+Razorbill),(Uria aalge)-(Sterna hirundo+Alca torda),(Aves)-(Aves+Aves),-1.9999999999999982,-2254.0
(Atlantic Puffin)-(Common Murre+Common Tern+Razorbill),(Fratercula arctica)-(Uria aalge+Sterna hirundo+Alca torda),(Aves)-(Aves+Aves+Aves),-1.7940811668417282,874.570524969371
(Ruff+Eurasian Woodcock+Common Snipe)-(Atlantic Puffin+Common Murre+Common Tern+Razorbill),(Calidris pugnax+Scolopax rusticola+Gallinago gallinago)-(Fratercula arctica+Uria aalge+Sterna hirundo+Alca torda),(Aves+Aves+Aves)-(Aves+Aves+Aves+Aves),-0.7851460533579164,-2818.25221704672
(European Golden-Plover)-(Ruff+Eurasian Woodcock+Common Snipe+Atlantic Puffin+Common Murre+Common Tern+Razorbill),(Pluvialis apricaria)-(Calidris pugnax+Scolopax rusticola+Gallinago gallinago+Fratercula arctica+Uria aalge+Sterna hirundo+Alca torda),(Aves)-(Aves+Aves+Aves+Aves+Aves+Aves+Aves),0.10343098418439034,1886.0572242827511
(Royal Penguin)-(Emperor Penguin),(Eudyptes schlegeli)-(Aptenodytes forsteri),(Aves)-(Aves),2.0,15585.0
(Royal Penguin+Emperor Penguin)-(White Stork),(Eudyptes schlegeli+Aptenodytes forsteri)-(Ciconia ciconia),(Aves+Aves)-(Aves),1.0000000000000018,-8483.499999999998
(Eurasian Coot)-(Royal Penguin+Emperor Penguin+White Stork),(Fulica atra)-(Eudyptes schlegeli+Aptenodytes forsteri+Ciconia ciconia),(Aves)-(Aves+Aves+Aves),1.4593018382882832,1797.0128548813445
(European Golden-Plover+Ruff+Eurasian Woodcock+Common Snipe+Atlantic Puffin+Common Murre+Common Tern+Razorbill)-(Eurasian Coot+Royal Penguin+Emperor Penguin+White Stork),(Pluvialis apricaria+Calidris pugnax+Scolopax rusticola+Gallinago gallinago+Fratercula arctica+Uria aalge+Sterna hirundo+Alca torda)-(Fulica atra+Eudyptes schlegeli+Aptenodytes forsteri+Ciconia ciconia),(Aves+Aves+Aves+Aves+Aves+Aves+Aves+Aves)-(Aves+Aves+Aves+Aves),-1.0921415601329567,2678.5139814163667
(Steller'S Sea Eagle+Oriental Scops Owl+Barn Swallow+White Or Black-Backed Wagtail+Budgerigar)-(European Golden-Plover+Ruff+Eurasian Woodcock+Common Snipe+Atlantic Puffin+Common Murre+Common Tern+Razorbill+Eurasian Coot+Royal Penguin+Emperor Penguin+White Stork),(Haliaeetus pelagicus+Otus sunia+Hirundo rustica+Motacilla alba alba+Melopsittacus undulatus)-(Pluvialis apricaria+Calidris pugnax+Scolopax rusticola+Gallinago gallinago+Fratercula arctica+Uria aalge+Sterna hirundo+Alca torda+Fulica atra+Eudyptes schlegeli+Aptenodytes forsteri+Ciconia ciconia),(Aves+Aves+Aves+Aves+Aves)-(Aves+Aves+Aves+Aves+Aves+Aves+Aves+Aves+Aves+Aves+Aves+Aves),-1.2939308352518424,-9493.126835256868
(Chicken+Golden Pheasant+Common Pheasant+Black Swan+Mute Swan+Swan Goose+Eastern Spot-Billed Duck+Mallard)-(Steller'S Sea Eagle+Oriental Scops Owl+Barn Swallow+White Or Black-Backed Wagtail+Budgerigar+European Golden-Plover+Ruff+Eurasian Woodcock+Common Snipe+Atlantic Puffin+Common Murre+Common Tern+Razorbill+Eurasian Coot+Royal Penguin+Emperor Penguin+White Stork),(Gallus gallus+Chrysolophus pictus+Phasianus colchicus+Cygnus atratus+Cygnus olor+Anser cygnoides+Anas zonorhyncha+Anas platyrhynchos)-(Haliaeetus pelagicus+Otus sunia+Hirundo rustica+Motacilla alba alba+Melopsittacus undulatus+Pluvialis apricaria+Calidris pugnax+Scolopax rusticola+Gallinago gallinago+Fratercula arctica+Uria aalge+Sterna hirundo+Alca torda+Fulica atra+Eudyptes schlegeli+Aptenodytes forsteri+Ciconia ciconia),(Aves+Aves+Aves+Aves+Aves+Aves+Aves+Aves)-(Aves+Aves+Aves+Aves+Aves+Aves+Aves+Aves+Aves+Aves+Aves+Aves+Aves+Aves+Aves+Aves+Aves),2.601373704335657,49.41047781050656
(Chicken+Golden Pheasant+Common Pheasant+Black Swan+Mute Swan+Swan Goose+Eastern Spot-Billed Duck+Mallard+Steller'S Sea Eagle+Oriental Scops Owl+Barn Swallow+White Or Black-Backed Wagtail+Budgerigar+European Golden-Plover+Ruff+Eurasian Woodcock+Common Snipe+Atlantic Puffin+Common Murre+Common Tern+Razorbill+Eurasian Coot+Royal Penguin+Emperor Penguin+White Stork)-(Emu),(Gallus gallus+Chrysolophus pictus+Phasianus colchicus+Cygnus atratus+Cygnus olor+Anser cygnoides+Anas zonorhyncha+Anas platyrhynchos+Haliaeetus pelagicus+Otus sunia+Hirundo rustica+Motacilla alba alba+Melopsittacus undulatus+Pluvialis apricaria+Calidris pugnax+Scolopax rusticola+Gallinago gallinago+Fratercula arctica+Uria aalge+Sterna hirundo+Alca torda+Fulica atra+Eudyptes schlegeli+Aptenodytes forsteri+Ciconia ciconia)-(Dromaius novaehollandiae),(Aves+Aves+Aves+Aves+Aves+Aves+Aves+Aves+Aves+Aves+Aves+Aves+Aves+Aves+Aves+Aves+Aves+Aves+Aves+Aves+Aves+Aves+Aves+Aves+Aves)-(Aves),-1.1306772980387727,3907.464645214797
(American Alligator)-(Australian Saltwater Crocodile),(Alligator mississippiensis)-(Crocodylus porosus),(Reptilia)-(Reptilia),0.0,-25866.0
(Chicken+Golden Pheasant+Common Pheasant+Black Swan+Mute Swan+Swan Goose+Eastern Spot-Billed Duck+Mallard+Steller'S Sea Eagle+Oriental Scops Owl+Barn Swallow+White Or Black-Backed Wagtail+Budgerigar+European Golden-Plover+Ruff+Eurasian Woodcock+Common Snipe+Atlantic Puffin+Common Murre+Common Tern+Razorbill+Eurasian Coot+Royal Penguin+Emperor Penguin+White Stork+Emu)-(American Alligator+Australian Saltwater Crocodile),(Gallus gallus+Chrysolophus pictus+Phasianus colchicus+Cygnus atratus+Cygnus olor+Anser cygnoides+Anas zonorhyncha+Anas platyrhynchos+Haliaeetus pelagicus+Otus sunia+Hirundo rustica+Motacilla alba alba+Melopsittacus undulatus+Pluvialis apricaria+Calidris pugnax+Scolopax rusticola+Gallinago gallinago+Fratercula arctica+Uria aalge+Sterna hirundo+Alca torda+Fulica atra+Eudyptes schlegeli+Aptenodytes forsteri+Ciconia ciconia+Dromaius novaehollandiae)-(Alligator mississippiensis+Crocodylus porosus),(Aves+Aves+Aves+Aves+Aves+Aves+Aves+Aves+Aves+Aves+Aves+Aves+Aves+Aves+Aves+Aves+Aves+Aves+Aves+Aves+Aves+Aves+Aves+Aves+Aves+Aves)-(Reptilia+Reptilia),12.125753733648962,-24412.725598450477
(Green Sea Turtle)-(Snapping Turtle),(Chelonia mydas)-(Chelydra serpentina),(Reptilia)-(Reptilia),0.0,-6043.0
(Chinese Soft-Shelled Turtle)-(Green Sea Turtle+Snapping Turtle),(Pelodiscus sinensis)-(Chelonia mydas+Chelydra serpentina),(Reptilia)-(Reptilia+Reptilia),0.0,2533.5
(West African Mud Turtle)-(Chinese Soft-Shelled Turtle+Green Sea Turtle+Snapping Turtle),(Pelusios castaneus)-(Pelodiscus sinensis+Chelonia mydas+Chelydra serpentina),(Reptilia)-(Reptilia+Reptilia+Reptilia),1.0,1100.7816047240904
(Chicken+Golden Pheasant+Common Pheasant+Black Swan+Mute Swan+Swan Goose+Eastern Spot-Billed Duck+Mallard+Steller'S Sea Eagle+Oriental Scops Owl+Barn Swallow+White Or Black-Backed Wagtail+Budgerigar+European Golden-Plover+Ruff+Eurasian Woodcock+Common Snipe+Atlantic Puffin+Common Murre+Common Tern+Razorbill+Eurasian Coot+Royal Penguin+Emperor Penguin+White Stork+Emu+American Alligator+Australian Saltwater Crocodile)-(West African Mud Turtle+Chinese Soft-Shelled Turtle+Green Sea Turtle+Snapping Turtle),(Gallus gallus+Chrysolophus pictus+Phasianus colchicus+Cygnus atratus+Cygnus olor+Anser cygnoides+Anas zonorhyncha+Anas platyrhynchos+Haliaeetus pelagicus+Otus sunia+Hirundo rustica+Motacilla alba alba+Melopsittacus undulatus+Pluvialis apricaria+Calidris pugnax+Scolopax rusticola+Gallinago gallinago+Fratercula arctica+Uria aalge+Sterna hirundo+Alca torda+Fulica atra+Eudyptes schlegeli+Aptenodytes forsteri+Ciconia ciconia+Dromaius novaehollandiae+Alligator mississippiensis+Crocodylus porosus)-(Pelusios castaneus+Pelodiscus sinensis+Chelonia mydas+Chelydra serpentina),(Aves+Aves+Aves+Aves+Aves+Aves+Aves+Aves+Aves+Aves+Aves+Aves+Aves+Aves+Aves+Aves+Aves+Aves+Aves+Aves+Aves+Aves+Aves+Aves+Aves+Aves+Reptilia+Reptilia)-(Reptilia+Reptilia+Reptilia+Reptilia),6.3978730471452305,16455.843807538156
(Desert Horned Lizard)-(Chinese Crocodile Lizard),(Phrynosoma platyrhinos)-(Shinisaurus crocodilurus),(Reptilia)-(Reptilia),1.0,-4183.0
(Regal Horned Lizard)-(Desert Horned Lizard+Chinese Crocodile Lizard),(Sphenodon punctatus)-(Phrynosoma platyrhinos+Shinisaurus crocodilurus),(Reptilia)-(Reptilia+Reptilia),-0.49999999999999956,-402.4999999999982
(Chicken+Golden Pheasant+Common Pheasant+Black Swan+Mute Swan+Swan Goose+Eastern Spot-Billed Duck+Mallard+Steller'S Sea Eagle+Oriental Scops Owl+Barn Swallow+White Or Black-Backed Wagtail+Budgerigar+European Golden-Plover+Ruff+Eurasian Woodcock+Common Snipe+Atlantic Puffin+Common Murre+Common Tern+Razorbill+Eurasian Coot+Royal Penguin+Emperor Penguin+White Stork+Emu+American Alligator+Australian Saltwater Crocodile+West African Mud Turtle+Chinese Soft-Shelled Turtle+Green Sea Turtle+Snapping Turtle)-(Regal Horned Lizard+Desert Horned Lizard+Chinese Crocodile Lizard),(Gallus gallus+Chrysolophus pictus+Phasianus colchicus+Cygnus atratus+Cygnus olor+Anser cygnoides+Anas zonorhyncha+Anas platyrhynchos+Haliaeetus pelagicus+Otus sunia+Hirundo rustica+Motacilla alba alba+Melopsittacus undulatus+Pluvialis apricaria+Calidris pugnax+Scolopax rusticola+Gallinago gallinago+Fratercula arctica+Uria aalge+Sterna hirundo+Alca torda+Fulica atra+Eudyptes schlegeli+Aptenodytes forsteri+Ciconia ciconia+Dromaius novaehollandiae+Alligator mississippiensis+Crocodylus porosus+Pelusios castaneus+Pelodiscus sinensis+Chelonia mydas+Chelydra serpentina)-(Sphenodon punctatus+Phrynosoma platyrhinos+Shinisaurus crocodilurus),(Aves+Aves+Aves+Aves+Aves+Aves+Aves+Aves+Aves+Aves+Aves+Aves+Aves+Aves+Aves+Aves+Aves+Aves+Aves+Aves+Aves+Aves+Aves+Aves+Aves+Aves+Reptilia+Reptilia+Reptilia+Reptilia+Reptilia+Reptilia)-(Reptilia+Reptilia+Reptilia),3.500260188533787,8834.155503375034
(Western European Hedgehog+Suricate+Cat+Tiger+Lion+Leopard+Fox+Ermine+Horse+Alpaca+Two-Humped Camel+Cattle+Goat+Sheep+Orca+Wild Boar+Flying Fox+Rabbit+Norway Rat+House Mouse+Lemur+Common Marmoset+Gorilla+Human+Chimpanzee+Rhesus Monkey+Pig-Tailed Macaque+African Bush Elephant+Linne'S Two-Toed Sloth+Short-Beaked Echidna+Platypus)-(Chicken+Golden Pheasant+Common Pheasant+Black Swan+Mute Swan+Swan Goose+Eastern Spot-Billed Duck+Mallard+Steller'S Sea Eagle+Oriental Scops Owl+Barn Swallow+White Or Black-Backed Wagtail+Budgerigar+European Golden-Plover+Ruff+Eurasian Woodcock+Common Snipe+Atlantic Puffin+Common Murre+Common Tern+Razorbill+Eurasian Coot+Royal Penguin+Emperor Penguin+White Stork+Emu+American Alligator+Australian Saltwater Crocodile+West African Mud Turtle+Chinese Soft-Shelled Turtle+Green Sea Turtle+Snapping Turtle+Regal Horned Lizard+Desert Horned Lizard+Chinese Crocodile Lizard),(Erinaceus europaeus+Suricata suricatta+Felis catus+Panthera tigris+Panthera leo+Panthera pardus+Vulpes vulpes+Mustela erminea+Equus caballus+Vicugna pacos+Camelus ferus+Bos taurus+Capra hircus+Ovis aries+Orcinus orca+Sus scrofa+Pteropus vampyrus+Oryctolagus cuniculus+Rattus norvegicus+Mus musculus+Lemur catta+Callithrix jacchus+Gorilla gorilla+Homo sapiens+Pan troglodytes+Macaca mulatta+Macaca nemestrina+Loxodonta africana+Choloepus didactylus+Tachyglossus aculeatus+Ornithorhynchus anatinus)-(Gallus gallus+Chrysolophus pictus+Phasianus colchicus+Cygnus atratus+Cygnus olor+Anser cygnoides+Anas zonorhyncha+Anas platyrhynchos+Haliaeetus pelagicus+Otus sunia+Hirundo rustica+Motacilla alba alba+Melopsittacus undulatus+Pluvialis apricaria+Calidris pugnax+Scolopax rusticola+Gallinago gallinago+Fratercula arctica+Uria aalge+Sterna hirundo+Alca torda+Fulica atra+Eudyptes schlegeli+Aptenodytes forsteri+Ciconia ciconia+Dromaius novaehollandiae+Alligator mississippiensis+Crocodylus porosus+Pelusios castaneus+Pelodiscus sinensis+Chelonia mydas+Chelydra serpentina+Sphenodon punctatus+Phrynosoma platyrhinos+Shinisaurus crocodilurus),(Mammalia+Mammalia+Mammalia+Mammalia+Mammalia+Mammalia+Mammalia+Mammalia+Mammalia+Mammalia+Mammalia+Mammalia+Mammalia+Mammalia+Mammalia+Mammalia+Mammalia+Mammalia+Mammalia+Mammalia+Mammalia+Mammalia+Mammalia+Mammalia+Mammalia+Mammalia+Mammalia+Mammalia+Mammalia+Mammalia+Mammalia)-(Aves+Aves+Aves+Aves+Aves+Aves+Aves+Aves+Aves+Aves+Aves+Aves+Aves+Aves+Aves+Aves+Aves+Aves+Aves+Aves+Aves+Aves+Aves+Aves+Aves+Aves+Reptilia+Reptilia+Reptilia+Reptilia+Reptilia+Reptilia+Reptilia+Reptilia+Reptilia),-0.8000606811206277,-6313.932607383529
(Axolotl+Iberian Ribbed Newt+Common Toad+Asiatic Toad+Common Frog+African Clawed Frog+Western Clawed Frog+European Fire-Bellied Toad+Painted Frog+Two-Lined Caecilian+Gaboon Caecilian+Tiny Cayenne Caecilian)-(Western European Hedgehog+Suricate+Cat+Tiger+Lion+Leopard+Fox+Ermine+Horse+Alpaca+Two-Humped Camel+Cattle+Goat+Sheep+Orca+Wild Boar+Flying Fox+Rabbit+Norway Rat+House Mouse+Lemur+Common Marmoset+Gorilla+Human+Chimpanzee+Rhesus Monkey+Pig-Tailed Macaque+African Bush Elephant+Linne'S Two-Toed Sloth+Short-Beaked Echidna+Platypus+Chicken+Golden Pheasant+Common Pheasant+Black Swan+Mute Swan+Swan Goose+Eastern Spot-Billed Duck+Mallard+Steller'S Sea Eagle+Oriental Scops Owl+Barn Swallow+White Or Black-Backed Wagtail+Budgerigar+European Golden-Plover+Ruff+Eurasian Woodcock+Common Snipe+Atlantic Puffin+Common Murre+Common Tern+Razorbill+Eurasian Coot+Royal Penguin+Emperor Penguin+White Stork+Emu+American Alligator+Australian Saltwater Crocodile+West African Mud Turtle+Chinese Soft-Shelled Turtle+Green Sea Turtle+Snapping Turtle+Regal Horned Lizard+Desert Horned Lizard+Chinese Crocodile Lizard),(Ambystoma mexicanum+Pleurodeles waltl+Bufo bufo+Bufo gargarizans+Rana temporaria+Xenopus laevis+Xenopus tropicalis+Bombina bombina+Discoglossus pictus+Rhinatrema bivittatum+Geotrypetes seraphini+Microcaecilia unicolor)-(Erinaceus europaeus+Suricata suricatta+Felis catus+Panthera tigris+Panthera leo+Panthera pardus+Vulpes vulpes+Mustela erminea+Equus caballus+Vicugna pacos+Camelus ferus+Bos taurus+Capra hircus+Ovis aries+Orcinus orca+Sus scrofa+Pteropus vampyrus+Oryctolagus cuniculus+Rattus norvegicus+Mus musculus+Lemur catta+Callithrix jacchus+Gorilla gorilla+Homo sapiens+Pan troglodytes+Macaca mulatta+Macaca nemestrina+Loxodonta africana+Choloepus didactylus+Tachyglossus aculeatus+Ornithorhynchus anatinus+Gallus gallus+Chrysolophus pictus+Phasianus colchicus+Cygnus atratus+Cygnus olor+Anser cygnoides+Anas zonorhyncha+Anas platyrhynchos+Haliaeetus pelagicus+Otus sunia+Hirundo rustica+Motacilla alba alba+Melopsittacus undulatus+Pluvialis apricaria+Calidris pugnax+Scolopax rusticola+Gallinago gallinago+Fratercula arctica+Uria aalge+Sterna hirundo+Alca torda+Fulica atra+Eudyptes schlegeli+Aptenodytes forsteri+Ciconia ciconia+Dromaius novaehollandiae+Alligator mississippiensis+Crocodylus porosus+Pelusios castaneus+Pelodiscus sinensis+Chelonia mydas+Chelydra serpentina+Sphenodon punctatus+Phrynosoma platyrhinos+Shinisaurus crocodilurus),(Amphibia+Amphibia+Amphibia+Amphibia+Amphibia+Amphibia+Amphibia+Amphibia+Amphibia+Amphibia+Amphibia+Amphibia)-(Mammalia+Mammalia+Mammalia+Mammalia+Mammalia+Mammalia+Mammalia+Mammalia+Mammalia+Mammalia+Mammalia+Mammalia+Mammalia+Mammalia+Mammalia+Mammalia+Mammalia+Mammalia+Mammalia+Mammalia+Mammalia+Mammalia+Mammalia+Mammalia+Mammalia+Mammalia+Mammalia+Mammalia+Mammalia+Mammalia+Mammalia+Aves+Aves+Aves+Aves+Aves+Aves+Aves+Aves+Aves+Aves+Aves+Aves+Aves+Aves+Aves+Aves+Aves+Aves+Aves+Aves+Aves+Aves+Aves+Aves+Aves+Aves+Reptilia+Reptilia+Reptilia+Reptilia+Reptilia+Reptilia+Reptilia+Reptilia+Reptilia),-3.6509181585718853,-5614.370956659222
