Common Name,Species,Class,Lumbar,D4
(Lion)-(Leopard),(Panthera leo)-(Panthera pardus),(Mammalia)-(Mammalia),0.0,998.0
(Tiger)-(Lion+Leopard),(Panthera tigris)-(Panthera leo+Panthera pardus),(Mammalia)-(Mammalia+Mammalia),0.0,822.0
(Cat)-(Tiger+Lion+Leopard),(Felis catus)-(Panthera tigris+Panthera leo+Panthera pardus),(Mammalia)-(Mammalia+Mammalia+Mammalia),0.0,-13291.980849116386
(Suricate)-(Cat+Tiger+Lion+Leopard),(Suricata suricatta)-(Felis catus+Panthera tigris+Panthera leo+Panthera pardus),(Mammalia)-(Mammalia+Mammalia+Mammalia+Mammalia),-1.0,12388.021095179392
(Ermine)-(American Black Bear),(Mustela erminea)-(Ursus americanus),(Mammalia)-(Mammalia),0.0,-1342.0
(Fox)-(Ermine+American Black Bear),(Vulpes vulpes)-(Mustela erminea+Ursus americanus),(Mammalia)-(Mammalia+Mammalia),1.0,6213.0
(Suricate+Cat+Tiger+Lion+Leopard)-(Fox+Ermine+American Black Bear),(Suricata suricatta+Felis catus+Panthera tigris+Panthera leo+Panthera pardus)-(Vulpes vulpes+Mustela erminea+Ursus americanus),(Mammalia+Mammalia+Mammalia+Mammalia+Mammalia)-(Mammalia+Mammalia+Mammalia),0.19691915347674183,-1566.008462263293
(Suricate+Cat+Tiger+Lion+Leopard+Fox+Ermine+American Black Bear)-(Horse),(Suricata suricatta+Felis catus+Panthera tigris+Panthera leo+Panthera pardus+Vulpes vulpes+Mustela erminea+Ursus americanus)-(Equus caballus),(Mammalia+Mammalia+Mammalia+Mammalia+Mammalia+Mammalia+Mammalia+Mammalia)-(Mammalia),1.4417563118140455,14565.016641334038
(Alpaca)-(Two-Humped Camel),(Vicugna pacos)-(Camelus ferus),(Mammalia)-(Mammalia),0.0,29759.0
(North Pacific Minke Whale)-(Orca),(Balaenoptera acutorostrata scammoni)-(Orcinus orca),(Mammalia)-(Mammalia),1.0999999999999996,25912.0
(Cattle)-(Sheep),(Bos taurus)-(Ovis aries),(Mammalia)-(Mammalia),-1.0,-2766.0
(North Pacific Minke Whale+Orca)-(Cattle+Sheep),(Balaenoptera acutorostrata scammoni+Orcinus orca)-(Bos taurus+Ovis aries),(Mammalia+Mammalia)-(Mammalia+Mammalia),5.049999999999999,-7643.0
(Alpaca+Two-Humped Camel)-(North Pacific Minke Whale+Orca+Cattle+Sheep),(Vicugna pacos+Camelus ferus)-(Balaenoptera acutorostrata scammoni+Orcinus orca+Bos taurus+Ovis aries),(Mammalia+Mammalia)-(Mammalia+Mammalia+Mammalia+Mammalia),-2.209128344860088,-1627.328130739479
(Suricate+Cat+Tiger+Lion+Leopard+Fox+Ermine+American Black Bear+Horse)-(Alpaca+Two-Humped Camel+North Pacific Minke Whale+Orca+Cattle+Sheep),(Suricata suricatta+Felis catus+Panthera tigris+Panthera leo+Panthera pardus+Vulpes vulpes+Mustela erminea+Ursus americanus+Equus caballus)-(Vicugna pacos+Camelus ferus+Balaenoptera acutorostrata scammoni+Orcinus orca+Bos taurus+Ovis aries),(Mammalia+Mammalia+Mammalia+Mammalia+Mammalia+Mammalia+Mammalia+Mammalia+Mammalia)-(Mammalia+Mammalia+Mammalia+Mammalia+Mammalia+Mammalia),-2.460990147345405,-5949.020912995078
(Suricate+Cat+Tiger+Lion+Leopard+Fox+Ermine+American Black Bear+Horse+Alpaca+Two-Humped Camel+North Pacific Minke Whale+Orca+Cattle+Sheep)-(Flying Fox),(Suricata suricatta+Felis catus+Panthera tigris+Panthera leo+Panthera pardus+Vulpes vulpes+Mustela erminea+Ursus americanus+Equus caballus+Vicugna pacos+Camelus ferus+Balaenoptera acutorostrata scammoni+Orcinus orca+Bos taurus+Ovis aries)-(Pteropus vampyrus),(Mammalia+Mammalia+Mammalia+Mammalia+Mammalia+Mammalia+Mammalia+Mammalia+Mammalia+Mammalia+Mammalia+Mammalia+Mammalia+Mammalia+Mammalia)-(Mammalia),3.101390229201309,-20146.7272911013
(Western European Hedgehog)-(Suricate+Cat+Tiger+Lion+Leopard+Fox+Ermine+American Black Bear+Horse+Alpaca+Two-Humped Camel+North Pacific Minke Whale+Orca+Cattle+Sheep+Flying Fox),(Erinaceus europaeus)-(Suricata suricatta+Felis catus+Panthera tigris+Panthera leo+Panthera pardus+Vulpes vulpes+Mustela erminea+Ursus americanus+Equus caballus+Vicugna pacos+Camelus ferus+Balaenoptera acutorostrata scammoni+Orcinus orca+Bos taurus+Ovis aries+Pteropus vampyrus),(Mammalia)-(Mammalia+Mammalia+Mammalia+Mammalia+Mammalia+Mammalia+Mammalia+Mammalia+Mammalia+Mammalia+Mammalia+Mammalia+Mammalia+Mammalia+Mammalia+Mammalia),-1.0186229881202618,1063.0531860819792
(Norway Rat)-(House Mouse),(Rattus norvegicus)-(Mus musculus),(Mammalia)-(Mammalia),0.5,-9939.0
(Norway Rat+House Mouse)-(Guinea Pig),(Rattus norvegicus+Mus musculus)-(Cavia porcellus),(Mammalia+Mammalia)-(Mammalia),0.24096077711077513,-26973.818327407993
(Rabbit)-(Norway Rat+House Mouse+Guinea Pig),(Oryctolagus cuniculus)-(Rattus norvegicus+Mus musculus+Cavia porcellus),(Mammalia)-(Mammalia+Mammalia+Mammalia),0.8740847068438873,-5350.692527307499
(Human)-(Chimpanzee),(Homo sapiens)-(Pan troglodytes),(Mammalia)-(Mammalia),1.0,14733.0
(Gorilla)-(Human+Chimpanzee),(Gorilla gorilla)-(Homo sapiens+Pan troglodytes),(Mammalia)-(Mammalia+Mammalia),0.48270952091476005,5365.759371637159
(Gorilla+Human+Chimpanzee)-(Pig-Tailed Macaque),(Gorilla gorilla+Homo sapiens+Pan troglodytes)-(Macaca nemestrina),(Mammalia+Mammalia+Mammalia)-(Mammalia),-2.309986159506523,-22638.78067840443
(Common Marmoset)-(Gorilla+Human+Chimpanzee+Pig-Tailed Macaque),(Callithrix jacchus)-(Gorilla gorilla+Homo sapiens+Pan troglodytes+Macaca nemestrina),(Mammalia)-(Mammalia+Mammalia+Mammalia+Mammalia),0.27738499414001705,10838.879650083516
(Lemur)-(Common Marmoset+Gorilla+Human+Chimpanzee+Pig-Tailed Macaque),(Lemur catta)-(Callithrix jacchus+Gorilla gorilla+Homo sapiens+Pan troglodytes+Macaca nemestrina),(Mammalia)-(Mammalia+Mammalia+Mammalia+Mammalia+Mammalia),1.170330721901255,-1725.2895816215787
(Rabbit+Norway Rat+House Mouse+Guinea Pig)-(Lemur+Common Marmoset+Gorilla+Human+Chimpanzee+Pig-Tailed Macaque),(Oryctolagus cuniculus+Rattus norvegicus+Mus musculus+Cavia porcellus)-(Lemur catta+Callithrix jacchus+Gorilla gorilla+Homo sapiens+Pan troglodytes+Macaca nemestrina),(Mammalia+Mammalia+Mammalia+Mammalia)-(Mammalia+Mammalia+Mammalia+Mammalia+Mammalia+Mammalia),0.14383693511995865,-7027.823275917268
(Western European Hedgehog+Suricate+Cat+Tiger+Lion+Leopard+Fox+Ermine+American Black Bear+Horse+Alpaca+Two-Humped Camel+North Pacific Minke Whale+Orca+Cattle+Sheep+Flying Fox)-(Rabbit+Norway Rat+House Mouse+Guinea Pig+Lemur+Common Marmoset+Gorilla+Human+Chimpanzee+Pig-Tailed Macaque),(Erinaceus europaeus+Suricata suricatta+Felis catus+Panthera tigris+Panthera leo+Panthera pardus+Vulpes vulpes+Mustela erminea+Ursus americanus+Equus caballus+Vicugna pacos+Camelus ferus+Balaenoptera acutorostrata scammoni+Orcinus orca+Bos taurus+Ovis aries+Pteropus vampyrus)-(Oryctolagus cuniculus+Rattus norvegicus+Mus musculus+Cavia porcellus+Lemur catta+Callithrix jacchus+Gorilla gorilla+Homo sapiens+Pan troglodytes+Macaca nemestrina),(Mammalia+Mammalia+Mammalia+Mammalia+Mammalia+Mammalia+Mammalia+Mammalia+Mammalia+Mammalia+Mammalia+Mammalia+Mammalia+Mammalia+Mammalia+Mammalia+Mammalia)-(Mammalia+Mammalia+Mammalia+Mammalia+Mammalia+Mammalia+Mammalia+Mammalia+Mammalia+Mammalia),-0.04235714184063344,-2628.2876620506686
(African Bush Elephant)-(Linne'S Two-Toed Sloth),(Loxodonta africana)-(Choloepus didactylus),(Mammalia)-(Mammalia),0.0,6913.0
(Western European Hedgehog+Suricate+Cat+Tiger+Lion+Leopard+Fox+Ermine+American Black Bear+Horse+Alpaca+Two-Humped Camel+North Pacific Minke Whale+Orca+Cattle+Sheep+Flying Fox+Rabbit+Norway Rat+House Mouse+Guinea Pig+Lemur+Common Marmoset+Gorilla+Human+Chimpanzee+Pig-Tailed Macaque)-(African Bush Elephant+Linne'S Two-Toed Sloth),(Erinaceus europaeus+Suricata suricatta+Felis catus+Panthera tigris+Panthera leo+Panthera pardus+Vulpes vulpes+Mustela erminea+Ursus americanus+Equus caballus+Vicugna pacos+Camelus ferus+Balaenoptera acutorostrata scammoni+Orcinus orca+Bos taurus+Ovis aries+Pteropus vampyrus+Oryctolagus cuniculus+Rattus norvegicus+Mus musculus+Cavia porcellus+Lemur catta+Callithrix jacchus+Gorilla gorilla+Homo sapiens+Pan troglodytes+Macaca nemestrina)-(Loxodonta africana+Choloepus didactylus),(Mammalia+Mammalia+Mammalia+Mammalia+Mammalia+Mammalia+Mammalia+Mammalia+Mammalia+Mammalia+Mammalia+Mammalia+Mammalia+Mammalia+Mammalia+Mammalia+Mammalia+Mammalia+Mammalia+Mammalia+Mammalia+Mammalia+Mammalia+Mammalia+Mammalia+Mammalia+Mammalia)-(Mammalia+Mammalia),3.343496874299062,1385.22722107124
(Short-Beaked Echidna)-(Platypus),(Tachyglossus aculeatus)-(Ornithorhynchus anatinus),(Mammalia)-(Mammalia),1.0,4937.0
(Western European Hedgehog+Suricate+Cat+Tiger+Lion+Leopard+Fox+Ermine+American Black Bear+Horse+Alpaca+Two-Humped Camel+North Pacific Minke Whale+Orca+Cattle+Sheep+Flying Fox+Rabbit+Norway Rat+House Mouse+Guinea Pig+Lemur+Common Marmoset+Gorilla+Human+Chimpanzee+Pig-Tailed Macaque+African Bush Elephant+Linne'S Two-Toed Sloth)-(Short-Beaked Echidna+Platypus),(Erinaceus europaeus+Suricata suricatta+Felis catus+Panthera tigris+Panthera leo+Panthera pardus+Vulpes vulpes+Mustela erminea+Ursus americanus+Equus caballus+Vicugna pacos+Camelus ferus+Balaenoptera acutorostrata scammoni+Orcinus orca+Bos taurus+Ovis aries+Pteropus vampyrus+Oryctolagus cuniculus+Rattus norvegicus+Mus musculus+Cavia porcellus+Lemur catta+Callithrix jacchus+Gorilla gorilla+Homo sapiens+Pan troglodytes+Macaca nemestrina+Loxodonta africana+Choloepus didactylus)-(Tachyglossus aculeatus+Ornithorhynchus anatinus),(Mammalia+Mammalia+Mammalia+Mammalia+Mammalia+Mammalia+Mammalia+Mammalia+Mammalia+Mammalia+Mammalia+Mammalia+Mammalia+Mammalia+Mammalia+Mammalia+Mammalia+Mammalia+Mammalia+Mammalia+Mammalia+Mammalia+Mammalia+Mammalia+Mammalia+Mammalia+Mammalia+Mammalia+Mammalia)-(Mammalia+Mammalia),2.97615681820728,4415.883964357214
(Southern Cassowary)-(Emu),(Casuarius casuarius)-(Dromaius novaehollandiae),(Aves)-(Aves),0.0,-1673.0
(Okarito Kiwi)-(Southern Cassowary+Emu),(Apteryx rowi)-(Casuarius casuarius+Dromaius novaehollandiae),(Aves)-(Aves+Aves),0.0,2610.5
(Ostrich)-(Okarito Kiwi+Southern Cassowary+Emu),(Struthio camelus australis)-(Apteryx rowi+Casuarius casuarius+Dromaius novaehollandiae),(Aves)-(Aves+Aves+Aves),0.0,-2131.3072982635276
(Golden Pheasant)-(Common Pheasant),(Chrysolophus pictus)-(Phasianus colchicus),(Aves)-(Aves),0.0,4586.0
(Chicken)-(Golden Pheasant+Common Pheasant),(Gallus gallus)-(Chrysolophus pictus+Phasianus colchicus),(Aves)-(Aves+Aves),0.0,-1750.0
(Black Swan)-(Mute Swan),(Cygnus atratus)-(Cygnus olor),(Aves)-(Aves),0.0,-169.0
(Bar-Headed Goose)-(Swan Goose),(Anser indicus)-(Anser cygnoides),(Aves)-(Aves),0.0,-8335.0
(Black Swan+Mute Swan)-(Bar-Headed Goose+Swan Goose),(Cygnus atratus+Cygnus olor)-(Anser indicus+Anser cygnoides),(Aves+Aves)-(Aves+Aves),0.0,-1932.0000000000036
(Eastern Spot-Billed Duck)-(Mallard),(Anas zonorhyncha)-(Anas platyrhynchos),(Aves)-(Aves),0.0,4648.0
(Black Swan+Mute Swan+Bar-Headed Goose+Swan Goose)-(Eastern Spot-Billed Duck+Mallard),(Cygnus atratus+Cygnus olor+Anser indicus+Anser cygnoides)-(Anas zonorhyncha+Anas platyrhynchos),(Aves+Aves+Aves+Aves)-(Aves+Aves),0.0,3612.2877063436426
(Chicken+Golden Pheasant+Common Pheasant)-(Black Swan+Mute Swan+Bar-Headed Goose+Swan Goose+Eastern Spot-Billed Duck+Mallard),(Gallus gallus+Chrysolophus pictus+Phasianus colchicus)-(Cygnus atratus+Cygnus olor+Anser indicus+Anser cygnoides+Anas zonorhyncha+Anas platyrhynchos),(Aves+Aves+Aves)-(Aves+Aves+Aves+Aves+Aves+Aves),0.0,-27.9753144854767
(Common Cuckoo)-(Great Bustard),(Cuculus canorus)-(Otis tarda),(Aves)-(Aves),0.0,-2432.0
(Brown Falcon)-(Merlin),(Falco berigora)-(Falco columbarius),(Aves)-(Aves),0.0,-112.0
(Crow)-(Zebra Finch),(Corvus hawaiiensis)-(Taeniopygia guttata),(Aves)-(Aves),0.0,9524.0
(Barn Swallow)-(Crow+Zebra Finch),(Hirundo rustica)-(Corvus hawaiiensis+Taeniopygia guttata),(Aves)-(Aves+Aves),0.0,-1695.0
(Kakapo)-(Budgerigar),(Strigops habroptila)-(Melopsittacus undulatus),(Aves)-(Aves),0.0,-23135.0
(Barn Swallow+Crow+Zebra Finch)-(Kakapo+Budgerigar),(Hirundo rustica+Corvus hawaiiensis+Taeniopygia guttata)-(Strigops habroptila+Melopsittacus undulatus),(Aves+Aves+Aves)-(Aves+Aves),0.0,-17638.819083533526
(Brown Falcon+Merlin)-(Barn Swallow+Crow+Zebra Finch+Kakapo+Budgerigar),(Falco berigora+Falco columbarius)-(Hirundo rustica+Corvus hawaiiensis+Taeniopygia guttata+Strigops habroptila+Melopsittacus undulatus),(Aves+Aves)-(Aves+Aves+Aves+Aves+Aves),0.0,-8274.226248296865
(Lammergeier)-(Steller'S Sea Eagle),(Gypaetus barbatus)-(Haliaeetus pelagicus),(Aves)-(Aves),0.0,1931.0
(California Condor)-(Lammergeier+Steller'S Sea Eagle),(Gymnogyps californianus)-(Gypaetus barbatus+Haliaeetus pelagicus),(Aves)-(Aves+Aves),0.0,984.5
(Barn Owl)-(Oriental Scops Owl),(Tyto alba)-(Otus sunia),(Aves)-(Aves),0.0,756.0
(California Condor+Lammergeier+Steller'S Sea Eagle)-(Barn Owl+Oriental Scops Owl),(Gymnogyps californianus+Gypaetus barbatus+Haliaeetus pelagicus)-(Tyto alba+Otus sunia),(Aves+Aves+Aves)-(Aves+Aves),0.0,2559.983390894862
(Brown Falcon+Merlin+Barn Swallow+Crow+Zebra Finch+Kakapo+Budgerigar)-(California Condor+Lammergeier+Steller'S Sea Eagle+Barn Owl+Oriental Scops Owl),(Falco berigora+Falco columbarius+Hirundo rustica+Corvus hawaiiensis+Taeniopygia guttata+Strigops habroptila+Melopsittacus undulatus)-(Gymnogyps californianus+Gypaetus barbatus+Haliaeetus pelagicus+Tyto alba+Otus sunia),(Aves+Aves+Aves+Aves+Aves+Aves+Aves)-(Aves+Aves+Aves+Aves+Aves),0.0,6261.700864904535
(Eurasian Woodcock)-(Common Snipe),(Scolopax rusticola)-(Gallinago gallinago),(Aves)-(Aves),0.0,14.0
(Ruff)-(Eurasian Woodcock+Common Snipe),(Calidris pugnax)-(Scolopax rusticola+Gallinago gallinago),(Aves)-(Aves+Aves),0.0,-3984.0
(Common Tern)-(Razorbill),(Sterna hirundo)-(Alca torda),(Aves)-(Aves),0.0,-57.0
(Common Murre)-(Common Tern+Razorbill),(Uria aalge)-(Sterna hirundo+Alca torda),(Aves)-(Aves+Aves),0.0,-23.5
(Atlantic Puffin)-(Common Murre+Common Tern+Razorbill),(Fratercula arctica)-(Uria aalge+Sterna hirundo+Alca torda),(Aves)-(Aves+Aves+Aves),0.0,93.79454628961321
(Ruff+Eurasian Woodcock+Common Snipe)-(Atlantic Puffin+Common Murre+Common Tern+Razorbill),(Calidris pugnax+Scolopax rusticola+Gallinago gallinago)-(Fratercula arctica+Uria aalge+Sterna hirundo+Alca torda),(Aves+Aves+Aves)-(Aves+Aves+Aves+Aves),0.0,-1916.601052281174
(European Golden-Plover)-(Ruff+Eurasian Woodcock+Common Snipe+Atlantic Puffin+Common Murre+Common Tern+Razorbill),(Pluvialis apricaria)-(Calidris pugnax+Scolopax rusticola+Gallinago gallinago+Fratercula arctica+Uria aalge+Sterna hirundo+Alca torda),(Aves)-(Aves+Aves+Aves+Aves+Aves+Aves+Aves),0.0,854.7574415389645
(Royal Penguin)-(Emperor Penguin),(Eudyptes schlegeli)-(Aptenodytes forsteri),(Aves)-(Aves),0.0,2115.0
(Royal Penguin+Emperor Penguin)-(White Stork),(Eudyptes schlegeli+Aptenodytes forsteri)-(Ciconia ciconia),(Aves+Aves)-(Aves),0.0,1676.5
(Eurasian Coot)-(Royal Penguin+Emperor Penguin+White Stork),(Fulica atra)-(Eudyptes schlegeli+Aptenodytes forsteri+Ciconia ciconia),(Aves)-(Aves+Aves+Aves),0.0,1773.519531890306
(European Golden-Plover+Ruff+Eurasian Woodcock+Common Snipe+Atlantic Puffin+Common Murre+Common Tern+Razorbill)-(Eurasian Coot+Royal Penguin+Emperor Penguin+White Stork),(Pluvialis apricaria+Calidris pugnax+Scolopax rusticola+Gallinago gallinago+Fratercula arctica+Uria aalge+Sterna hirundo+Alca torda)-(Fulica atra+Eudyptes schlegeli+Aptenodytes forsteri+Ciconia ciconia),(Aves+Aves+Aves+Aves+Aves+Aves+Aves+Aves)-(Aves+Aves+Aves+Aves),0.0,1163.3283746079687
(Rock Pigeon)-(European Golden-Plover+Ruff+Eurasian Woodcock+Common Snipe+Atlantic Puffin+Common Murre+Common Tern+Razorbill+Eurasian Coot+Royal Penguin+Emperor Penguin+White Stork),(Columba livia)-(Pluvialis apricaria+Calidris pugnax+Scolopax rusticola+Gallinago gallinago+Fratercula arctica+Uria aalge+Sterna hirundo+Alca torda+Fulica atra+Eudyptes schlegeli+Aptenodytes forsteri+Ciconia ciconia),(Aves)-(Aves+Aves+Aves+Aves+Aves+Aves+Aves+Aves+Aves+Aves+Aves+Aves),0.0,1680.3925930084515
(Hoatzin)-(Rock Pigeon+European Golden-Plover+Ruff+Eurasian Woodcock+Common Snipe+Atlantic Puffin+Common Murre+Common Tern+Razorbill+Eurasian Coot+Royal Penguin+Emperor Penguin+White Stork),(Opisthocomus hoazin)-(Columba livia+Pluvialis apricaria+Calidris pugnax+Scolopax rusticola+Gallinago gallinago+Fratercula arctica+Uria aalge+Sterna hirundo+Alca torda+Fulica atra+Eudyptes schlegeli+Aptenodytes forsteri+Ciconia ciconia),(Aves)-(Aves+Aves+Aves+Aves+Aves+Aves+Aves+Aves+Aves+Aves+Aves+Aves+Aves),0.0,1166.734015531143
(Brown Falcon+Merlin+Barn Swallow+Crow+Zebra Finch+Kakapo+Budgerigar+California Condor+Lammergeier+Steller'S Sea Eagle+Barn Owl+Oriental Scops Owl)-(Hoatzin+Rock Pigeon+European Golden-Plover+Ruff+Eurasian Woodcock+Common Snipe+Atlantic Puffin+Common Murre+Common Tern+Razorbill+Eurasian Coot+Royal Penguin+Emperor Penguin+White Stork),(Falco berigora+Falco columbarius+Hirundo rustica+Corvus hawaiiensis+Taeniopygia guttata+Strigops habroptila+Melopsittacus undulatus+Gymnogyps californianus+Gypaetus barbatus+Haliaeetus pelagicus+Tyto alba+Otus sunia)-(Opisthocomus hoazin+Columba livia+Pluvialis apricaria+Calidris pugnax+Scolopax rusticola+Gallinago gallinago+Fratercula arctica+Uria aalge+Sterna hirundo+Alca torda+Fulica atra+Eudyptes schlegeli+Aptenodytes forsteri+Ciconia ciconia),(Aves+Aves+Aves+Aves+Aves+Aves+Aves+Aves+Aves+Aves+Aves+Aves)-(Aves+Aves+Aves+Aves+Aves+Aves+Aves+Aves+Aves+Aves+Aves+Aves+Aves+Aves),0.0,1608.8504826100798
(Common Cuckoo+Great Bustard)-(Brown Falcon+Merlin+Barn Swallow+Crow+Zebra Finch+Kakapo+Budgerigar+California Condor+Lammergeier+Steller'S Sea Eagle+Barn Owl+Oriental Scops Owl+Hoatzin+Rock Pigeon+European Golden-Plover+Ruff+Eurasian Woodcock+Common Snipe+Atlantic Puffin+Common Murre+Common Tern+Razorbill+Eurasian Coot+Royal Penguin+Emperor Penguin+White Stork),(Cuculus canorus+Otis tarda)-(Falco berigora+Falco columbarius+Hirundo rustica+Corvus hawaiiensis+Taeniopygia guttata+Strigops habroptila+Melopsittacus undulatus+Gymnogyps californianus+Gypaetus barbatus+Haliaeetus pelagicus+Tyto alba+Otus sunia+Opisthocomus hoazin+Columba livia+Pluvialis apricaria+Calidris pugnax+Scolopax rusticola+Gallinago gallinago+Fratercula arctica+Uria aalge+Sterna hirundo+Alca torda+Fulica atra+Eudyptes schlegeli+Aptenodytes forsteri+Ciconia ciconia),(Aves+Aves)-(Aves+Aves+Aves+Aves+Aves+Aves+Aves+Aves+Aves+Aves+Aves+Aves+Aves+Aves+Aves+Aves+Aves+Aves+Aves+Aves+Aves+Aves+Aves+Aves+Aves+Aves),0.0,-2058.9474804285346
(Chicken+Golden Pheasant+Common Pheasant+Black Swan+Mute Swan+Bar-Headed Goose+Swan Goose+Eastern Spot-Billed Duck+Mallard)-(Common Cuckoo+Great Bustard+Brown Falcon+Merlin+Barn Swallow+Crow+Zebra Finch+Kakapo+Budgerigar+California Condor+Lammergeier+Steller'S Sea Eagle+Barn Owl+Oriental Scops Owl+Hoatzin+Rock Pigeon+European Golden-Plover+Ruff+Eurasian Woodcock+Common Snipe+Atlantic Puffin+Common Murre+Common Tern+Razorbill+Eurasian Coot+Royal Penguin+Emperor Penguin+White Stork),(Gallus gallus+Chrysolophus pictus+Phasianus colchicus+Cygnus atratus+Cygnus olor+Anser indicus+Anser cygnoides+Anas zonorhyncha+Anas platyrhynchos)-(Cuculus canorus+Otis tarda+Falco berigora+Falco columbarius+Hirundo rustica+Corvus hawaiiensis+Taeniopygia guttata+Strigops habroptila+Melopsittacus undulatus+Gymnogyps californianus+Gypaetus barbatus+Haliaeetus pelagicus+Tyto alba+Otus sunia+Opisthocomus hoazin+Columba livia+Pluvialis apricaria+Calidris pugnax+Scolopax rusticola+Gallinago gallinago+Fratercula arctica+Uria aalge+Sterna hirundo+Alca torda+Fulica atra+Eudyptes schlegeli+Aptenodytes forsteri+Ciconia ciconia),(Aves+Aves+Aves+Aves+Aves+Aves+Aves+Aves+Aves)-(Aves+Aves+Aves+Aves+Aves+Aves+Aves+Aves+Aves+Aves+Aves+Aves+Aves+Aves+Aves+Aves+Aves+Aves+Aves+Aves+Aves+Aves+Aves+Aves+Aves+Aves+Aves+Aves),0.0,-810.3880263525571
(Ostrich+Okarito Kiwi+Southern Cassowary+Emu)-(Chicken+Golden Pheasant+Common Pheasant+Black Swan+Mute Swan+Bar-Headed Goose+Swan Goose+Eastern Spot-Billed Duck+Mallard+Common Cuckoo+Great Bustard+Brown Falcon+Merlin+Barn Swallow+Crow+Zebra Finch+Kakapo+Budgerigar+California Condor+Lammergeier+Steller'S Sea Eagle+Barn Owl+Oriental Scops Owl+Hoatzin+Rock Pigeon+European Golden-Plover+Ruff+Eurasian Woodcock+Common Snipe+Atlantic Puffin+Common Murre+Common Tern+Razorbill+Eurasian Coot+Royal Penguin+Emperor Penguin+White Stork),(Struthio camelus australis+Apteryx rowi+Casuarius casuarius+Dromaius novaehollandiae)-(Gallus gallus+Chrysolophus pictus+Phasianus colchicus+Cygnus atratus+Cygnus olor+Anser indicus+Anser cygnoides+Anas zonorhyncha+Anas platyrhynchos+Cuculus canorus+Otis tarda+Falco berigora+Falco columbarius+Hirundo rustica+Corvus hawaiiensis+Taeniopygia guttata+Strigops habroptila+Melopsittacus undulatus+Gymnogyps californianus+Gypaetus barbatus+Haliaeetus pelagicus+Tyto alba+Otus sunia+Opisthocomus hoazin+Columba livia+Pluvialis apricaria+Calidris pugnax+Scolopax rusticola+Gallinago gallinago+Fratercula arctica+Uria aalge+Sterna hirundo+Alca torda+Fulica atra+Eudyptes schlegeli+Aptenodytes forsteri+Ciconia ciconia),(Aves+Aves+Aves+Aves)-(Aves+Aves+Aves+Aves+Aves+Aves+Aves+Aves+Aves+Aves+Aves+Aves+Aves+Aves+Aves+Aves+Aves+Aves+Aves+Aves+Aves+Aves+Aves+Aves+Aves+Aves+Aves+Aves+Aves+Aves+Aves+Aves+Aves+Aves+Aves+Aves+Aves),0.0,60.84729655061892
(American Alligator)-(Australian Saltwater Crocodile),(Alligator mississippiensis)-(Crocodylus porosus),(Reptilia)-(Reptilia),0.0,-7014.0
(Ostrich+Okarito Kiwi+Southern Cassowary+Emu+Chicken+Golden Pheasant+Common Pheasant+Black Swan+Mute Swan+Bar-Headed Goose+Swan Goose+Eastern Spot-Billed Duck+Mallard+Common Cuckoo+Great Bustard+Brown Falcon+Merlin+Barn Swallow+Crow+Zebra Finch+Kakapo+Budgerigar+California Condor+Lammergeier+Steller'S Sea Eagle+Barn Owl+Oriental Scops Owl+Hoatzin+Rock Pigeon+European Golden-Plover+Ruff+Eurasian Woodcock+Common Snipe+Atlantic Puffin+Common Murre+Common Tern+Razorbill+Eurasian Coot+Royal Penguin+Emperor Penguin+White Stork)-(American Alligator+Australian Saltwater Crocodile),(Struthio camelus australis+Apteryx rowi+Casuarius casuarius+Dromaius novaehollandiae+Gallus gallus+Chrysolophus pictus+Phasianus colchicus+Cygnus atratus+Cygnus olor+Anser indicus+Anser cygnoides+Anas zonorhyncha+Anas platyrhynchos+Cuculus canorus+Otis tarda+Falco berigora+Falco columbarius+Hirundo rustica+Corvus hawaiiensis+Taeniopygia guttata+Strigops habroptila+Melopsittacus undulatus+Gymnogyps californianus+Gypaetus barbatus+Haliaeetus pelagicus+Tyto alba+Otus sunia+Opisthocomus hoazin+Columba livia+Pluvialis apricaria+Calidris pugnax+Scolopax rusticola+Gallinago gallinago+Fratercula arctica+Uria aalge+Sterna hirundo+Alca torda+Fulica atra+Eudyptes schlegeli+Aptenodytes forsteri+Ciconia ciconia)-(Alligator mississippiensis+Crocodylus porosus),(Aves+Aves+Aves+Aves+Aves+Aves+Aves+Aves+Aves+Aves+Aves+Aves+Aves+Aves+Aves+Aves+Aves+Aves+Aves+Aves+Aves+Aves+Aves+Aves+Aves+Aves+Aves+Aves+Aves+Aves+Aves+Aves+Aves+Aves+Aves+Aves+Aves+Aves+Aves+Aves+Aves)-(Reptilia+Reptilia),-4.0,-8203.820407354502
(Green Sea Turtle)-(Snapping Turtle),(Chelonia mydas)-(Chelydra serpentina),(Reptilia)-(Reptilia),0.0,-4128.0
(Chinese Soft-Shelled Turtle)-(Green Sea Turtle+Snapping Turtle),(Pelodiscus sinensis)-(Chelonia mydas+Chelydra serpentina),(Reptilia)-(Reptilia+Reptilia),-1.0,6474.0
(West African Mud Turtle)-(Chinese Soft-Shelled Turtle+Green Sea Turtle+Snapping Turtle),(Pelusios castaneus)-(Pelodiscus sinensis+Chelonia mydas+Chelydra serpentina),(Reptilia)-(Reptilia+Reptilia+Reptilia),-0.5923748193108708,-610.9654197814234
(Ostrich+Okarito Kiwi+Southern Cassowary+Emu+Chicken+Golden Pheasant+Common Pheasant+Black Swan+Mute Swan+Bar-Headed Goose+Swan Goose+Eastern Spot-Billed Duck+Mallard+Common Cuckoo+Great Bustard+Brown Falcon+Merlin+Barn Swallow+Crow+Zebra Finch+Kakapo+Budgerigar+California Condor+Lammergeier+Steller'S Sea Eagle+Barn Owl+Oriental Scops Owl+Hoatzin+Rock Pigeon+European Golden-Plover+Ruff+Eurasian Woodcock+Common Snipe+Atlantic Puffin+Common Murre+Common Tern+Razorbill+Eurasian Coot+Royal Penguin+Emperor Penguin+White Stork+American Alligator+Australian Saltwater Crocodile)-(West African Mud Turtle+Chinese Soft-Shelled Turtle+Green Sea Turtle+Snapping Turtle),(Struthio camelus australis+Apteryx rowi+Casuarius casuarius+Dromaius novaehollandiae+Gallus gallus+Chrysolophus pictus+Phasianus colchicus+Cygnus atratus+Cygnus olor+Anser indicus+Anser cygnoides+Anas zonorhyncha+Anas platyrhynchos+Cuculus canorus+Otis tarda+Falco berigora+Falco columbarius+Hirundo rustica+Corvus hawaiiensis+Taeniopygia guttata+Strigops habroptila+Melopsittacus undulatus+Gymnogyps californianus+Gypaetus barbatus+Haliaeetus pelagicus+Tyto alba+Otus sunia+Opisthocomus hoazin+Columba livia+Pluvialis apricaria+Calidris pugnax+Scolopax rusticola+Gallinago gallinago+Fratercula arctica+Uria aalge+Sterna hirundo+Alca torda+Fulica atra+Eudyptes schlegeli+Aptenodytes forsteri+Ciconia ciconia+Alligator mississippiensis+Crocodylus porosus)-(Pelusios castaneus+Pelodiscus sinensis+Chelonia mydas+Chelydra serpentina),(Aves+Aves+Aves+Aves+Aves+Aves+Aves+Aves+Aves+Aves+Aves+Aves+Aves+Aves+Aves+Aves+Aves+Aves+Aves+Aves+Aves+Aves+Aves+Aves+Aves+Aves+Aves+Aves+Aves+Aves+Aves+Aves+Aves+Aves+Aves+Aves+Aves+Aves+Aves+Aves+Aves+Reptilia+Reptilia)-(Reptilia+Reptilia+Reptilia+Reptilia),1.3551568406065972,3090.6320822864
(Desert Horned Lizard)-(Chinese Crocodile Lizard),(Phrynosoma platyrhinos)-(Shinisaurus crocodilurus),(Reptilia)-(Reptilia),-1.0,3482.0
(Regal Horned Lizard)-(Desert Horned Lizard+Chinese Crocodile Lizard),(Sphenodon punctatus)-(Phrynosoma platyrhinos+Shinisaurus crocodilurus),(Reptilia)-(Reptilia+Reptilia),-0.5,-7371.999999999996
(Ostrich+Okarito Kiwi+Southern Cassowary+Emu+Chicken+Golden Pheasant+Common Pheasant+Black Swan+Mute Swan+Bar-Headed Goose+Swan Goose+Eastern Spot-Billed Duck+Mallard+Common Cuckoo+Great Bustard+Brown Falcon+Merlin+Barn Swallow+Crow+Zebra Finch+Kakapo+Budgerigar+California Condor+Lammergeier+Steller'S Sea Eagle+Barn Owl+Oriental Scops Owl+Hoatzin+Rock Pigeon+European Golden-Plover+Ruff+Eurasian Woodcock+Common Snipe+Atlantic Puffin+Common Murre+Common Tern+Razorbill+Eurasian Coot+Royal Penguin+Emperor Penguin+White Stork+American Alligator+Australian Saltwater Crocodile+West African Mud Turtle+Chinese Soft-Shelled Turtle+Green Sea Turtle+Snapping Turtle)-(Regal Horned Lizard+Desert Horned Lizard+Chinese Crocodile Lizard),(Struthio camelus australis+Apteryx rowi+Casuarius casuarius+Dromaius novaehollandiae+Gallus gallus+Chrysolophus pictus+Phasianus colchicus+Cygnus atratus+Cygnus olor+Anser indicus+Anser cygnoides+Anas zonorhyncha+Anas platyrhynchos+Cuculus canorus+Otis tarda+Falco berigora+Falco columbarius+Hirundo rustica+Corvus hawaiiensis+Taeniopygia guttata+Strigops habroptila+Melopsittacus undulatus+Gymnogyps californianus+Gypaetus barbatus+Haliaeetus pelagicus+Tyto alba+Otus sunia+Opisthocomus hoazin+Columba livia+Pluvialis apricaria+Calidris pugnax+Scolopax rusticola+Gallinago gallinago+Fratercula arctica+Uria aalge+Sterna hirundo+Alca torda+Fulica atra+Eudyptes schlegeli+Aptenodytes forsteri+Ciconia ciconia+Alligator mississippiensis+Crocodylus porosus+Pelusios castaneus+Pelodiscus sinensis+Chelonia mydas+Chelydra serpentina)-(Sphenodon punctatus+Phrynosoma platyrhinos+Shinisaurus crocodilurus),(Aves+Aves+Aves+Aves+Aves+Aves+Aves+Aves+Aves+Aves+Aves+Aves+Aves+Aves+Aves+Aves+Aves+Aves+Aves+Aves+Aves+Aves+Aves+Aves+Aves+Aves+Aves+Aves+Aves+Aves+Aves+Aves+Aves+Aves+Aves+Aves+Aves+Aves+Aves+Aves+Aves+Reptilia+Reptilia+Reptilia+Reptilia+Reptilia+Reptilia)-(Reptilia+Reptilia+Reptilia),0.841152793796043,-7952.584497186912
(Western European Hedgehog+Suricate+Cat+Tiger+Lion+Leopard+Fox+Ermine+American Black Bear+Horse+Alpaca+Two-Humped Camel+North Pacific Minke Whale+Orca+Cattle+Sheep+Flying Fox+Rabbit+Norway Rat+House Mouse+Guinea Pig+Lemur+Common Marmoset+Gorilla+Human+Chimpanzee+Pig-Tailed Macaque+African Bush Elephant+Linne'S Two-Toed Sloth+Short-Beaked Echidna+Platypus)-(Ostrich+Okarito Kiwi+Southern Cassowary+Emu+Chicken+Golden Pheasant+Common Pheasant+Black Swan+Mute Swan+Bar-Headed Goose+Swan Goose+Eastern Spot-Billed Duck+Mallard+Common Cuckoo+Great Bustard+Brown Falcon+Merlin+Barn Swallow+Crow+Zebra Finch+Kakapo+Budgerigar+California Condor+Lammergeier+Steller'S Sea Eagle+Barn Owl+Oriental Scops Owl+Hoatzin+Rock Pigeon+European Golden-Plover+Ruff+Eurasian Woodcock+Common Snipe+Atlantic Puffin+Common Murre+Common Tern+Razorbill+Eurasian Coot+Royal Penguin+Emperor Penguin+White Stork+American Alligator+Australian Saltwater Crocodile+West African Mud Turtle+Chinese Soft-Shelled Turtle+Green Sea Turtle+Snapping Turtle+Regal Horned Lizard+Desert Horned Lizard+Chinese Crocodile Lizard),(Erinaceus europaeus+Suricata suricatta+Felis catus+Panthera tigris+Panthera leo+Panthera pardus+Vulpes vulpes+Mustela erminea+Ursus americanus+Equus caballus+Vicugna pacos+Camelus ferus+Balaenoptera acutorostrata scammoni+Orcinus orca+Bos taurus+Ovis aries+Pteropus vampyrus+Oryctolagus cuniculus+Rattus norvegicus+Mus musculus+Cavia porcellus+Lemur catta+Callithrix jacchus+Gorilla gorilla+Homo sapiens+Pan troglodytes+Macaca nemestrina+Loxodonta africana+Choloepus didactylus+Tachyglossus aculeatus+Ornithorhynchus anatinus)-(Struthio camelus australis+Apteryx rowi+Casuarius casuarius+Dromaius novaehollandiae+Gallus gallus+Chrysolophus pictus+Phasianus colchicus+Cygnus atratus+Cygnus olor+Anser indicus+Anser cygnoides+Anas zonorhyncha+Anas platyrhynchos+Cuculus canorus+Otis tarda+Falco berigora+Falco columbarius+Hirundo rustica+Corvus hawaiiensis+Taeniopygia guttata+Strigops habroptila+Melopsittacus undulatus+Gymnogyps californianus+Gypaetus barbatus+Haliaeetus pelagicus+Tyto alba+Otus sunia+Opisthocomus hoazin+Columba livia+Pluvialis apricaria+Calidris pugnax+Scolopax rusticola+Gallinago gallinago+Fratercula arctica+Uria aalge+Sterna hirundo+Alca torda+Fulica atra+Eudyptes schlegeli+Aptenodytes forsteri+Ciconia ciconia+Alligator mississippiensis+Crocodylus porosus+Pelusios castaneus+Pelodiscus sinensis+Chelonia mydas+Chelydra serpentina+Sphenodon punctatus+Phrynosoma platyrhinos+Shinisaurus crocodilurus),(Mammalia+Mammalia+Mammalia+Mammalia+Mammalia+Mammalia+Mammalia+Mammalia+Mammalia+Mammalia+Mammalia+Mammalia+Mammalia+Mammalia+Mammalia+Mammalia+Mammalia+Mammalia+Mammalia+Mammalia+Mammalia+Mammalia+Mammalia+Mammalia+Mammalia+Mammalia+Mammalia+Mammalia+Mammalia+Mammalia+Mammalia)-(Aves+Aves+Aves+Aves+Aves+Aves+Aves+Aves+Aves+Aves+Aves+Aves+Aves+Aves+Aves+Aves+Aves+Aves+Aves+Aves+Aves+Aves+Aves+Aves+Aves+Aves+Aves+Aves+Aves+Aves+Aves+Aves+Aves+Aves+Aves+Aves+Aves+Aves+Aves+Aves+Aves+Reptilia+Reptilia+Reptilia+Reptilia+Reptilia+Reptilia+Reptilia+Reptilia+Reptilia),3.523682428115467,-3034.3976377696163
(Axolotl)-(Iberian Ribbed Newt),(Ambystoma mexicanum)-(Pleurodeles waltl),(Amphibia)-(Amphibia),0.0,446624.0
(Common Toad)-(Asiatic Toad),(Bufo bufo)-(Bufo gargarizans),(Amphibia)-(Amphibia),0.0,-791.0
(Common Toad+Asiatic Toad)-(Common Frog),(Bufo bufo+Bufo gargarizans)-(Rana temporaria),(Amphibia+Amphibia)-(Amphibia),0.0,-13164.499999999996
(African Clawed Frog)-(Western Clawed Frog),(Xenopus laevis)-(Xenopus tropicalis),(Amphibia)-(Amphibia),0.0,5478.0
(Common Toad+Asiatic Toad+Common Frog)-(African Clawed Frog+Western Clawed Frog),(Bufo bufo+Bufo gargarizans+Rana temporaria)-(Xenopus laevis+Xenopus tropicalis),(Amphibia+Amphibia+Amphibia)-(Amphibia+Amphibia),0.0,10045.846908685759
(European Fire-Bellied Toad)-(Painted Frog),(Bombina bombina)-(Discoglossus pictus),(Amphibia)-(Amphibia),0.0,-5103.0
(Common Toad+Asiatic Toad+Common Frog+African Clawed Frog+Western Clawed Frog)-(European Fire-Bellied Toad+Painted Frog),(Bufo bufo+Bufo gargarizans+Rana temporaria+Xenopus laevis+Xenopus tropicalis)-(Bombina bombina+Discoglossus pictus),(Amphibia+Amphibia+Amphibia+Amphibia+Amphibia)-(Amphibia+Amphibia),0.0,10091.452170918517
(Axolotl+Iberian Ribbed Newt)-(Common Toad+Asiatic Toad+Common Frog+African Clawed Frog+Western Clawed Frog+European Fire-Bellied Toad+Painted Frog),(Ambystoma mexicanum+Pleurodeles waltl)-(Bufo bufo+Bufo gargarizans+Rana temporaria+Xenopus laevis+Xenopus tropicalis+Bombina bombina+Discoglossus pictus),(Amphibia+Amphibia)-(Amphibia+Amphibia+Amphibia+Amphibia+Amphibia+Amphibia+Amphibia),0.0,343927.8331284281
(Western European Hedgehog+Suricate+Cat+Tiger+Lion+Leopard+Fox+Ermine+American Black Bear+Horse+Alpaca+Two-Humped Camel+North Pacific Minke Whale+Orca+Cattle+Sheep+Flying Fox+Rabbit+Norway Rat+House Mouse+Guinea Pig+Lemur+Common Marmoset+Gorilla+Human+Chimpanzee+Pig-Tailed Macaque+African Bush Elephant+Linne'S Two-Toed Sloth+Short-Beaked Echidna+Platypus+Ostrich+Okarito Kiwi+Southern Cassowary+Emu+Chicken+Golden Pheasant+Common Pheasant+Black Swan+Mute Swan+Bar-Headed Goose+Swan Goose+Eastern Spot-Billed Duck+Mallard+Common Cuckoo+Great Bustard+Brown Falcon+Merlin+Barn Swallow+Crow+Zebra Finch+Kakapo+Budgerigar+California Condor+Lammergeier+Steller'S Sea Eagle+Barn Owl+Oriental Scops Owl+Hoatzin+Rock Pigeon+European Golden-Plover+Ruff+Eurasian Woodcock+Common Snipe+Atlantic Puffin+Common Murre+Common Tern+Razorbill+Eurasian Coot+Royal Penguin+Emperor Penguin+White Stork+American Alligator+Australian Saltwater Crocodile+West African Mud Turtle+Chinese Soft-Shelled Turtle+Green Sea Turtle+Snapping Turtle+Regal Horned Lizard+Desert Horned Lizard+Chinese Crocodile Lizard)-(Axolotl+Iberian Ribbed Newt+Common Toad+Asiatic Toad+Common Frog+African Clawed Frog+Western Clawed Frog+European Fire-Bellied Toad+Painted Frog),(Erinaceus europaeus+Suricata suricatta+Felis catus+Panthera tigris+Panthera leo+Panthera pardus+Vulpes vulpes+Mustela erminea+Ursus americanus+Equus caballus+Vicugna pacos+Camelus ferus+Balaenoptera acutorostrata scammoni+Orcinus orca+Bos taurus+Ovis aries+Pteropus vampyrus+Oryctolagus cuniculus+Rattus norvegicus+Mus musculus+Cavia porcellus+Lemur catta+Callithrix jacchus+Gorilla gorilla+Homo sapiens+Pan troglodytes+Macaca nemestrina+Loxodonta africana+Choloepus didactylus+Tachyglossus aculeatus+Ornithorhynchus anatinus+Struthio camelus australis+Apteryx rowi+Casuarius casuarius+Dromaius novaehollandiae+Gallus gallus+Chrysolophus pictus+Phasianus colchicus+Cygnus atratus+Cygnus olor+Anser indicus+Anser cygnoides+Anas zonorhyncha+Anas platyrhynchos+Cuculus canorus+Otis tarda+Falco berigora+Falco columbarius+Hirundo rustica+Corvus hawaiiensis+Taeniopygia guttata+Strigops habroptila+Melopsittacus undulatus+Gymnogyps californianus+Gypaetus barbatus+Haliaeetus pelagicus+Tyto alba+Otus sunia+Opisthocomus hoazin+Columba livia+Pluvialis apricaria+Calidris pugnax+Scolopax rusticola+Gallinago gallinago+Fratercula arctica+Uria aalge+Sterna hirundo+Alca torda+Fulica atra+Eudyptes schlegeli+Aptenodytes forsteri+Ciconia ciconia+Alligator mississippiensis+Crocodylus porosus+Pelusios castaneus+Pelodiscus sinensis+Chelonia mydas+Chelydra serpentina+Sphenodon punctatus+Phrynosoma platyrhinos+Shinisaurus crocodilurus)-(Ambystoma mexicanum+Pleurodeles waltl+Bufo bufo+Bufo gargarizans+Rana temporaria+Xenopus laevis+Xenopus tropicalis+Bombina bombina+Discoglossus pictus),(Mammalia+Mammalia+Mammalia+Mammalia+Mammalia+Mammalia+Mammalia+Mammalia+Mammalia+Mammalia+Mammalia+Mammalia+Mammalia+Mammalia+Mammalia+Mammalia+Mammalia+Mammalia+Mammalia+Mammalia+Mammalia+Mammalia+Mammalia+Mammalia+Mammalia+Mammalia+Mammalia+Mammalia+Mammalia+Mammalia+Mammalia+Aves+Aves+Aves+Aves+Aves+Aves+Aves+Aves+Aves+Aves+Aves+Aves+Aves+Aves+Aves+Aves+Aves+Aves+Aves+Aves+Aves+Aves+Aves+Aves+Aves+Aves+Aves+Aves+Aves+Aves+Aves+Aves+Aves+Aves+Aves+Aves+Aves+Aves+Aves+Aves+Aves+Reptilia+Reptilia+Reptilia+Reptilia+Reptilia+Reptilia+Reptilia+Reptilia+Reptilia)-(Amphibia+Amphibia+Amphibia+Amphibia+Amphibia+Amphibia+Amphibia+Amphibia+Amphibia),1.9178493561435066,-136222.41285450605
