Common Name,Species,Class,Thoracic,D4
(Lion)-(Leopard),(Panthera leo)-(Panthera pardus),(Mammalia)-(Mammalia),0.0,410.1754733268665
(Tiger)-(Lion+Leopard),(Panthera tigris)-(Panthera leo+Panthera pardus),(Mammalia)-(Mammalia+Mammalia),5.442639099109343e-16,251.85532772674108
(Cat)-(Tiger+Lion+Leopard),(Felis catus)-(Panthera tigris+Panthera leo+Panthera pardus),(Mammalia)-(Mammalia+Mammalia+Mammalia),0.0,-2993.0306208604006
(Suricate)-(Cat+Tiger+Lion+Leopard),(Suricata suricatta)-(Felis catus+Panthera tigris+Panthera leo+Panthera pardus),(Mammalia)-(Mammalia+Mammalia+Mammalia+Mammalia),0.24483219016254948,1516.4931682563176
(Ermine)-(American Black Bear),(Mustela erminea)-(Ursus americanus),(Mammalia)-(Mammalia),0.0,-149.81560617119524
(Fox)-(Ermine+American Black Bear),(Vulpes vulpes)-(Mustela erminea+Ursus americanus),(Mammalia)-(Mammalia+Mammalia),-0.11940351705851215,741.8540514845361
(Suricate+Cat+Tiger+Lion+Leopard)-(Fox+Ermine+American Black Bear),(Suricata suricatta+Felis catus+Panthera tigris+Panthera leo+Panthera pardus)-(Vulpes vulpes+Mustela erminea+Ursus americanus),(Mammalia+Mammalia+Mammalia+Mammalia+Mammalia)-(Mammalia+Mammalia+Mammalia),0.03183684376848051,-200.09827032563484
(Suricate+Cat+Tiger+Lion+Leopard+Fox+Ermine+American Black Bear)-(Horse),(Suricata suricatta+Felis catus+Panthera tigris+Panthera leo+Panthera pardus+Vulpes vulpes+Mustela erminea+Ursus americanus)-(Equus caballus),(Mammalia+Mammalia+Mammalia+Mammalia+Mammalia+Mammalia+Mammalia+Mammalia)-(Mammalia),-0.5047982885291403,1400.5206630377786
(Alpaca)-(Two-Humped Camel),(Vicugna pacos)-(Camelus ferus),(Mammalia)-(Mammalia),0.0,4601.011575859385
(Orca)-(Bottle-Nose Dolphin),(Orcinus orca)-(Tursiops truncatus),(Mammalia)-(Mammalia),-0.4544560275246305,-4678.62480336607
(Narwhal)-(Orca+Bottle-Nose Dolphin),(Monodon monoceros)-(Orcinus orca+Tursiops truncatus),(Mammalia)-(Mammalia+Mammalia),0.0,4387.837142414828
(Narwhal+Orca+Bottle-Nose Dolphin)-(North Pacific Minke Whale),(Monodon monoceros+Orcinus orca+Tursiops truncatus)-(Balaenoptera acutorostrata scammoni),(Mammalia+Mammalia+Mammalia)-(Mammalia),0.1959979146381059,-710.6900463815809
(Cattle)-(Sheep),(Bos taurus)-(Ovis aries),(Mammalia)-(Mammalia),0.0,-420.5840452644653
(Narwhal+Orca+Bottle-Nose Dolphin+North Pacific Minke Whale)-(Cattle+Sheep),(Monodon monoceros+Orcinus orca+Tursiops truncatus+Balaenoptera acutorostrata scammoni)-(Bos taurus+Ovis aries),(Mammalia+Mammalia+Mammalia+Mammalia)-(Mammalia+Mammalia),-0.17606887357853634,230.41443623760327
(Alpaca+Two-Humped Camel)-(Narwhal+Orca+Bottle-Nose Dolphin+North Pacific Minke Whale+Cattle+Sheep),(Vicugna pacos+Camelus ferus)-(Monodon monoceros+Orcinus orca+Tursiops truncatus+Balaenoptera acutorostrata scammoni+Bos taurus+Ovis aries),(Mammalia+Mammalia)-(Mammalia+Mammalia+Mammalia+Mammalia+Mammalia+Mammalia),-0.011201369807456181,-768.9103332838639
(Suricate+Cat+Tiger+Lion+Leopard+Fox+Ermine+American Black Bear+Horse)-(Alpaca+Two-Humped Camel+Narwhal+Orca+Bottle-Nose Dolphin+North Pacific Minke Whale+Cattle+Sheep),(Suricata suricatta+Felis catus+Panthera tigris+Panthera leo+Panthera pardus+Vulpes vulpes+Mustela erminea+Ursus americanus+Equus caballus)-(Vicugna pacos+Camelus ferus+Monodon monoceros+Orcinus orca+Tursiops truncatus+Balaenoptera acutorostrata scammoni+Bos taurus+Ovis aries),(Mammalia+Mammalia+Mammalia+Mammalia+Mammalia+Mammalia+Mammalia+Mammalia+Mammalia)-(Mammalia+Mammalia+Mammalia+Mammalia+Mammalia+Mammalia+Mammalia+Mammalia),0.44883910869114085,-1276.08002593108
(Suricate+Cat+Tiger+Lion+Leopard+Fox+Ermine+American Black Bear+Horse+Alpaca+Two-Humped Camel+Narwhal+Orca+Bottle-Nose Dolphin+North Pacific Minke Whale+Cattle+Sheep)-(Flying Fox),(Suricata suricatta+Felis catus+Panthera tigris+Panthera leo+Panthera pardus+Vulpes vulpes+Mustela erminea+Ursus americanus+Equus caballus+Vicugna pacos+Camelus ferus+Monodon monoceros+Orcinus orca+Tursiops truncatus+Balaenoptera acutorostrata scammoni+Bos taurus+Ovis aries)-(Pteropus vampyrus),(Mammalia+Mammalia+Mammalia+Mammalia+Mammalia+Mammalia+Mammalia+Mammalia+Mammalia+Mammalia+Mammalia+Mammalia+Mammalia+Mammalia+Mammalia+Mammalia+Mammalia)-(Mammalia),-0.011863838921676048,-1855.672028738376
(Western European Hedgehog)-(Suricate+Cat+Tiger+Lion+Leopard+Fox+Ermine+American Black Bear+Horse+Alpaca+Two-Humped Camel+Narwhal+Orca+Bottle-Nose Dolphin+North Pacific Minke Whale+Cattle+Sheep+Flying Fox),(Erinaceus europaeus)-(Suricata suricatta+Felis catus+Panthera tigris+Panthera leo+Panthera pardus+Vulpes vulpes+Mustela erminea+Ursus americanus+Equus caballus+Vicugna pacos+Camelus ferus+Monodon monoceros+Orcinus orca+Tursiops truncatus+Balaenoptera acutorostrata scammoni+Bos taurus+Ovis aries+Pteropus vampyrus),(Mammalia)-(Mammalia+Mammalia+Mammalia+Mammalia+Mammalia+Mammalia+Mammalia+Mammalia+Mammalia+Mammalia+Mammalia+Mammalia+Mammalia+Mammalia+Mammalia+Mammalia+Mammalia+Mammalia),0.10611072557488567,-23.149088063790405
(Norway Rat)-(House Mouse),(Rattus norvegicus)-(Mus musculus),(Mammalia)-(Mammalia),-0.10544361212183397,-2096.0081217578154
(Norway Rat+House Mouse)-(Guinea Pig),(Rattus norvegicus+Mus musculus)-(Cavia porcellus),(Mammalia+Mammalia)-(Mammalia),-0.06406012007578332,-2332.034426564241
(Rabbit)-(Norway Rat+House Mouse+Guinea Pig),(Oryctolagus cuniculus)-(Rattus norvegicus+Mus musculus+Cavia porcellus),(Mammalia)-(Mammalia+Mammalia+Mammalia),-0.10099385075773148,-485.60709686732787
(Human)-(Chimpanzee),(Homo sapiens)-(Pan troglodytes),(Mammalia)-(Mammalia),-0.31038557713349346,4572.9107079077585
(Gorilla)-(Human+Chimpanzee),(Gorilla gorilla)-(Homo sapiens+Pan troglodytes),(Mammalia)-(Mammalia+Mammalia),-0.13190609351088556,1466.2572971231343
(Gorilla+Human+Chimpanzee)-(Pig-Tailed Macaque),(Gorilla gorilla+Homo sapiens+Pan troglodytes)-(Macaca nemestrina),(Mammalia+Mammalia+Mammalia)-(Mammalia),0.04293896099151592,-3135.9003963047207
(Common Marmoset)-(Gorilla+Human+Chimpanzee+Pig-Tailed Macaque),(Callithrix jacchus)-(Gorilla gorilla+Homo sapiens+Pan troglodytes+Macaca nemestrina),(Mammalia)-(Mammalia+Mammalia+Mammalia+Mammalia),0.09913162140618464,1296.7634464869723
(Lemur)-(Common Marmoset+Gorilla+Human+Chimpanzee+Pig-Tailed Macaque),(Lemur catta)-(Callithrix jacchus+Gorilla gorilla+Homo sapiens+Pan troglodytes+Macaca nemestrina),(Mammalia)-(Mammalia+Mammalia+Mammalia+Mammalia+Mammalia),-0.04462394617091303,-156.73656891136807
(Rabbit+Norway Rat+House Mouse+Guinea Pig)-(Lemur+Common Marmoset+Gorilla+Human+Chimpanzee+Pig-Tailed Macaque),(Oryctolagus cuniculus+Rattus norvegicus+Mus musculus+Cavia porcellus)-(Lemur catta+Callithrix jacchus+Gorilla gorilla+Homo sapiens+Pan troglodytes+Macaca nemestrina),(Mammalia+Mammalia+Mammalia+Mammalia)-(Mammalia+Mammalia+Mammalia+Mammalia+Mammalia+Mammalia),0.048060026746576126,-795.039756543771
(Western European Hedgehog+Suricate+Cat+Tiger+Lion+Leopard+Fox+Ermine+American Black Bear+Horse+Alpaca+Two-Humped Camel+Narwhal+Orca+Bottle-Nose Dolphin+North Pacific Minke Whale+Cattle+Sheep+Flying Fox)-(Rabbit+Norway Rat+House Mouse+Guinea Pig+Lemur+Common Marmoset+Gorilla+Human+Chimpanzee+Pig-Tailed Macaque),(Erinaceus europaeus+Suricata suricatta+Felis catus+Panthera tigris+Panthera leo+Panthera pardus+Vulpes vulpes+Mustela erminea+Ursus americanus+Equus caballus+Vicugna pacos+Camelus ferus+Monodon monoceros+Orcinus orca+Tursiops truncatus+Balaenoptera acutorostrata scammoni+Bos taurus+Ovis aries+Pteropus vampyrus)-(Oryctolagus cuniculus+Rattus norvegicus+Mus musculus+Cavia porcellus+Lemur catta+Callithrix jacchus+Gorilla gorilla+Homo sapiens+Pan troglodytes+Macaca nemestrina),(Mammalia+Mammalia+Mammalia+Mammalia+Mammalia+Mammalia+Mammalia+Mammalia+Mammalia+Mammalia+Mammalia+Mammalia+Mammalia+Mammalia+Mammalia+Mammalia+Mammalia+Mammalia+Mammalia)-(Mammalia+Mammalia+Mammalia+Mammalia+Mammalia+Mammalia+Mammalia+Mammalia+Mammalia+Mammalia),0.22314561699818286,-221.90915787016112
(African Bush Elephant)-(Linne'S Two-Toed Sloth),(Loxodonta africana)-(Choloepus didactylus),(Mammalia)-(Mammalia),-0.17965705071026325,496.7876766240199
(Western European Hedgehog+Suricate+Cat+Tiger+Lion+Leopard+Fox+Ermine+American Black Bear+Horse+Alpaca+Two-Humped Camel+Narwhal+Orca+Bottle-Nose Dolphin+North Pacific Minke Whale+Cattle+Sheep+Flying Fox+Rabbit+Norway Rat+House Mouse+Guinea Pig+Lemur+Common Marmoset+Gorilla+Human+Chimpanzee+Pig-Tailed Macaque)-(African Bush Elephant+Linne'S Two-Toed Sloth),(Erinaceus europaeus+Suricata suricatta+Felis catus+Panthera tigris+Panthera leo+Panthera pardus+Vulpes vulpes+Mustela erminea+Ursus americanus+Equus caballus+Vicugna pacos+Camelus ferus+Monodon monoceros+Orcinus orca+Tursiops truncatus+Balaenoptera acutorostrata scammoni+Bos taurus+Ovis aries+Pteropus vampyrus+Oryctolagus cuniculus+Rattus norvegicus+Mus musculus+Cavia porcellus+Lemur catta+Callithrix jacchus+Gorilla gorilla+Homo sapiens+Pan troglodytes+Macaca nemestrina)-(Loxodonta africana+Choloepus didactylus),(Mammalia+Mammalia+Mammalia+Mammalia+Mammalia+Mammalia+Mammalia+Mammalia+Mammalia+Mammalia+Mammalia+Mammalia+Mammalia+Mammalia+Mammalia+Mammalia+Mammalia+Mammalia+Mammalia+Mammalia+Mammalia+Mammalia+Mammalia+Mammalia+Mammalia+Mammalia+Mammalia+Mammalia+Mammalia)-(Mammalia+Mammalia),-1.0142307819697511,233.2202053719764
(Short-Beaked Echidna)-(Platypus),(Tachyglossus aculeatus)-(Ornithorhynchus anatinus),(Mammalia)-(Mammalia),-0.10344143739142002,510.69037640144063
(Western European Hedgehog+Suricate+Cat+Tiger+Lion+Leopard+Fox+Ermine+American Black Bear+Horse+Alpaca+Two-Humped Camel+Narwhal+Orca+Bottle-Nose Dolphin+North Pacific Minke Whale+Cattle+Sheep+Flying Fox+Rabbit+Norway Rat+House Mouse+Guinea Pig+Lemur+Common Marmoset+Gorilla+Human+Chimpanzee+Pig-Tailed Macaque+African Bush Elephant+Linne'S Two-Toed Sloth)-(Short-Beaked Echidna+Platypus),(Erinaceus europaeus+Suricata suricatta+Felis catus+Panthera tigris+Panthera leo+Panthera pardus+Vulpes vulpes+Mustela erminea+Ursus americanus+Equus caballus+Vicugna pacos+Camelus ferus+Monodon monoceros+Orcinus orca+Tursiops truncatus+Balaenoptera acutorostrata scammoni+Bos taurus+Ovis aries+Pteropus vampyrus+Oryctolagus cuniculus+Rattus norvegicus+Mus musculus+Cavia porcellus+Lemur catta+Callithrix jacchus+Gorilla gorilla+Homo sapiens+Pan troglodytes+Macaca nemestrina+Loxodonta africana+Choloepus didactylus)-(Tachyglossus aculeatus+Ornithorhynchus anatinus),(Mammalia+Mammalia+Mammalia+Mammalia+Mammalia+Mammalia+Mammalia+Mammalia+Mammalia+Mammalia+Mammalia+Mammalia+Mammalia+Mammalia+Mammalia+Mammalia+Mammalia+Mammalia+Mammalia+Mammalia+Mammalia+Mammalia+Mammalia+Mammalia+Mammalia+Mammalia+Mammalia+Mammalia+Mammalia+Mammalia+Mammalia)-(Mammalia+Mammalia),-0.06126312095271356,304.40811792679773
(Golden Pheasant)-(Common Pheasant),(Chrysolophus pictus)-(Phasianus colchicus),(Aves)-(Aves),0.28879784626880173,882.9512819924831
(Chicken)-(Golden Pheasant+Common Pheasant),(Gallus gallus)-(Chrysolophus pictus+Phasianus colchicus),(Aves)-(Aves+Aves),-0.031022753270013716,-217.15927289009602
(Black Swan)-(Mute Swan),(Cygnus atratus)-(Cygnus olor),(Aves)-(Aves),0.7071067811865475,-119.50104602052653
(Bar-Headed Goose)-(Swan Goose),(Anser indicus)-(Anser cygnoides),(Aves)-(Aves),1.030260117882724,-2862.406027517501
(Black Swan+Mute Swan)-(Bar-Headed Goose+Swan Goose),(Cygnus atratus+Cygnus olor)-(Anser indicus+Anser cygnoides),(Aves+Aves)-(Aves+Aves),-0.07951524633820084,-307.24691185080917
(Eastern Spot-Billed Duck)-(Mallard),(Anas zonorhyncha)-(Anas platyrhynchos),(Aves)-(Aves),0.0,924.7463522864296
(Black Swan+Mute Swan+Bar-Headed Goose+Swan Goose)-(Eastern Spot-Billed Duck+Mallard),(Cygnus atratus+Cygnus olor+Anser indicus+Anser cygnoides)-(Anas zonorhyncha+Anas platyrhynchos),(Aves+Aves+Aves+Aves)-(Aves+Aves),0.17624338602553782,503.91047861313575
(Chicken+Golden Pheasant+Common Pheasant)-(Black Swan+Mute Swan+Bar-Headed Goose+Swan Goose+Eastern Spot-Billed Duck+Mallard),(Gallus gallus+Chrysolophus pictus+Phasianus colchicus)-(Cygnus atratus+Cygnus olor+Anser indicus+Anser cygnoides+Anas zonorhyncha+Anas platyrhynchos),(Aves+Aves+Aves)-(Aves+Aves+Aves+Aves+Aves+Aves),-0.04920783838806291,-2.498489443079179
(Brown Falcon)-(Merlin),(Falco berigora)-(Falco columbarius),(Aves)-(Aves),0.0,-28.15289833083888
(Barn Swallow)-(Zebra Finch),(Hirundo rustica)-(Taeniopygia guttata),(Aves)-(Aves),-0.140039761252415,429.5019477611567
(Kakapo)-(Budgerigar),(Strigops habroptila)-(Melopsittacus undulatus),(Aves)-(Aves),0.21724528266321752,-2512.9848072067684
(Barn Swallow+Zebra Finch)-(Kakapo+Budgerigar),(Hirundo rustica+Taeniopygia guttata)-(Strigops habroptila+Melopsittacus undulatus),(Aves+Aves)-(Aves+Aves),0.05046723227279382,-2036.6556256008673
(Brown Falcon+Merlin)-(Barn Swallow+Zebra Finch+Kakapo+Budgerigar),(Falco berigora+Falco columbarius)-(Hirundo rustica+Taeniopygia guttata+Strigops habroptila+Melopsittacus undulatus),(Aves+Aves)-(Aves+Aves+Aves+Aves),0.08297701501254261,-786.6503937534636
(California Condor)-(Steller'S Sea Eagle),(Gymnogyps californianus)-(Haliaeetus pelagicus),(Aves)-(Aves),-0.09076794771696381,176.99749804807942
(California Condor+Steller'S Sea Eagle)-(Oriental Scops Owl),(Gymnogyps californianus+Haliaeetus pelagicus)-(Otus sunia),(Aves+Aves)-(Aves),0.04756680890184798,243.25666072405014
(Brown Falcon+Merlin+Barn Swallow+Zebra Finch+Kakapo+Budgerigar)-(California Condor+Steller'S Sea Eagle+Oriental Scops Owl),(Falco berigora+Falco columbarius+Hirundo rustica+Taeniopygia guttata+Strigops habroptila+Melopsittacus undulatus)-(Gymnogyps californianus+Haliaeetus pelagicus+Otus sunia),(Aves+Aves+Aves+Aves+Aves+Aves)-(Aves+Aves+Aves),0.1637171045503169,815.8975198626255
(Eurasian Woodcock)-(Common Snipe),(Scolopax rusticola)-(Gallinago gallinago),(Aves)-(Aves),-0.12447236361031917,1.7426130905444686
(Ruff)-(Eurasian Woodcock+Common Snipe),(Calidris pugnax)-(Scolopax rusticola+Gallinago gallinago),(Aves)-(Aves+Aves),0.1785180215697697,-474.1438652893083
(Common Tern)-(Razorbill),(Sterna hirundo)-(Alca torda),(Aves)-(Aves),-0.11173237362632488,-6.368745296700518
(Common Murre)-(Common Tern+Razorbill),(Uria aalge)-(Sterna hirundo+Alca torda),(Aves)-(Aves+Aves),-0.10098604897894564,-2.8478065812062683
(Atlantic Puffin)-(Common Murre+Common Tern+Razorbill),(Fratercula arctica)-(Uria aalge+Sterna hirundo+Alca torda),(Aves)-(Aves+Aves+Aves),-0.02404290717432961,10.954120357096315
(Ruff+Eurasian Woodcock+Common Snipe)-(Atlantic Puffin+Common Murre+Common Tern+Razorbill),(Calidris pugnax+Scolopax rusticola+Gallinago gallinago)-(Fratercula arctica+Uria aalge+Sterna hirundo+Alca torda),(Aves+Aves+Aves)-(Aves+Aves+Aves+Aves),-0.007241011700737936,-215.60195856825007
(European Golden-Plover)-(Ruff+Eurasian Woodcock+Common Snipe+Atlantic Puffin+Common Murre+Common Tern+Razorbill),(Pluvialis apricaria)-(Calidris pugnax+Scolopax rusticola+Gallinago gallinago+Fratercula arctica+Uria aalge+Sterna hirundo+Alca torda),(Aves)-(Aves+Aves+Aves+Aves+Aves+Aves+Aves),-0.11744351894023543,90.08670209138698
(Royal Penguin)-(Emperor Penguin),(Eudyptes schlegeli)-(Aptenodytes forsteri),(Aves)-(Aves),-0.23481195270181493,331.08485330955904
(Royal Penguin+Emperor Penguin)-(White Stork),(Eudyptes schlegeli+Aptenodytes forsteri)-(Ciconia ciconia),(Aves+Aves)-(Aves),0.20097583849084116,149.74933032439787
(Eurasian Coot)-(Royal Penguin+Emperor Penguin+White Stork),(Fulica atra)-(Eudyptes schlegeli+Aptenodytes forsteri+Ciconia ciconia),(Aves)-(Aves+Aves+Aves),0.1263724043987476,174.6289850997762
(European Golden-Plover+Ruff+Eurasian Woodcock+Common Snipe+Atlantic Puffin+Common Murre+Common Tern+Razorbill)-(Eurasian Coot+Royal Penguin+Emperor Penguin+White Stork),(Pluvialis apricaria+Calidris pugnax+Scolopax rusticola+Gallinago gallinago+Fratercula arctica+Uria aalge+Sterna hirundo+Alca torda)-(Fulica atra+Eudyptes schlegeli+Aptenodytes forsteri+Ciconia ciconia),(Aves+Aves+Aves+Aves+Aves+Aves+Aves+Aves)-(Aves+Aves+Aves+Aves),-0.04007484527117812,181.0147586276027
(Brown Falcon+Merlin+Barn Swallow+Zebra Finch+Kakapo+Budgerigar+California Condor+Steller'S Sea Eagle+Oriental Scops Owl)-(European Golden-Plover+Ruff+Eurasian Woodcock+Common Snipe+Atlantic Puffin+Common Murre+Common Tern+Razorbill+Eurasian Coot+Royal Penguin+Emperor Penguin+White Stork),(Falco berigora+Falco columbarius+Hirundo rustica+Taeniopygia guttata+Strigops habroptila+Melopsittacus undulatus+Gymnogyps californianus+Haliaeetus pelagicus+Otus sunia)-(Pluvialis apricaria+Calidris pugnax+Scolopax rusticola+Gallinago gallinago+Fratercula arctica+Uria aalge+Sterna hirundo+Alca torda+Fulica atra+Eudyptes schlegeli+Aptenodytes forsteri+Ciconia ciconia),(Aves+Aves+Aves+Aves+Aves+Aves+Aves+Aves+Aves)-(Aves+Aves+Aves+Aves+Aves+Aves+Aves+Aves+Aves+Aves+Aves+Aves),-0.19328862948998585,384.7964663867999
(Brown Falcon+Merlin+Barn Swallow+Zebra Finch+Kakapo+Budgerigar+California Condor+Steller'S Sea Eagle+Oriental Scops Owl+European Golden-Plover+Ruff+Eurasian Woodcock+Common Snipe+Atlantic Puffin+Common Murre+Common Tern+Razorbill+Eurasian Coot+Royal Penguin+Emperor Penguin+White Stork)-(Common Cuckoo),(Falco berigora+Falco columbarius+Hirundo rustica+Taeniopygia guttata+Strigops habroptila+Melopsittacus undulatus+Gymnogyps californianus+Haliaeetus pelagicus+Otus sunia+Pluvialis apricaria+Calidris pugnax+Scolopax rusticola+Gallinago gallinago+Fratercula arctica+Uria aalge+Sterna hirundo+Alca torda+Fulica atra+Eudyptes schlegeli+Aptenodytes forsteri+Ciconia ciconia)-(Cuculus canorus),(Aves+Aves+Aves+Aves+Aves+Aves+Aves+Aves+Aves+Aves+Aves+Aves+Aves+Aves+Aves+Aves+Aves+Aves+Aves+Aves+Aves)-(Aves),0.15065753733816747,315.86372333495484
(Chicken+Golden Pheasant+Common Pheasant+Black Swan+Mute Swan+Bar-Headed Goose+Swan Goose+Eastern Spot-Billed Duck+Mallard)-(Brown Falcon+Merlin+Barn Swallow+Zebra Finch+Kakapo+Budgerigar+California Condor+Steller'S Sea Eagle+Oriental Scops Owl+European Golden-Plover+Ruff+Eurasian Woodcock+Common Snipe+Atlantic Puffin+Common Murre+Common Tern+Razorbill+Eurasian Coot+Royal Penguin+Emperor Penguin+White Stork+Common Cuckoo),(Gallus gallus+Chrysolophus pictus+Phasianus colchicus+Cygnus atratus+Cygnus olor+Anser indicus+Anser cygnoides+Anas zonorhyncha+Anas platyrhynchos)-(Falco berigora+Falco columbarius+Hirundo rustica+Taeniopygia guttata+Strigops habroptila+Melopsittacus undulatus+Gymnogyps californianus+Haliaeetus pelagicus+Otus sunia+Pluvialis apricaria+Calidris pugnax+Scolopax rusticola+Gallinago gallinago+Fratercula arctica+Uria aalge+Sterna hirundo+Alca torda+Fulica atra+Eudyptes schlegeli+Aptenodytes forsteri+Ciconia ciconia+Cuculus canorus),(Aves+Aves+Aves+Aves+Aves+Aves+Aves+Aves+Aves)-(Aves+Aves+Aves+Aves+Aves+Aves+Aves+Aves+Aves+Aves+Aves+Aves+Aves+Aves+Aves+Aves+Aves+Aves+Aves+Aves+Aves+Aves),0.01984993410631304,-85.10662107628438
(Okarito Kiwi)-(Emu),(Apteryx rowi)-(Dromaius novaehollandiae),(Aves)-(Aves),-0.03010490282594654,160.2182928396872
(Chicken+Golden Pheasant+Common Pheasant+Black Swan+Mute Swan+Bar-Headed Goose+Swan Goose+Eastern Spot-Billed Duck+Mallard+Brown Falcon+Merlin+Barn Swallow+Zebra Finch+Kakapo+Budgerigar+California Condor+Steller'S Sea Eagle+Oriental Scops Owl+European Golden-Plover+Ruff+Eurasian Woodcock+Common Snipe+Atlantic Puffin+Common Murre+Common Tern+Razorbill+Eurasian Coot+Royal Penguin+Emperor Penguin+White Stork+Common Cuckoo)-(Okarito Kiwi+Emu),(Gallus gallus+Chrysolophus pictus+Phasianus colchicus+Cygnus atratus+Cygnus olor+Anser indicus+Anser cygnoides+Anas zonorhyncha+Anas platyrhynchos+Falco berigora+Falco columbarius+Hirundo rustica+Taeniopygia guttata+Strigops habroptila+Melopsittacus undulatus+Gymnogyps californianus+Haliaeetus pelagicus+Otus sunia+Pluvialis apricaria+Calidris pugnax+Scolopax rusticola+Gallinago gallinago+Fratercula arctica+Uria aalge+Sterna hirundo+Alca torda+Fulica atra+Eudyptes schlegeli+Aptenodytes forsteri+Ciconia ciconia+Cuculus canorus)-(Apteryx rowi+Dromaius novaehollandiae),(Aves+Aves+Aves+Aves+Aves+Aves+Aves+Aves+Aves+Aves+Aves+Aves+Aves+Aves+Aves+Aves+Aves+Aves+Aves+Aves+Aves+Aves+Aves+Aves+Aves+Aves+Aves+Aves+Aves+Aves+Aves)-(Aves+Aves),-0.17875839666076113,-141.86144783572053
(American Alligator)-(Australian Saltwater Crocodile),(Alligator mississippiensis)-(Crocodylus porosus),(Reptilia)-(Reptilia),0.15137282857713796,-530.8645098200229
(Chicken+Golden Pheasant+Common Pheasant+Black Swan+Mute Swan+Bar-Headed Goose+Swan Goose+Eastern Spot-Billed Duck+Mallard+Brown Falcon+Merlin+Barn Swallow+Zebra Finch+Kakapo+Budgerigar+California Condor+Steller'S Sea Eagle+Oriental Scops Owl+European Golden-Plover+Ruff+Eurasian Woodcock+Common Snipe+Atlantic Puffin+Common Murre+Common Tern+Razorbill+Eurasian Coot+Royal Penguin+Emperor Penguin+White Stork+Common Cuckoo+Okarito Kiwi+Emu)-(American Alligator+Australian Saltwater Crocodile),(Gallus gallus+Chrysolophus pictus+Phasianus colchicus+Cygnus atratus+Cygnus olor+Anser indicus+Anser cygnoides+Anas zonorhyncha+Anas platyrhynchos+Falco berigora+Falco columbarius+Hirundo rustica+Taeniopygia guttata+Strigops habroptila+Melopsittacus undulatus+Gymnogyps californianus+Haliaeetus pelagicus+Otus sunia+Pluvialis apricaria+Calidris pugnax+Scolopax rusticola+Gallinago gallinago+Fratercula arctica+Uria aalge+Sterna hirundo+Alca torda+Fulica atra+Eudyptes schlegeli+Aptenodytes forsteri+Ciconia ciconia+Cuculus canorus+Apteryx rowi+Dromaius novaehollandiae)-(Alligator mississippiensis+Crocodylus porosus),(Aves+Aves+Aves+Aves+Aves+Aves+Aves+Aves+Aves+Aves+Aves+Aves+Aves+Aves+Aves+Aves+Aves+Aves+Aves+Aves+Aves+Aves+Aves+Aves+Aves+Aves+Aves+Aves+Aves+Aves+Aves+Aves+Aves)-(Reptilia+Reptilia),-0.6410915786006863,-418.0384736231655
(Green Sea Turtle)-(Snapping Turtle),(Chelonia mydas)-(Chelydra serpentina),(Reptilia)-(Reptilia),0.03383977604424762,-279.3811910213083
(Chinese Soft-Shelled Turtle)-(Green Sea Turtle+Snapping Turtle),(Pelodiscus sinensis)-(Chelonia mydas+Chelydra serpentina),(Reptilia)-(Reptilia+Reptilia),0.04363555796839904,376.6621363832205
(West African Mud Turtle)-(Chinese Soft-Shelled Turtle+Green Sea Turtle+Snapping Turtle),(Pelusios castaneus)-(Pelodiscus sinensis+Chelonia mydas+Chelydra serpentina),(Reptilia)-(Reptilia+Reptilia+Reptilia),-0.14808450203997728,-35.400806585064224
(Chicken+Golden Pheasant+Common Pheasant+Black Swan+Mute Swan+Bar-Headed Goose+Swan Goose+Eastern Spot-Billed Duck+Mallard+Brown Falcon+Merlin+Barn Swallow+Zebra Finch+Kakapo+Budgerigar+California Condor+Steller'S Sea Eagle+Oriental Scops Owl+European Golden-Plover+Ruff+Eurasian Woodcock+Common Snipe+Atlantic Puffin+Common Murre+Common Tern+Razorbill+Eurasian Coot+Royal Penguin+Emperor Penguin+White Stork+Common Cuckoo+Okarito Kiwi+Emu+American Alligator+Australian Saltwater Crocodile)-(West African Mud Turtle+Chinese Soft-Shelled Turtle+Green Sea Turtle+Snapping Turtle),(Gallus gallus+Chrysolophus pictus+Phasianus colchicus+Cygnus atratus+Cygnus olor+Anser indicus+Anser cygnoides+Anas zonorhyncha+Anas platyrhynchos+Falco berigora+Falco columbarius+Hirundo rustica+Taeniopygia guttata+Strigops habroptila+Melopsittacus undulatus+Gymnogyps californianus+Haliaeetus pelagicus+Otus sunia+Pluvialis apricaria+Calidris pugnax+Scolopax rusticola+Gallinago gallinago+Fratercula arctica+Uria aalge+Sterna hirundo+Alca torda+Fulica atra+Eudyptes schlegeli+Aptenodytes forsteri+Ciconia ciconia+Cuculus canorus+Apteryx rowi+Dromaius novaehollandiae+Alligator mississippiensis+Crocodylus porosus)-(Pelusios castaneus+Pelodiscus sinensis+Chelonia mydas+Chelydra serpentina),(Aves+Aves+Aves+Aves+Aves+Aves+Aves+Aves+Aves+Aves+Aves+Aves+Aves+Aves+Aves+Aves+Aves+Aves+Aves+Aves+Aves+Aves+Aves+Aves+Aves+Aves+Aves+Aves+Aves+Aves+Aves+Aves+Aves+Reptilia+Reptilia)-(Reptilia+Reptilia+Reptilia+Reptilia),0.22885128375220562,214.60967089154036
(Sand Lizard)-(Common Wall Lizard),(Lacerta agilis)-(Podarcis muralis),(Reptilia)-(Reptilia),0.0,-108.55010314401436
(Viviparous (Common) Lizard)-(Sand Lizard+Common Wall Lizard),(Zootoca vivipara)-(Lacerta agilis+Podarcis muralis),(Reptilia)-(Reptilia+Reptilia),0.0,79.39863773812793
(Viviparous (Common) Lizard+Sand Lizard+Common Wall Lizard)-(Argentine Black And White Tegu),(Zootoca vivipara+Lacerta agilis+Podarcis muralis)-(Salvator merianae),(Reptilia+Reptilia+Reptilia)-(Reptilia),-0.12019089900044767,12.184262748729713
(Central Bearded Dragon)-(Desert Horned Lizard),(Pogona vitticeps)-(Phrynosoma platyrhinos),(Reptilia)-(Reptilia),-0.17532171832956914,177.7177818134066
(Chinese Crocodile Lizard)-(Komodo Dragon),(Shinisaurus crocodilurus)-(Varanus komodoensis),(Reptilia)-(Reptilia),-0.15692027560974156,144.73033145293343
(Central Bearded Dragon+Desert Horned Lizard)-(Chinese Crocodile Lizard+Komodo Dragon),(Pogona vitticeps+Phrynosoma platyrhinos)-(Shinisaurus crocodilurus+Varanus komodoensis),(Reptilia+Reptilia)-(Reptilia+Reptilia),-0.46450098462631656,445.58365960128265
(Viviparous (Common) Lizard+Sand Lizard+Common Wall Lizard+Argentine Black And White Tegu)-(Central Bearded Dragon+Desert Horned Lizard+Chinese Crocodile Lizard+Komodo Dragon),(Zootoca vivipara+Lacerta agilis+Podarcis muralis+Salvator merianae)-(Pogona vitticeps+Phrynosoma platyrhinos+Shinisaurus crocodilurus+Varanus komodoensis),(Reptilia+Reptilia+Reptilia+Reptilia)-(Reptilia+Reptilia+Reptilia+Reptilia),0.04511945133963041,-38.833669954928894
(Viviparous (Common) Lizard+Sand Lizard+Common Wall Lizard+Argentine Black And White Tegu+Central Bearded Dragon+Desert Horned Lizard+Chinese Crocodile Lizard+Komodo Dragon)-(Common Leopard Gecko),(Zootoca vivipara+Lacerta agilis+Podarcis muralis+Salvator merianae+Pogona vitticeps+Phrynosoma platyrhinos+Shinisaurus crocodilurus+Varanus komodoensis)-(Eublepharis macularius),(Reptilia+Reptilia+Reptilia+Reptilia+Reptilia+Reptilia+Reptilia+Reptilia)-(Reptilia),-0.15502614477422685,412.4824221414132
(Regal Horned Lizard)-(Viviparous (Common) Lizard+Sand Lizard+Common Wall Lizard+Argentine Black And White Tegu+Central Bearded Dragon+Desert Horned Lizard+Chinese Crocodile Lizard+Komodo Dragon+Common Leopard Gecko),(Sphenodon punctatus)-(Zootoca vivipara+Lacerta agilis+Podarcis muralis+Salvator merianae+Pogona vitticeps+Phrynosoma platyrhinos+Shinisaurus crocodilurus+Varanus komodoensis+Eublepharis macularius),(Reptilia)-(Reptilia+Reptilia+Reptilia+Reptilia+Reptilia+Reptilia+Reptilia+Reptilia+Reptilia),-0.006729007903990679,-337.85427410909284
(Chicken+Golden Pheasant+Common Pheasant+Black Swan+Mute Swan+Bar-Headed Goose+Swan Goose+Eastern Spot-Billed Duck+Mallard+Brown Falcon+Merlin+Barn Swallow+Zebra Finch+Kakapo+Budgerigar+California Condor+Steller'S Sea Eagle+Oriental Scops Owl+European Golden-Plover+Ruff+Eurasian Woodcock+Common Snipe+Atlantic Puffin+Common Murre+Common Tern+Razorbill+Eurasian Coot+Royal Penguin+Emperor Penguin+White Stork+Common Cuckoo+Okarito Kiwi+Emu+American Alligator+Australian Saltwater Crocodile+West African Mud Turtle+Chinese Soft-Shelled Turtle+Green Sea Turtle+Snapping Turtle)-(Regal Horned Lizard+Viviparous (Common) Lizard+Sand Lizard+Common Wall Lizard+Argentine Black And White Tegu+Central Bearded Dragon+Desert Horned Lizard+Chinese Crocodile Lizard+Komodo Dragon+Common Leopard Gecko),(Gallus gallus+Chrysolophus pictus+Phasianus colchicus+Cygnus atratus+Cygnus olor+Anser indicus+Anser cygnoides+Anas zonorhyncha+Anas platyrhynchos+Falco berigora+Falco columbarius+Hirundo rustica+Taeniopygia guttata+Strigops habroptila+Melopsittacus undulatus+Gymnogyps californianus+Haliaeetus pelagicus+Otus sunia+Pluvialis apricaria+Calidris pugnax+Scolopax rusticola+Gallinago gallinago+Fratercula arctica+Uria aalge+Sterna hirundo+Alca torda+Fulica atra+Eudyptes schlegeli+Aptenodytes forsteri+Ciconia ciconia+Cuculus canorus+Apteryx rowi+Dromaius novaehollandiae+Alligator mississippiensis+Crocodylus porosus+Pelusios castaneus+Pelodiscus sinensis+Chelonia mydas+Chelydra serpentina)-(Sphenodon punctatus+Zootoca vivipara+Lacerta agilis+Podarcis muralis+Salvator merianae+Pogona vitticeps+Phrynosoma platyrhinos+Shinisaurus crocodilurus+Varanus komodoensis+Eublepharis macularius),(Aves+Aves+Aves+Aves+Aves+Aves+Aves+Aves+Aves+Aves+Aves+Aves+Aves+Aves+Aves+Aves+Aves+Aves+Aves+Aves+Aves+Aves+Aves+Aves+Aves+Aves+Aves+Aves+Aves+Aves+Aves+Aves+Aves+Reptilia+Reptilia+Reptilia+Reptilia+Reptilia+Reptilia)-(Reptilia+Reptilia+Reptilia+Reptilia+Reptilia+Reptilia+Reptilia+Reptilia+Reptilia+Reptilia),-0.7772668902556656,-588.5254028415193
(Western European Hedgehog+Suricate+Cat+Tiger+Lion+Leopard+Fox+Ermine+American Black Bear+Horse+Alpaca+Two-Humped Camel+Narwhal+Orca+Bottle-Nose Dolphin+North Pacific Minke Whale+Cattle+Sheep+Flying Fox+Rabbit+Norway Rat+House Mouse+Guinea Pig+Lemur+Common Marmoset+Gorilla+Human+Chimpanzee+Pig-Tailed Macaque+African Bush Elephant+Linne'S Two-Toed Sloth+Short-Beaked Echidna+Platypus)-(Chicken+Golden Pheasant+Common Pheasant+Black Swan+Mute Swan+Bar-Headed Goose+Swan Goose+Eastern Spot-Billed Duck+Mallard+Brown Falcon+Merlin+Barn Swallow+Zebra Finch+Kakapo+Budgerigar+California Condor+Steller'S Sea Eagle+Oriental Scops Owl+European Golden-Plover+Ruff+Eurasian Woodcock+Common Snipe+Atlantic Puffin+Common Murre+Common Tern+Razorbill+Eurasian Coot+Royal Penguin+Emperor Penguin+White Stork+Common Cuckoo+Okarito Kiwi+Emu+American Alligator+Australian Saltwater Crocodile+West African Mud Turtle+Chinese Soft-Shelled Turtle+Green Sea Turtle+Snapping Turtle+Regal Horned Lizard+Viviparous (Common) Lizard+Sand Lizard+Common Wall Lizard+Argentine Black And White Tegu+Central Bearded Dragon+Desert Horned Lizard+Chinese Crocodile Lizard+Komodo Dragon+Common Leopard Gecko),(Erinaceus europaeus+Suricata suricatta+Felis catus+Panthera tigris+Panthera leo+Panthera pardus+Vulpes vulpes+Mustela erminea+Ursus americanus+Equus caballus+Vicugna pacos+Camelus ferus+Monodon monoceros+Orcinus orca+Tursiops truncatus+Balaenoptera acutorostrata scammoni+Bos taurus+Ovis aries+Pteropus vampyrus+Oryctolagus cuniculus+Rattus norvegicus+Mus musculus+Cavia porcellus+Lemur catta+Callithrix jacchus+Gorilla gorilla+Homo sapiens+Pan troglodytes+Macaca nemestrina+Loxodonta africana+Choloepus didactylus+Tachyglossus aculeatus+Ornithorhynchus anatinus)-(Gallus gallus+Chrysolophus pictus+Phasianus colchicus+Cygnus atratus+Cygnus olor+Anser indicus+Anser cygnoides+Anas zonorhyncha+Anas platyrhynchos+Falco berigora+Falco columbarius+Hirundo rustica+Taeniopygia guttata+Strigops habroptila+Melopsittacus undulatus+Gymnogyps californianus+Haliaeetus pelagicus+Otus sunia+Pluvialis apricaria+Calidris pugnax+Scolopax rusticola+Gallinago gallinago+Fratercula arctica+Uria aalge+Sterna hirundo+Alca torda+Fulica atra+Eudyptes schlegeli+Aptenodytes forsteri+Ciconia ciconia+Cuculus canorus+Apteryx rowi+Dromaius novaehollandiae+Alligator mississippiensis+Crocodylus porosus+Pelusios castaneus+Pelodiscus sinensis+Chelonia mydas+Chelydra serpentina+Sphenodon punctatus+Zootoca vivipara+Lacerta agilis+Podarcis muralis+Salvator merianae+Pogona vitticeps+Phrynosoma platyrhinos+Shinisaurus crocodilurus+Varanus komodoensis+Eublepharis macularius),(Mammalia+Mammalia+Mammalia+Mammalia+Mammalia+Mammalia+Mammalia+Mammalia+Mammalia+Mammalia+Mammalia+Mammalia+Mammalia+Mammalia+Mammalia+Mammalia+Mammalia+Mammalia+Mammalia+Mammalia+Mammalia+Mammalia+Mammalia+Mammalia+Mammalia+Mammalia+Mammalia+Mammalia+Mammalia+Mammalia+Mammalia+Mammalia+Mammalia)-(Aves+Aves+Aves+Aves+Aves+Aves+Aves+Aves+Aves+Aves+Aves+Aves+Aves+Aves+Aves+Aves+Aves+Aves+Aves+Aves+Aves+Aves+Aves+Aves+Aves+Aves+Aves+Aves+Aves+Aves+Aves+Aves+Aves+Reptilia+Reptilia+Reptilia+Reptilia+Reptilia+Reptilia+Reptilia+Reptilia+Reptilia+Reptilia+Reptilia+Reptilia+Reptilia+Reptilia+Reptilia+Reptilia),0.05358013358054151,-198.21555578722527
(Axolotl)-(Iberian Ribbed Newt),(Ambystoma mexicanum)-(Pleurodeles waltl),(Amphibia)-(Amphibia),0.19802158472087056,25268.91207267831
(Common Toad)-(Asiatic Toad),(Bufo bufo)-(Bufo gargarizans),(Amphibia)-(Amphibia),0.0,-153.48723382968188
(Common Toad+Asiatic Toad)-(Common Frog),(Bufo bufo+Bufo gargarizans)-(Rana temporaria),(Amphibia+Amphibia)-(Amphibia),0.0,-770.9891177250266
(African Clawed Frog)-(Western Clawed Frog),(Xenopus laevis)-(Xenopus tropicalis),(Amphibia)-(Amphibia),0.0,507.6580795420927
(Common Toad+Asiatic Toad+Common Frog)-(African Clawed Frog+Western Clawed Frog),(Bufo bufo+Bufo gargarizans+Rana temporaria)-(Xenopus laevis+Xenopus tropicalis),(Amphibia+Amphibia+Amphibia)-(Amphibia+Amphibia),0.0,580.6739351774344
(European Fire-Bellied Toad)-(Painted Frog),(Bombina bombina)-(Discoglossus pictus),(Amphibia)-(Amphibia),0.0,-283.1885327929937
(Common Toad+Asiatic Toad+Common Frog+African Clawed Frog+Western Clawed Frog)-(European Fire-Bellied Toad+Painted Frog),(Bufo bufo+Bufo gargarizans+Rana temporaria+Xenopus laevis+Xenopus tropicalis)-(Bombina bombina+Discoglossus pictus),(Amphibia+Amphibia+Amphibia+Amphibia+Amphibia)-(Amphibia+Amphibia),0.0,698.268918838473
(Axolotl+Iberian Ribbed Newt)-(Common Toad+Asiatic Toad+Common Frog+African Clawed Frog+Western Clawed Frog+European Fire-Bellied Toad+Painted Frog),(Ambystoma mexicanum+Pleurodeles waltl)-(Bufo bufo+Bufo gargarizans+Rana temporaria+Xenopus laevis+Xenopus tropicalis+Bombina bombina+Discoglossus pictus),(Amphibia+Amphibia)-(Amphibia+Amphibia+Amphibia+Amphibia+Amphibia+Amphibia+Amphibia),0.36368683357887766,18530.670312610757
(Western European Hedgehog+Suricate+Cat+Tiger+Lion+Leopard+Fox+Ermine+American Black Bear+Horse+Alpaca+Two-Humped Camel+Narwhal+Orca+Bottle-Nose Dolphin+North Pacific Minke Whale+Cattle+Sheep+Flying Fox+Rabbit+Norway Rat+House Mouse+Guinea Pig+Lemur+Common Marmoset+Gorilla+Human+Chimpanzee+Pig-Tailed Macaque+African Bush Elephant+Linne'S Two-Toed Sloth+Short-Beaked Echidna+Platypus+Chicken+Golden Pheasant+Common Pheasant+Black Swan+Mute Swan+Bar-Headed Goose+Swan Goose+Eastern Spot-Billed Duck+Mallard+Brown Falcon+Merlin+Barn Swallow+Zebra Finch+Kakapo+Budgerigar+California Condor+Steller'S Sea Eagle+Oriental Scops Owl+European Golden-Plover+Ruff+Eurasian Woodcock+Common Snipe+Atlantic Puffin+Common Murre+Common Tern+Razorbill+Eurasian Coot+Royal Penguin+Emperor Penguin+White Stork+Common Cuckoo+Okarito Kiwi+Emu+American Alligator+Australian Saltwater Crocodile+West African Mud Turtle+Chinese Soft-Shelled Turtle+Green Sea Turtle+Snapping Turtle+Regal Horned Lizard+Viviparous (Common) Lizard+Sand Lizard+Common Wall Lizard+Argentine Black And White Tegu+Central Bearded Dragon+Desert Horned Lizard+Chinese Crocodile Lizard+Komodo Dragon+Common Leopard Gecko)-(Axolotl+Iberian Ribbed Newt+Common Toad+Asiatic Toad+Common Frog+African Clawed Frog+Western Clawed Frog+European Fire-Bellied Toad+Painted Frog),(Erinaceus europaeus+Suricata suricatta+Felis catus+Panthera tigris+Panthera leo+Panthera pardus+Vulpes vulpes+Mustela erminea+Ursus americanus+Equus caballus+Vicugna pacos+Camelus ferus+Monodon monoceros+Orcinus orca+Tursiops truncatus+Balaenoptera acutorostrata scammoni+Bos taurus+Ovis aries+Pteropus vampyrus+Oryctolagus cuniculus+Rattus norvegicus+Mus musculus+Cavia porcellus+Lemur catta+Callithrix jacchus+Gorilla gorilla+Homo sapiens+Pan troglodytes+Macaca nemestrina+Loxodonta africana+Choloepus didactylus+Tachyglossus aculeatus+Ornithorhynchus anatinus+Gallus gallus+Chrysolophus pictus+Phasianus colchicus+Cygnus atratus+Cygnus olor+Anser indicus+Anser cygnoides+Anas zonorhyncha+Anas platyrhynchos+Falco berigora+Falco columbarius+Hirundo rustica+Taeniopygia guttata+Strigops habroptila+Melopsittacus undulatus+Gymnogyps californianus+Haliaeetus pelagicus+Otus sunia+Pluvialis apricaria+Calidris pugnax+Scolopax rusticola+Gallinago gallinago+Fratercula arctica+Uria aalge+Sterna hirundo+Alca torda+Fulica atra+Eudyptes schlegeli+Aptenodytes forsteri+Ciconia ciconia+Cuculus canorus+Apteryx rowi+Dromaius novaehollandiae+Alligator mississippiensis+Crocodylus porosus+Pelusios castaneus+Pelodiscus sinensis+Chelonia mydas+Chelydra serpentina+Sphenodon punctatus+Zootoca vivipara+Lacerta agilis+Podarcis muralis+Salvator merianae+Pogona vitticeps+Phrynosoma platyrhinos+Shinisaurus crocodilurus+Varanus komodoensis+Eublepharis macularius)-(Ambystoma mexicanum+Pleurodeles waltl+Bufo bufo+Bufo gargarizans+Rana temporaria+Xenopus laevis+Xenopus tropicalis+Bombina bombina+Discoglossus pictus),(Mammalia+Mammalia+Mammalia+Mammalia+Mammalia+Mammalia+Mammalia+Mammalia+Mammalia+Mammalia+Mammalia+Mammalia+Mammalia+Mammalia+Mammalia+Mammalia+Mammalia+Mammalia+Mammalia+Mammalia+Mammalia+Mammalia+Mammalia+Mammalia+Mammalia+Mammalia+Mammalia+Mammalia+Mammalia+Mammalia+Mammalia+Mammalia+Mammalia+Aves+Aves+Aves+Aves+Aves+Aves+Aves+Aves+Aves+Aves+Aves+Aves+Aves+Aves+Aves+Aves+Aves+Aves+Aves+Aves+Aves+Aves+Aves+Aves+Aves+Aves+Aves+Aves+Aves+Aves+Aves+Aves+Aves+Reptilia+Reptilia+Reptilia+Reptilia+Reptilia+Reptilia+Reptilia+Reptilia+Reptilia+Reptilia+Reptilia+Reptilia+Reptilia+Reptilia+Reptilia+Reptilia)-(Amphibia+Amphibia+Amphibia+Amphibia+Amphibia+Amphibia+Amphibia+Amphibia+Amphibia),0.3730413733943795,-8895.970477480645
