Common Name,Species,Class,Caudal,B6
(Fox)-(Ermine),(Vulpes vulpes)-(Mustela erminea),(Mammalia)-(Mammalia),0.4211693151426613,614.5913231219286
(Lion)-(Leopard),(Panthera leo)-(Panthera pardus),(Mammalia)-(Mammalia),0.0,-2502.5635842558017
(Cat)-(Lion+Leopard),(Felis catus)-(Panthera leo+Panthera pardus),(Mammalia)-(Mammalia+Mammalia),-0.2115419992637557,552.0188470787705
(Fox+Ermine)-(Cat+Lion+Leopard),(Vulpes vulpes+Mustela erminea)-(Felis catus+Panthera leo+Panthera pardus),(Mammalia+Mammalia)-(Mammalia+Mammalia+Mammalia),-0.2800395510366502,582.6795340998726
(Fox+Ermine+Cat+Lion+Leopard)-(Horse),(Vulpes vulpes+Mustela erminea+Felis catus+Panthera leo+Panthera pardus)-(Equus caballus),(Mammalia+Mammalia+Mammalia+Mammalia+Mammalia)-(Mammalia),0.37812338095830605,-444.6266103065716
(North Pacific Minke Whale)-(Orca),(Balaenoptera acutorostrata scammoni)-(Orcinus orca),(Mammalia)-(Mammalia),-0.5666641441745818,-137.92846402887693
(North Pacific Minke Whale+Orca)-(Cattle),(Balaenoptera acutorostrata scammoni+Orcinus orca)-(Bos taurus),(Mammalia+Mammalia)-(Mammalia),0.06553366736112283,1086.9514889542509
(North Pacific Minke Whale+Orca+Cattle)-(Wild Boar),(Balaenoptera acutorostrata scammoni+Orcinus orca+Bos taurus)-(Sus scrofa),(Mammalia+Mammalia+Mammalia)-(Mammalia),-0.012475728869073853,-436.3020661111998
(North Pacific Minke Whale+Orca+Cattle+Wild Boar)-(Alpaca),(Balaenoptera acutorostrata scammoni+Orcinus orca+Bos taurus+Sus scrofa)-(Vicugna pacos),(Mammalia+Mammalia+Mammalia+Mammalia)-(Mammalia),1.0192960843322783,-324.5881183419085
(Fox+Ermine+Cat+Lion+Leopard+Horse)-(North Pacific Minke Whale+Orca+Cattle+Wild Boar+Alpaca),(Vulpes vulpes+Mustela erminea+Felis catus+Panthera leo+Panthera pardus+Equus caballus)-(Balaenoptera acutorostrata scammoni+Orcinus orca+Bos taurus+Sus scrofa+Vicugna pacos),(Mammalia+Mammalia+Mammalia+Mammalia+Mammalia+Mammalia)-(Mammalia+Mammalia+Mammalia+Mammalia+Mammalia),0.0785998601481177,-183.44933205981448
(Western European Hedgehog)-(Fox+Ermine+Cat+Lion+Leopard+Horse+North Pacific Minke Whale+Orca+Cattle+Wild Boar+Alpaca),(Erinaceus europaeus)-(Vulpes vulpes+Mustela erminea+Felis catus+Panthera leo+Panthera pardus+Equus caballus+Balaenoptera acutorostrata scammoni+Orcinus orca+Bos taurus+Sus scrofa+Vicugna pacos),(Mammalia)-(Mammalia+Mammalia+Mammalia+Mammalia+Mammalia+Mammalia+Mammalia+Mammalia+Mammalia+Mammalia+Mammalia),-0.6526285959025915,-870.3107358478316
(Guinea Pig)-(House Mouse),(Cavia porcellus)-(Mus musculus),(Mammalia)-(Mammalia),-2.0779918684157073,0.08481599462921255
(Rabbit)-(Guinea Pig+House Mouse),(Oryctolagus cuniculus)-(Cavia porcellus+Mus musculus),(Mammalia)-(Mammalia+Mammalia),-0.705882161822247,-48.77839307820987
(Rhesus Monkey)-(Pig-Tailed Macaque),(Macaca mulatta)-(Macaca nemestrina),(Mammalia)-(Mammalia),-0.722229712050665,-4606.019988603116
(Human)-(Chimpanzee),(Homo sapiens)-(Pan troglodytes),(Mammalia)-(Mammalia),0.6207711542669869,4045.25522678082
(Rhesus Monkey+Pig-Tailed Macaque)-(Human+Chimpanzee),(Macaca mulatta+Macaca nemestrina)-(Homo sapiens+Pan troglodytes),(Mammalia+Mammalia)-(Mammalia+Mammalia),1.7879038796381774,-206.43975219060246
(Common Marmoset)-(Rhesus Monkey+Pig-Tailed Macaque+Human+Chimpanzee),(Callithrix jacchus)-(Macaca mulatta+Macaca nemestrina+Homo sapiens+Pan troglodytes),(Mammalia)-(Mammalia+Mammalia+Mammalia+Mammalia),1.1631124553261656,-398.2054571986663
(Rabbit+Guinea Pig+House Mouse)-(Common Marmoset+Rhesus Monkey+Pig-Tailed Macaque+Human+Chimpanzee),(Oryctolagus cuniculus+Cavia porcellus+Mus musculus)-(Callithrix jacchus+Macaca mulatta+Macaca nemestrina+Homo sapiens+Pan troglodytes),(Mammalia+Mammalia+Mammalia)-(Mammalia+Mammalia+Mammalia+Mammalia+Mammalia),0.203272476557369,-457.02492039684233
(Western European Hedgehog+Fox+Ermine+Cat+Lion+Leopard+Horse+North Pacific Minke Whale+Orca+Cattle+Wild Boar+Alpaca)-(Rabbit+Guinea Pig+House Mouse+Common Marmoset+Rhesus Monkey+Pig-Tailed Macaque+Human+Chimpanzee),(Erinaceus europaeus+Vulpes vulpes+Mustela erminea+Felis catus+Panthera leo+Panthera pardus+Equus caballus+Balaenoptera acutorostrata scammoni+Orcinus orca+Bos taurus+Sus scrofa+Vicugna pacos)-(Oryctolagus cuniculus+Cavia porcellus+Mus musculus+Callithrix jacchus+Macaca mulatta+Macaca nemestrina+Homo sapiens+Pan troglodytes),(Mammalia+Mammalia+Mammalia+Mammalia+Mammalia+Mammalia+Mammalia+Mammalia+Mammalia+Mammalia+Mammalia+Mammalia)-(Mammalia+Mammalia+Mammalia+Mammalia+Mammalia+Mammalia+Mammalia+Mammalia),0.4780125819386379,800.5823055614671
(African Bush Elephant)-(Linne'S Two-Toed Sloth),(Loxodonta africana)-(Choloepus didactylus),(Mammalia)-(Mammalia),1.1498051245456848,-40.38690499966718
(Western European Hedgehog+Fox+Ermine+Cat+Lion+Leopard+Horse+North Pacific Minke Whale+Orca+Cattle+Wild Boar+Alpaca+Rabbit+Guinea Pig+House Mouse+Common Marmoset+Rhesus Monkey+Pig-Tailed Macaque+Human+Chimpanzee)-(African Bush Elephant+Linne'S Two-Toed Sloth),(Erinaceus europaeus+Vulpes vulpes+Mustela erminea+Felis catus+Panthera leo+Panthera pardus+Equus caballus+Balaenoptera acutorostrata scammoni+Orcinus orca+Bos taurus+Sus scrofa+Vicugna pacos+Oryctolagus cuniculus+Cavia porcellus+Mus musculus+Callithrix jacchus+Macaca mulatta+Macaca nemestrina+Homo sapiens+Pan troglodytes)-(Loxodonta africana+Choloepus didactylus),(Mammalia+Mammalia+Mammalia+Mammalia+Mammalia+Mammalia+Mammalia+Mammalia+Mammalia+Mammalia+Mammalia+Mammalia+Mammalia+Mammalia+Mammalia+Mammalia+Mammalia+Mammalia+Mammalia+Mammalia)-(Mammalia+Mammalia),0.4982902175579664,570.9265391910013
(Short-Beaked Echidna)-(Platypus),(Tachyglossus aculeatus)-(Ornithorhynchus anatinus),(Mammalia)-(Mammalia),-0.8275314991313601,-1366.8751536902241
(Western European Hedgehog+Fox+Ermine+Cat+Lion+Leopard+Horse+North Pacific Minke Whale+Orca+Cattle+Wild Boar+Alpaca+Rabbit+Guinea Pig+House Mouse+Common Marmoset+Rhesus Monkey+Pig-Tailed Macaque+Human+Chimpanzee+African Bush Elephant+Linne'S Two-Toed Sloth)-(Short-Beaked Echidna+Platypus),(Erinaceus europaeus+Vulpes vulpes+Mustela erminea+Felis catus+Panthera leo+Panthera pardus+Equus caballus+Balaenoptera acutorostrata scammoni+Orcinus orca+Bos taurus+Sus scrofa+Vicugna pacos+Oryctolagus cuniculus+Cavia porcellus+Mus musculus+Callithrix jacchus+Macaca mulatta+Macaca nemestrina+Homo sapiens+Pan troglodytes+Loxodonta africana+Choloepus didactylus)-(Tachyglossus aculeatus+Ornithorhynchus anatinus),(Mammalia+Mammalia+Mammalia+Mammalia+Mammalia+Mammalia+Mammalia+Mammalia+Mammalia+Mammalia+Mammalia+Mammalia+Mammalia+Mammalia+Mammalia+Mammalia+Mammalia+Mammalia+Mammalia+Mammalia+Mammalia+Mammalia)-(Mammalia+Mammalia),-0.06146322858658846,-194.3874654323809
(Golden Pheasant)-(Common Pheasant),(Chrysolophus pictus)-(Phasianus colchicus),(Aves)-(Aves),-0.19253189751253447,-2593.9822551863767
(Chicken)-(Golden Pheasant+Common Pheasant),(Gallus gallus)-(Chrysolophus pictus+Phasianus colchicus),(Aves)-(Aves+Aves),0.06204550654002743,-962.7601249816056
(Black Swan)-(Mute Swan),(Cygnus atratus)-(Cygnus olor),(Aves)-(Aves),-0.7071067811865475,608.8189386016173
(Bar-Headed Goose)-(Swan Goose),(Anser indicus)-(Anser cygnoides),(Aves)-(Aves),-0.3434200392942413,1522.0376141520774
(Black Swan+Mute Swan)-(Bar-Headed Goose+Swan Goose),(Cygnus atratus+Cygnus olor)-(Anser indicus+Anser cygnoides),(Aves+Aves)-(Aves+Aves),0.47709147802920593,878.7229872834591
(Eastern Spot-Billed Duck)-(Mallard),(Anas zonorhyncha)-(Anas platyrhynchos),(Aves)-(Aves),-0.09947787782771403,2514.2038842176444
(Black Swan+Mute Swan+Bar-Headed Goose+Swan Goose)-(Eastern Spot-Billed Duck+Mallard),(Cygnus atratus+Cygnus olor+Anser indicus+Anser cygnoides)-(Anas zonorhyncha+Anas platyrhynchos),(Aves+Aves+Aves+Aves)-(Aves+Aves),0.0934063330501808,12.713616335476994
(Chicken+Golden Pheasant+Common Pheasant)-(Black Swan+Mute Swan+Bar-Headed Goose+Swan Goose+Eastern Spot-Billed Duck+Mallard),(Gallus gallus+Chrysolophus pictus+Phasianus colchicus)-(Cygnus atratus+Cygnus olor+Anser indicus+Anser cygnoides+Anas zonorhyncha+Anas platyrhynchos),(Aves+Aves+Aves)-(Aves+Aves+Aves+Aves+Aves+Aves),-0.07958454331932754,-26.711054684783676
(Steller'S Sea Eagle)-(Oriental Scops Owl),(Haliaeetus pelagicus)-(Otus sunia),(Aves)-(Aves),0.16852815890835982,-604.0049215275616
(Barn Swallow)-(White Or Black-Backed Wagtail),(Hirundo rustica)-(Motacilla alba alba),(Aves)-(Aves),0.0,-1306.010813440022
(Kakapo)-(Budgerigar),(Strigops habroptila)-(Melopsittacus undulatus),(Aves)-(Aves),0.10862264133160876,-1880.8010346568055
(Barn Swallow+White Or Black-Backed Wagtail)-(Kakapo+Budgerigar),(Hirundo rustica+Motacilla alba alba)-(Strigops habroptila+Melopsittacus undulatus),(Aves+Aves)-(Aves+Aves),-0.05046723227279391,467.1751691492524
(Steller'S Sea Eagle+Oriental Scops Owl)-(Barn Swallow+White Or Black-Backed Wagtail+Kakapo+Budgerigar),(Haliaeetus pelagicus+Otus sunia)-(Hirundo rustica+Motacilla alba alba+Strigops habroptila+Melopsittacus undulatus),(Aves+Aves)-(Aves+Aves+Aves+Aves),0.09110658385083513,-536.2259952267971
(Common Tern)-(Razorbill),(Sterna hirundo)-(Alca torda),(Aves)-(Aves),0.0,-11.061504989006163
(Common Murre)-(Common Tern+Razorbill),(Uria aalge)-(Sterna hirundo+Alca torda),(Aves)-(Aves+Aves),0.0,3.090173098755738
(Atlantic Puffin)-(Common Murre+Common Tern+Razorbill),(Fratercula arctica)-(Uria aalge+Sterna hirundo+Alca torda),(Aves)-(Aves+Aves+Aves),-0.058394228611506026,-481.22689230839165
(Eurasian Woodcock)-(Common Snipe),(Scolopax rusticola)-(Gallinago gallinago),(Aves)-(Aves),0.12447236361031917,-30.24678435730756
(Atlantic Puffin+Common Murre+Common Tern+Razorbill)-(Eurasian Woodcock+Common Snipe),(Fratercula arctica+Uria aalge+Sterna hirundo+Alca torda)-(Scolopax rusticola+Gallinago gallinago),(Aves+Aves+Aves+Aves)-(Aves+Aves),0.08953884908243469,-80.54684992180117
(European Golden-Plover)-(Atlantic Puffin+Common Murre+Common Tern+Razorbill+Eurasian Woodcock+Common Snipe),(Pluvialis apricaria)-(Fratercula arctica+Uria aalge+Sterna hirundo+Alca torda+Scolopax rusticola+Gallinago gallinago),(Aves)-(Aves+Aves+Aves+Aves+Aves+Aves),0.050651166028452696,-331.43873414259906
(Royal Penguin)-(Emperor Penguin),(Eudyptes schlegeli)-(Aptenodytes forsteri),(Aves)-(Aves),-0.3130826036024199,-82.65380735103885
(Royal Penguin+Emperor Penguin)-(White Stork),(Eudyptes schlegeli+Aptenodytes forsteri)-(Ciconia ciconia),(Aves+Aves)-(Aves),0.0893225948848183,429.19506842155187
(Eurasian Coot)-(Royal Penguin+Emperor Penguin+White Stork),(Fulica atra)-(Eudyptes schlegeli+Aptenodytes forsteri+Ciconia ciconia),(Aves)-(Aves+Aves+Aves),-0.004007330366172283,-538.2131754619288
(European Golden-Plover+Atlantic Puffin+Common Murre+Common Tern+Razorbill+Eurasian Woodcock+Common Snipe)-(Eurasian Coot+Royal Penguin+Emperor Penguin+White Stork),(Pluvialis apricaria+Fratercula arctica+Uria aalge+Sterna hirundo+Alca torda+Scolopax rusticola+Gallinago gallinago)-(Fulica atra+Eudyptes schlegeli+Aptenodytes forsteri+Ciconia ciconia),(Aves+Aves+Aves+Aves+Aves+Aves+Aves)-(Aves+Aves+Aves+Aves),0.16888842004936105,-257.3208829343644
(Steller'S Sea Eagle+Oriental Scops Owl+Barn Swallow+White Or Black-Backed Wagtail+Kakapo+Budgerigar)-(European Golden-Plover+Atlantic Puffin+Common Murre+Common Tern+Razorbill+Eurasian Woodcock+Common Snipe+Eurasian Coot+Royal Penguin+Emperor Penguin+White Stork),(Haliaeetus pelagicus+Otus sunia+Hirundo rustica+Motacilla alba alba+Strigops habroptila+Melopsittacus undulatus)-(Pluvialis apricaria+Fratercula arctica+Uria aalge+Sterna hirundo+Alca torda+Scolopax rusticola+Gallinago gallinago+Fulica atra+Eudyptes schlegeli+Aptenodytes forsteri+Ciconia ciconia),(Aves+Aves+Aves+Aves+Aves+Aves)-(Aves+Aves+Aves+Aves+Aves+Aves+Aves+Aves+Aves+Aves+Aves),-0.09713250884640472,-77.43091117757942
(Chicken+Golden Pheasant+Common Pheasant+Black Swan+Mute Swan+Bar-Headed Goose+Swan Goose+Eastern Spot-Billed Duck+Mallard)-(Steller'S Sea Eagle+Oriental Scops Owl+Barn Swallow+White Or Black-Backed Wagtail+Kakapo+Budgerigar+European Golden-Plover+Atlantic Puffin+Common Murre+Common Tern+Razorbill+Eurasian Woodcock+Common Snipe+Eurasian Coot+Royal Penguin+Emperor Penguin+White Stork),(Gallus gallus+Chrysolophus pictus+Phasianus colchicus+Cygnus atratus+Cygnus olor+Anser indicus+Anser cygnoides+Anas zonorhyncha+Anas platyrhynchos)-(Haliaeetus pelagicus+Otus sunia+Hirundo rustica+Motacilla alba alba+Strigops habroptila+Melopsittacus undulatus+Pluvialis apricaria+Fratercula arctica+Uria aalge+Sterna hirundo+Alca torda+Scolopax rusticola+Gallinago gallinago+Fulica atra+Eudyptes schlegeli+Aptenodytes forsteri+Ciconia ciconia),(Aves+Aves+Aves+Aves+Aves+Aves+Aves+Aves+Aves)-(Aves+Aves+Aves+Aves+Aves+Aves+Aves+Aves+Aves+Aves+Aves+Aves+Aves+Aves+Aves+Aves+Aves),-0.0965516581680934,-610.9301551346622
(Chicken+Golden Pheasant+Common Pheasant+Black Swan+Mute Swan+Bar-Headed Goose+Swan Goose+Eastern Spot-Billed Duck+Mallard+Steller'S Sea Eagle+Oriental Scops Owl+Barn Swallow+White Or Black-Backed Wagtail+Kakapo+Budgerigar+European Golden-Plover+Atlantic Puffin+Common Murre+Common Tern+Razorbill+Eurasian Woodcock+Common Snipe+Eurasian Coot+Royal Penguin+Emperor Penguin+White Stork)-(Emu),(Gallus gallus+Chrysolophus pictus+Phasianus colchicus+Cygnus atratus+Cygnus olor+Anser indicus+Anser cygnoides+Anas zonorhyncha+Anas platyrhynchos+Haliaeetus pelagicus+Otus sunia+Hirundo rustica+Motacilla alba alba+Strigops habroptila+Melopsittacus undulatus+Pluvialis apricaria+Fratercula arctica+Uria aalge+Sterna hirundo+Alca torda+Scolopax rusticola+Gallinago gallinago+Fulica atra+Eudyptes schlegeli+Aptenodytes forsteri+Ciconia ciconia)-(Dromaius novaehollandiae),(Aves+Aves+Aves+Aves+Aves+Aves+Aves+Aves+Aves+Aves+Aves+Aves+Aves+Aves+Aves+Aves+Aves+Aves+Aves+Aves+Aves+Aves+Aves+Aves+Aves+Aves)-(Aves),-0.02973983884669901,596.8188194819455
(Chicken+Golden Pheasant+Common Pheasant+Black Swan+Mute Swan+Bar-Headed Goose+Swan Goose+Eastern Spot-Billed Duck+Mallard+Steller'S Sea Eagle+Oriental Scops Owl+Barn Swallow+White Or Black-Backed Wagtail+Kakapo+Budgerigar+European Golden-Plover+Atlantic Puffin+Common Murre+Common Tern+Razorbill+Eurasian Woodcock+Common Snipe+Eurasian Coot+Royal Penguin+Emperor Penguin+White Stork+Emu)-(American Alligator),(Gallus gallus+Chrysolophus pictus+Phasianus colchicus+Cygnus atratus+Cygnus olor+Anser indicus+Anser cygnoides+Anas zonorhyncha+Anas platyrhynchos+Haliaeetus pelagicus+Otus sunia+Hirundo rustica+Motacilla alba alba+Strigops habroptila+Melopsittacus undulatus+Pluvialis apricaria+Fratercula arctica+Uria aalge+Sterna hirundo+Alca torda+Scolopax rusticola+Gallinago gallinago+Fulica atra+Eudyptes schlegeli+Aptenodytes forsteri+Ciconia ciconia+Dromaius novaehollandiae)-(Alligator mississippiensis),(Aves+Aves+Aves+Aves+Aves+Aves+Aves+Aves+Aves+Aves+Aves+Aves+Aves+Aves+Aves+Aves+Aves+Aves+Aves+Aves+Aves+Aves+Aves+Aves+Aves+Aves+Aves)-(Reptilia),-1.600974491805561,-483.50241072374047
(Green Sea Turtle)-(Snapping Turtle),(Chelonia mydas)-(Chelydra serpentina),(Reptilia)-(Reptilia),-1.150552385504419,-64.49861314033596
(Chinese Soft-Shelled Turtle)-(Green Sea Turtle+Snapping Turtle),(Pelodiscus sinensis)-(Chelonia mydas+Chelydra serpentina),(Reptilia)-(Reptilia+Reptilia),-0.8436207873890481,123.95407500223216
(West African Mud Turtle)-(Chinese Soft-Shelled Turtle+Green Sea Turtle+Snapping Turtle),(Pelusios castaneus)-(Pelodiscus sinensis+Chelonia mydas+Chelydra serpentina),(Reptilia)-(Reptilia+Reptilia+Reptilia),-0.3818077130707006,428.2554858306017
(Chicken+Golden Pheasant+Common Pheasant+Black Swan+Mute Swan+Bar-Headed Goose+Swan Goose+Eastern Spot-Billed Duck+Mallard+Steller'S Sea Eagle+Oriental Scops Owl+Barn Swallow+White Or Black-Backed Wagtail+Kakapo+Budgerigar+European Golden-Plover+Atlantic Puffin+Common Murre+Common Tern+Razorbill+Eurasian Woodcock+Common Snipe+Eurasian Coot+Royal Penguin+Emperor Penguin+White Stork+Emu+American Alligator)-(West African Mud Turtle+Chinese Soft-Shelled Turtle+Green Sea Turtle+Snapping Turtle),(Gallus gallus+Chrysolophus pictus+Phasianus colchicus+Cygnus atratus+Cygnus olor+Anser indicus+Anser cygnoides+Anas zonorhyncha+Anas platyrhynchos+Haliaeetus pelagicus+Otus sunia+Hirundo rustica+Motacilla alba alba+Strigops habroptila+Melopsittacus undulatus+Pluvialis apricaria+Fratercula arctica+Uria aalge+Sterna hirundo+Alca torda+Scolopax rusticola+Gallinago gallinago+Fulica atra+Eudyptes schlegeli+Aptenodytes forsteri+Ciconia ciconia+Dromaius novaehollandiae+Alligator mississippiensis)-(Pelusios castaneus+Pelodiscus sinensis+Chelonia mydas+Chelydra serpentina),(Aves+Aves+Aves+Aves+Aves+Aves+Aves+Aves+Aves+Aves+Aves+Aves+Aves+Aves+Aves+Aves+Aves+Aves+Aves+Aves+Aves+Aves+Aves+Aves+Aves+Aves+Aves+Reptilia)-(Reptilia+Reptilia+Reptilia+Reptilia),0.007669113339157385,63.89349271660121
(Desert Horned Lizard)-(Chinese Crocodile Lizard),(Phrynosoma platyrhinos)-(Shinisaurus crocodilurus),(Reptilia)-(Reptilia),-1.6921331292435353,-223.1923597472223
(Regal Horned Lizard)-(Desert Horned Lizard+Chinese Crocodile Lizard),(Sphenodon punctatus)-(Phrynosoma platyrhinos+Shinisaurus crocodilurus),(Reptilia)-(Reptilia+Reptilia),0.09886738935779138,134.63266745797216
(Chicken+Golden Pheasant+Common Pheasant+Black Swan+Mute Swan+Bar-Headed Goose+Swan Goose+Eastern Spot-Billed Duck+Mallard+Steller'S Sea Eagle+Oriental Scops Owl+Barn Swallow+White Or Black-Backed Wagtail+Kakapo+Budgerigar+European Golden-Plover+Atlantic Puffin+Common Murre+Common Tern+Razorbill+Eurasian Woodcock+Common Snipe+Eurasian Coot+Royal Penguin+Emperor Penguin+White Stork+Emu+American Alligator+West African Mud Turtle+Chinese Soft-Shelled Turtle+Green Sea Turtle+Snapping Turtle)-(Regal Horned Lizard+Desert Horned Lizard+Chinese Crocodile Lizard),(Gallus gallus+Chrysolophus pictus+Phasianus colchicus+Cygnus atratus+Cygnus olor+Anser indicus+Anser cygnoides+Anas zonorhyncha+Anas platyrhynchos+Haliaeetus pelagicus+Otus sunia+Hirundo rustica+Motacilla alba alba+Strigops habroptila+Melopsittacus undulatus+Pluvialis apricaria+Fratercula arctica+Uria aalge+Sterna hirundo+Alca torda+Scolopax rusticola+Gallinago gallinago+Fulica atra+Eudyptes schlegeli+Aptenodytes forsteri+Ciconia ciconia+Dromaius novaehollandiae+Alligator mississippiensis+Pelusios castaneus+Pelodiscus sinensis+Chelonia mydas+Chelydra serpentina)-(Sphenodon punctatus+Phrynosoma platyrhinos+Shinisaurus crocodilurus),(Aves+Aves+Aves+Aves+Aves+Aves+Aves+Aves+Aves+Aves+Aves+Aves+Aves+Aves+Aves+Aves+Aves+Aves+Aves+Aves+Aves+Aves+Aves+Aves+Aves+Aves+Aves+Reptilia+Reptilia+Reptilia+Reptilia+Reptilia)-(Reptilia+Reptilia+Reptilia),-0.6378567547614309,-133.65504717998985
(Western European Hedgehog+Fox+Ermine+Cat+Lion+Leopard+Horse+North Pacific Minke Whale+Orca+Cattle+Wild Boar+Alpaca+Rabbit+Guinea Pig+House Mouse+Common Marmoset+Rhesus Monkey+Pig-Tailed Macaque+Human+Chimpanzee+African Bush Elephant+Linne'S Two-Toed Sloth+Short-Beaked Echidna+Platypus)-(Chicken+Golden Pheasant+Common Pheasant+Black Swan+Mute Swan+Bar-Headed Goose+Swan Goose+Eastern Spot-Billed Duck+Mallard+Steller'S Sea Eagle+Oriental Scops Owl+Barn Swallow+White Or Black-Backed Wagtail+Kakapo+Budgerigar+European Golden-Plover+Atlantic Puffin+Common Murre+Common Tern+Razorbill+Eurasian Woodcock+Common Snipe+Eurasian Coot+Royal Penguin+Emperor Penguin+White Stork+Emu+American Alligator+West African Mud Turtle+Chinese Soft-Shelled Turtle+Green Sea Turtle+Snapping Turtle+Regal Horned Lizard+Desert Horned Lizard+Chinese Crocodile Lizard),(Erinaceus europaeus+Vulpes vulpes+Mustela erminea+Felis catus+Panthera leo+Panthera pardus+Equus caballus+Balaenoptera acutorostrata scammoni+Orcinus orca+Bos taurus+Sus scrofa+Vicugna pacos+Oryctolagus cuniculus+Cavia porcellus+Mus musculus+Callithrix jacchus+Macaca mulatta+Macaca nemestrina+Homo sapiens+Pan troglodytes+Loxodonta africana+Choloepus didactylus+Tachyglossus aculeatus+Ornithorhynchus anatinus)-(Gallus gallus+Chrysolophus pictus+Phasianus colchicus+Cygnus atratus+Cygnus olor+Anser indicus+Anser cygnoides+Anas zonorhyncha+Anas platyrhynchos+Haliaeetus pelagicus+Otus sunia+Hirundo rustica+Motacilla alba alba+Strigops habroptila+Melopsittacus undulatus+Pluvialis apricaria+Fratercula arctica+Uria aalge+Sterna hirundo+Alca torda+Scolopax rusticola+Gallinago gallinago+Fulica atra+Eudyptes schlegeli+Aptenodytes forsteri+Ciconia ciconia+Dromaius novaehollandiae+Alligator mississippiensis+Pelusios castaneus+Pelodiscus sinensis+Chelonia mydas+Chelydra serpentina+Sphenodon punctatus+Phrynosoma platyrhinos+Shinisaurus crocodilurus),(Mammalia+Mammalia+Mammalia+Mammalia+Mammalia+Mammalia+Mammalia+Mammalia+Mammalia+Mammalia+Mammalia+Mammalia+Mammalia+Mammalia+Mammalia+Mammalia+Mammalia+Mammalia+Mammalia+Mammalia+Mammalia+Mammalia+Mammalia+Mammalia)-(Aves+Aves+Aves+Aves+Aves+Aves+Aves+Aves+Aves+Aves+Aves+Aves+Aves+Aves+Aves+Aves+Aves+Aves+Aves+Aves+Aves+Aves+Aves+Aves+Aves+Aves+Aves+Reptilia+Reptilia+Reptilia+Reptilia+Reptilia+Reptilia+Reptilia+Reptilia),-0.4451411081981851,-279.26971536515924
(Axolotl)-(Iberian Ribbed Newt),(Ambystoma mexicanum)-(Pleurodeles waltl),(Amphibia)-(Amphibia),-0.5261716394011702,-133.4099705062322
(African Clawed Frog)-(Western Clawed Frog),(Xenopus laevis)-(Xenopus tropicalis),(Amphibia)-(Amphibia),0.09267215763820605,-1125.2253380430977
(African Clawed Frog+Western Clawed Frog)-(Common Toad),(Xenopus laevis+Xenopus tropicalis)-(Bufo bufo),(Amphibia+Amphibia)-(Amphibia),0.05160221076611191,179.21447799070685
(European Fire-Bellied Toad)-(Painted Frog),(Bombina bombina)-(Discoglossus pictus),(Amphibia)-(Amphibia),-0.05549451945776871,-132.24343986786283
(African Clawed Frog+Western Clawed Frog+Common Toad)-(European Fire-Bellied Toad+Painted Frog),(Xenopus laevis+Xenopus tropicalis+Bufo bufo)-(Bombina bombina+Discoglossus pictus),(Amphibia+Amphibia+Amphibia)-(Amphibia+Amphibia),0.035585266610048856,239.34148869432858
(Axolotl+Iberian Ribbed Newt)-(African Clawed Frog+Western Clawed Frog+Common Toad+European Fire-Bellied Toad+Painted Frog),(Ambystoma mexicanum+Pleurodeles waltl)-(Xenopus laevis+Xenopus tropicalis+Bufo bufo+Bombina bombina+Discoglossus pictus),(Amphibia+Amphibia)-(Amphibia+Amphibia+Amphibia+Amphibia+Amphibia),1.6453850389661473,11.774070419990942
(Western European Hedgehog+Fox+Ermine+Cat+Lion+Leopard+Horse+North Pacific Minke Whale+Orca+Cattle+Wild Boar+Alpaca+Rabbit+Guinea Pig+House Mouse+Common Marmoset+Rhesus Monkey+Pig-Tailed Macaque+Human+Chimpanzee+African Bush Elephant+Linne'S Two-Toed Sloth+Short-Beaked Echidna+Platypus+Chicken+Golden Pheasant+Common Pheasant+Black Swan+Mute Swan+Bar-Headed Goose+Swan Goose+Eastern Spot-Billed Duck+Mallard+Steller'S Sea Eagle+Oriental Scops Owl+Barn Swallow+White Or Black-Backed Wagtail+Kakapo+Budgerigar+European Golden-Plover+Atlantic Puffin+Common Murre+Common Tern+Razorbill+Eurasian Woodcock+Common Snipe+Eurasian Coot+Royal Penguin+Emperor Penguin+White Stork+Emu+American Alligator+West African Mud Turtle+Chinese Soft-Shelled Turtle+Green Sea Turtle+Snapping Turtle+Regal Horned Lizard+Desert Horned Lizard+Chinese Crocodile Lizard)-(Axolotl+Iberian Ribbed Newt+African Clawed Frog+Western Clawed Frog+Common Toad+European Fire-Bellied Toad+Painted Frog),(Erinaceus europaeus+Vulpes vulpes+Mustela erminea+Felis catus+Panthera leo+Panthera pardus+Equus caballus+Balaenoptera acutorostrata scammoni+Orcinus orca+Bos taurus+Sus scrofa+Vicugna pacos+Oryctolagus cuniculus+Cavia porcellus+Mus musculus+Callithrix jacchus+Macaca mulatta+Macaca nemestrina+Homo sapiens+Pan troglodytes+Loxodonta africana+Choloepus didactylus+Tachyglossus aculeatus+Ornithorhynchus anatinus+Gallus gallus+Chrysolophus pictus+Phasianus colchicus+Cygnus atratus+Cygnus olor+Anser indicus+Anser cygnoides+Anas zonorhyncha+Anas platyrhynchos+Haliaeetus pelagicus+Otus sunia+Hirundo rustica+Motacilla alba alba+Strigops habroptila+Melopsittacus undulatus+Pluvialis apricaria+Fratercula arctica+Uria aalge+Sterna hirundo+Alca torda+Scolopax rusticola+Gallinago gallinago+Fulica atra+Eudyptes schlegeli+Aptenodytes forsteri+Ciconia ciconia+Dromaius novaehollandiae+Alligator mississippiensis+Pelusios castaneus+Pelodiscus sinensis+Chelonia mydas+Chelydra serpentina+Sphenodon punctatus+Phrynosoma platyrhinos+Shinisaurus crocodilurus)-(Ambystoma mexicanum+Pleurodeles waltl+Xenopus laevis+Xenopus tropicalis+Bufo bufo+Bombina bombina+Discoglossus pictus),(Mammalia+Mammalia+Mammalia+Mammalia+Mammalia+Mammalia+Mammalia+Mammalia+Mammalia+Mammalia+Mammalia+Mammalia+Mammalia+Mammalia+Mammalia+Mammalia+Mammalia+Mammalia+Mammalia+Mammalia+Mammalia+Mammalia+Mammalia+Mammalia+Aves+Aves+Aves+Aves+Aves+Aves+Aves+Aves+Aves+Aves+Aves+Aves+Aves+Aves+Aves+Aves+Aves+Aves+Aves+Aves+Aves+Aves+Aves+Aves+Aves+Aves+Aves+Reptilia+Reptilia+Reptilia+Reptilia+Reptilia+Reptilia+Reptilia+Reptilia)-(Amphibia+Amphibia+Amphibia+Amphibia+Amphibia+Amphibia+Amphibia),0.3674257188319702,-251.73278236916423
