Common Name,Species,Class,Thoracic,D10
(Lion)-(Leopard),(Panthera leo)-(Panthera pardus),(Mammalia)-(Mammalia),0.0,14243.0
(Tiger)-(Lion+Leopard),(Panthera tigris)-(Panthera leo+Panthera pardus),(Mammalia)-(Mammalia+Mammalia),1.7763568394002505e-15,7116.5
(Cat)-(Tiger+Lion+Leopard),(Felis catus)-(Panthera tigris+Panthera leo+Panthera pardus),(Mammalia)-(Mammalia+Mammalia+Mammalia),0.0,-1045.6115726724406
(Suricate)-(Cat+Tiger+Lion+Leopard),(Suricata suricatta)-(Felis catus+Panthera tigris+Panthera leo+Panthera pardus),(Mammalia)-(Mammalia+Mammalia+Mammalia+Mammalia),2.0,16579.40164344794
(Ermine)-(American Black Bear),(Mustela erminea)-(Ursus americanus),(Mammalia)-(Mammalia),0.0,4521.0
(Fox)-(Ermine+American Black Bear),(Vulpes vulpes)-(Mustela erminea+Ursus americanus),(Mammalia)-(Mammalia+Mammalia),-1.0,11793.5
(Suricate+Cat+Tiger+Lion+Leopard)-(Fox+Ermine+American Black Bear),(Suricata suricatta+Felis catus+Panthera tigris+Panthera leo+Panthera pardus)-(Vulpes vulpes+Mustela erminea+Ursus americanus),(Mammalia+Mammalia+Mammalia+Mammalia+Mammalia)-(Mammalia+Mammalia+Mammalia),0.24916140790252328,5438.5642861478245
(Suricate+Cat+Tiger+Lion+Leopard+Fox+Ermine+American Black Bear)-(Horse),(Suricata suricatta+Felis catus+Panthera tigris+Panthera leo+Panthera pardus+Vulpes vulpes+Mustela erminea+Ursus americanus)-(Equus caballus),(Mammalia+Mammalia+Mammalia+Mammalia+Mammalia+Mammalia+Mammalia+Mammalia)-(Mammalia),-5.24975865546765,7114.596803720009
(Alpaca)-(Two-Humped Camel),(Vicugna pacos)-(Camelus ferus),(Mammalia)-(Mammalia),0.0,13339.0
(Orca)-(Bottle-Nose Dolphin),(Orcinus orca)-(Tursiops truncatus),(Mammalia)-(Mammalia),-2.0,-13766.0
(Narwhal)-(Orca+Bottle-Nose Dolphin),(Monodon monoceros)-(Orcinus orca+Tursiops truncatus),(Mammalia)-(Mammalia+Mammalia),0.0,11444.0
(Narwhal+Orca+Bottle-Nose Dolphin)-(North Pacific Minke Whale),(Monodon monoceros+Orcinus orca+Tursiops truncatus)-(Balaenoptera acutorostrata scammoni),(Mammalia+Mammalia+Mammalia)-(Mammalia),1.5,-1795.2971381971747
(Goat)-(Sheep),(Capra hircus)-(Ovis aries),(Mammalia)-(Mammalia),0.0,-7385.0
(Cattle)-(Goat+Sheep),(Bos taurus)-(Capra hircus+Ovis aries),(Mammalia)-(Mammalia+Mammalia),1.7763568394002505e-15,2191.5
(Narwhal+Orca+Bottle-Nose Dolphin+North Pacific Minke Whale)-(Cattle+Goat+Sheep),(Monodon monoceros+Orcinus orca+Tursiops truncatus+Balaenoptera acutorostrata scammoni)-(Bos taurus+Capra hircus+Ovis aries),(Mammalia+Mammalia+Mammalia+Mammalia)-(Mammalia+Mammalia+Mammalia),-1.6191014491182454,87.801660880903
(Narwhal+Orca+Bottle-Nose Dolphin+North Pacific Minke Whale+Cattle+Goat+Sheep)-(Wild Boar),(Monodon monoceros+Orcinus orca+Tursiops truncatus+Balaenoptera acutorostrata scammoni+Bos taurus+Capra hircus+Ovis aries)-(Sus scrofa),(Mammalia+Mammalia+Mammalia+Mammalia+Mammalia+Mammalia+Mammalia)-(Mammalia),-2.1403705455139885,10843.165486472668
(Alpaca+Two-Humped Camel)-(Narwhal+Orca+Bottle-Nose Dolphin+North Pacific Minke Whale+Cattle+Goat+Sheep+Wild Boar),(Vicugna pacos+Camelus ferus)-(Monodon monoceros+Orcinus orca+Tursiops truncatus+Balaenoptera acutorostrata scammoni+Bos taurus+Capra hircus+Ovis aries+Sus scrofa),(Mammalia+Mammalia)-(Mammalia+Mammalia+Mammalia+Mammalia+Mammalia+Mammalia+Mammalia+Mammalia),-0.7209496464436267,-1235.7035980222354
(Suricate+Cat+Tiger+Lion+Leopard+Fox+Ermine+American Black Bear+Horse)-(Alpaca+Two-Humped Camel+Narwhal+Orca+Bottle-Nose Dolphin+North Pacific Minke Whale+Cattle+Goat+Sheep+Wild Boar),(Suricata suricatta+Felis catus+Panthera tigris+Panthera leo+Panthera pardus+Vulpes vulpes+Mustela erminea+Ursus americanus+Equus caballus)-(Vicugna pacos+Camelus ferus+Monodon monoceros+Orcinus orca+Tursiops truncatus+Balaenoptera acutorostrata scammoni+Bos taurus+Capra hircus+Ovis aries+Sus scrofa),(Mammalia+Mammalia+Mammalia+Mammalia+Mammalia+Mammalia+Mammalia+Mammalia+Mammalia)-(Mammalia+Mammalia+Mammalia+Mammalia+Mammalia+Mammalia+Mammalia+Mammalia+Mammalia+Mammalia),2.8697650148845124,-3494.032007156574
(Suricate+Cat+Tiger+Lion+Leopard+Fox+Ermine+American Black Bear+Horse+Alpaca+Two-Humped Camel+Narwhal+Orca+Bottle-Nose Dolphin+North Pacific Minke Whale+Cattle+Goat+Sheep+Wild Boar)-(Flying Fox),(Suricata suricatta+Felis catus+Panthera tigris+Panthera leo+Panthera pardus+Vulpes vulpes+Mustela erminea+Ursus americanus+Equus caballus+Vicugna pacos+Camelus ferus+Monodon monoceros+Orcinus orca+Tursiops truncatus+Balaenoptera acutorostrata scammoni+Bos taurus+Capra hircus+Ovis aries+Sus scrofa)-(Pteropus vampyrus),(Mammalia+Mammalia+Mammalia+Mammalia+Mammalia+Mammalia+Mammalia+Mammalia+Mammalia+Mammalia+Mammalia+Mammalia+Mammalia+Mammalia+Mammalia+Mammalia+Mammalia+Mammalia+Mammalia)-(Mammalia),0.001168628620195733,-6937.512475279293
(Western European Hedgehog)-(Suricate+Cat+Tiger+Lion+Leopard+Fox+Ermine+American Black Bear+Horse+Alpaca+Two-Humped Camel+Narwhal+Orca+Bottle-Nose Dolphin+North Pacific Minke Whale+Cattle+Goat+Sheep+Wild Boar+Flying Fox),(Erinaceus europaeus)-(Suricata suricatta+Felis catus+Panthera tigris+Panthera leo+Panthera pardus+Vulpes vulpes+Mustela erminea+Ursus americanus+Equus caballus+Vicugna pacos+Camelus ferus+Monodon monoceros+Orcinus orca+Tursiops truncatus+Balaenoptera acutorostrata scammoni+Bos taurus+Capra hircus+Ovis aries+Sus scrofa+Pteropus vampyrus),(Mammalia)-(Mammalia+Mammalia+Mammalia+Mammalia+Mammalia+Mammalia+Mammalia+Mammalia+Mammalia+Mammalia+Mammalia+Mammalia+Mammalia+Mammalia+Mammalia+Mammalia+Mammalia+Mammalia+Mammalia+Mammalia),0.9990427187129516,101.85831484780738
(Norway Rat)-(House Mouse),(Rattus norvegicus)-(Mus musculus),(Mammalia)-(Mammalia),-0.5,10002.0
(Norway Rat+House Mouse)-(Guinea Pig),(Rattus norvegicus+Mus musculus)-(Cavia porcellus),(Mammalia+Mammalia)-(Mammalia),-0.7409607771107751,-10879.820614676051
(Rabbit)-(Norway Rat+House Mouse+Guinea Pig),(Oryctolagus cuniculus)-(Rattus norvegicus+Mus musculus+Cavia porcellus),(Mammalia)-(Mammalia+Mammalia+Mammalia),-1.1128071357265217,330.3062087904118
(Human)-(Chimpanzee),(Homo sapiens)-(Pan troglodytes),(Mammalia)-(Mammalia),-1.0,-3899.0
(Gorilla)-(Human+Chimpanzee),(Gorilla gorilla)-(Homo sapiens+Pan troglodytes),(Mammalia)-(Mammalia+Mammalia),-0.4827095209147618,3995.9155779533507
(Rhesus Monkey)-(Pig-Tailed Macaque),(Macaca mulatta)-(Macaca nemestrina),(Mammalia)-(Mammalia),0.0,-5889.0
(Gorilla+Human+Chimpanzee)-(Rhesus Monkey+Pig-Tailed Macaque),(Gorilla gorilla+Homo sapiens+Pan troglodytes)-(Macaca mulatta+Macaca nemestrina),(Mammalia+Mammalia+Mammalia)-(Mammalia+Mammalia),0.3099861595065274,-5069.4603796256915
(Common Marmoset)-(Gorilla+Human+Chimpanzee+Rhesus Monkey+Pig-Tailed Macaque),(Callithrix jacchus)-(Gorilla gorilla+Homo sapiens+Pan troglodytes+Macaca mulatta+Macaca nemestrina),(Mammalia)-(Mammalia+Mammalia+Mammalia+Mammalia+Mammalia),0.8359687842411567,5724.173007020177
(Lemur)-(Common Marmoset+Gorilla+Human+Chimpanzee+Rhesus Monkey+Pig-Tailed Macaque),(Lemur catta)-(Callithrix jacchus+Gorilla gorilla+Homo sapiens+Pan troglodytes+Macaca mulatta+Macaca nemestrina),(Mammalia)-(Mammalia+Mammalia+Mammalia+Mammalia+Mammalia+Mammalia),-0.4825544752418658,3739.1319461438798
(Rabbit+Norway Rat+House Mouse+Guinea Pig)-(Lemur+Common Marmoset+Gorilla+Human+Chimpanzee+Rhesus Monkey+Pig-Tailed Macaque),(Oryctolagus cuniculus+Rattus norvegicus+Mus musculus+Cavia porcellus)-(Lemur catta+Callithrix jacchus+Gorilla gorilla+Homo sapiens+Pan troglodytes+Macaca mulatta+Macaca nemestrina),(Mammalia+Mammalia+Mammalia+Mammalia)-(Mammalia+Mammalia+Mammalia+Mammalia+Mammalia+Mammalia+Mammalia),0.4295818845004522,-3050.8457585249
(Western European Hedgehog+Suricate+Cat+Tiger+Lion+Leopard+Fox+Ermine+American Black Bear+Horse+Alpaca+Two-Humped Camel+Narwhal+Orca+Bottle-Nose Dolphin+North Pacific Minke Whale+Cattle+Goat+Sheep+Wild Boar+Flying Fox)-(Rabbit+Norway Rat+House Mouse+Guinea Pig+Lemur+Common Marmoset+Gorilla+Human+Chimpanzee+Rhesus Monkey+Pig-Tailed Macaque),(Erinaceus europaeus+Suricata suricatta+Felis catus+Panthera tigris+Panthera leo+Panthera pardus+Vulpes vulpes+Mustela erminea+Ursus americanus+Equus caballus+Vicugna pacos+Camelus ferus+Monodon monoceros+Orcinus orca+Tursiops truncatus+Balaenoptera acutorostrata scammoni+Bos taurus+Capra hircus+Ovis aries+Sus scrofa+Pteropus vampyrus)-(Oryctolagus cuniculus+Rattus norvegicus+Mus musculus+Cavia porcellus+Lemur catta+Callithrix jacchus+Gorilla gorilla+Homo sapiens+Pan troglodytes+Macaca mulatta+Macaca nemestrina),(Mammalia+Mammalia+Mammalia+Mammalia+Mammalia+Mammalia+Mammalia+Mammalia+Mammalia+Mammalia+Mammalia+Mammalia+Mammalia+Mammalia+Mammalia+Mammalia+Mammalia+Mammalia+Mammalia+Mammalia+Mammalia)-(Mammalia+Mammalia+Mammalia+Mammalia+Mammalia+Mammalia+Mammalia+Mammalia+Mammalia+Mammalia+Mammalia),1.6617189506244863,-1290.3924785602148
(African Bush Elephant)-(Linne'S Two-Toed Sloth),(Loxodonta africana)-(Choloepus didactylus),(Mammalia)-(Mammalia),-2.5,5521.0
(Western European Hedgehog+Suricate+Cat+Tiger+Lion+Leopard+Fox+Ermine+American Black Bear+Horse+Alpaca+Two-Humped Camel+Narwhal+Orca+Bottle-Nose Dolphin+North Pacific Minke Whale+Cattle+Goat+Sheep+Wild Boar+Flying Fox+Rabbit+Norway Rat+House Mouse+Guinea Pig+Lemur+Common Marmoset+Gorilla+Human+Chimpanzee+Rhesus Monkey+Pig-Tailed Macaque)-(African Bush Elephant+Linne'S Two-Toed Sloth),(Erinaceus europaeus+Suricata suricatta+Felis catus+Panthera tigris+Panthera leo+Panthera pardus+Vulpes vulpes+Mustela erminea+Ursus americanus+Equus caballus+Vicugna pacos+Camelus ferus+Monodon monoceros+Orcinus orca+Tursiops truncatus+Balaenoptera acutorostrata scammoni+Bos taurus+Capra hircus+Ovis aries+Sus scrofa+Pteropus vampyrus+Oryctolagus cuniculus+Rattus norvegicus+Mus musculus+Cavia porcellus+Lemur catta+Callithrix jacchus+Gorilla gorilla+Homo sapiens+Pan troglodytes+Macaca mulatta+Macaca nemestrina)-(Loxodonta africana+Choloepus didactylus),(Mammalia+Mammalia+Mammalia+Mammalia+Mammalia+Mammalia+Mammalia+Mammalia+Mammalia+Mammalia+Mammalia+Mammalia+Mammalia+Mammalia+Mammalia+Mammalia+Mammalia+Mammalia+Mammalia+Mammalia+Mammalia+Mammalia+Mammalia+Mammalia+Mammalia+Mammalia+Mammalia+Mammalia+Mammalia+Mammalia+Mammalia+Mammalia)-(Mammalia+Mammalia),-8.354455106581636,-2140.6089216682276
(Short-Beaked Echidna)-(Platypus),(Tachyglossus aculeatus)-(Ornithorhynchus anatinus),(Mammalia)-(Mammalia),-1.0,252.0
(Western European Hedgehog+Suricate+Cat+Tiger+Lion+Leopard+Fox+Ermine+American Black Bear+Horse+Alpaca+Two-Humped Camel+Narwhal+Orca+Bottle-Nose Dolphin+North Pacific Minke Whale+Cattle+Goat+Sheep+Wild Boar+Flying Fox+Rabbit+Norway Rat+House Mouse+Guinea Pig+Lemur+Common Marmoset+Gorilla+Human+Chimpanzee+Rhesus Monkey+Pig-Tailed Macaque+African Bush Elephant+Linne'S Two-Toed Sloth)-(Short-Beaked Echidna+Platypus),(Erinaceus europaeus+Suricata suricatta+Felis catus+Panthera tigris+Panthera leo+Panthera pardus+Vulpes vulpes+Mustela erminea+Ursus americanus+Equus caballus+Vicugna pacos+Camelus ferus+Monodon monoceros+Orcinus orca+Tursiops truncatus+Balaenoptera acutorostrata scammoni+Bos taurus+Capra hircus+Ovis aries+Sus scrofa+Pteropus vampyrus+Oryctolagus cuniculus+Rattus norvegicus+Mus musculus+Cavia porcellus+Lemur catta+Callithrix jacchus+Gorilla gorilla+Homo sapiens+Pan troglodytes+Macaca mulatta+Macaca nemestrina+Loxodonta africana+Choloepus didactylus)-(Tachyglossus aculeatus+Ornithorhynchus anatinus),(Mammalia+Mammalia+Mammalia+Mammalia+Mammalia+Mammalia+Mammalia+Mammalia+Mammalia+Mammalia+Mammalia+Mammalia+Mammalia+Mammalia+Mammalia+Mammalia+Mammalia+Mammalia+Mammalia+Mammalia+Mammalia+Mammalia+Mammalia+Mammalia+Mammalia+Mammalia+Mammalia+Mammalia+Mammalia+Mammalia+Mammalia+Mammalia+Mammalia+Mammalia)-(Mammalia+Mammalia),-0.9467658160051275,984.7420885619176
(Golden Pheasant)-(Common Pheasant),(Chrysolophus pictus)-(Phasianus colchicus),(Aves)-(Aves),1.5,-878.0
(Chicken)-(Golden Pheasant+Common Pheasant),(Gallus gallus)-(Chrysolophus pictus+Phasianus colchicus),(Aves)-(Aves+Aves),-0.25,472.0
(Black Swan)-(Mute Swan),(Cygnus atratus)-(Cygnus olor),(Aves)-(Aves),1.0,-839.0
(Bar-Headed Goose)-(Swan Goose),(Anser indicus)-(Anser cygnoides),(Aves)-(Aves),3.0,-6688.0
(Black Swan+Mute Swan)-(Bar-Headed Goose+Swan Goose),(Cygnus atratus+Cygnus olor)-(Anser indicus+Anser cygnoides),(Aves+Aves)-(Aves+Aves),-0.4999999999999991,2304.5
(Eastern Spot-Billed Duck)-(Mallard),(Anas zonorhyncha)-(Anas platyrhynchos),(Aves)-(Aves),0.0,3788.0
(Black Swan+Mute Swan+Bar-Headed Goose+Swan Goose)-(Eastern Spot-Billed Duck+Mallard),(Cygnus atratus+Cygnus olor+Anser indicus+Anser cygnoides)-(Anas zonorhyncha+Anas platyrhynchos),(Aves+Aves+Aves+Aves)-(Aves+Aves),1.2634026155133649,1899.4773450989032
(Chicken+Golden Pheasant+Common Pheasant)-(Black Swan+Mute Swan+Bar-Headed Goose+Swan Goose+Eastern Spot-Billed Duck+Mallard),(Gallus gallus+Chrysolophus pictus+Phasianus colchicus)-(Cygnus atratus+Cygnus olor+Anser indicus+Anser cygnoides+Anas zonorhyncha+Anas platyrhynchos),(Aves+Aves+Aves)-(Aves+Aves+Aves+Aves+Aves+Aves),-0.5509748131495096,1852.6715093976418
(Brown Falcon)-(Merlin),(Falco berigora)-(Falco columbarius),(Aves)-(Aves),0.0,-1148.0
(White Or Black-Backed Wagtail)-(Zebra Finch),(Motacilla alba alba)-(Taeniopygia guttata),(Aves)-(Aves),-2.0,55.0
(White Or Black-Backed Wagtail+Zebra Finch)-(Barn Swallow),(Motacilla alba alba+Taeniopygia guttata)-(Hirundo rustica),(Aves+Aves)-(Aves),0.0,-66.5
(Kakapo)-(Budgerigar),(Strigops habroptila)-(Melopsittacus undulatus),(Aves)-(Aves),2.0,288.0
(White Or Black-Backed Wagtail+Zebra Finch+Barn Swallow)-(Kakapo+Budgerigar),(Motacilla alba alba+Taeniopygia guttata+Hirundo rustica)-(Strigops habroptila+Melopsittacus undulatus),(Aves+Aves+Aves)-(Aves+Aves),0.0,-4634.594216082598
(Brown Falcon+Merlin)-(White Or Black-Backed Wagtail+Zebra Finch+Barn Swallow+Kakapo+Budgerigar),(Falco berigora+Falco columbarius)-(Motacilla alba alba+Taeniopygia guttata+Hirundo rustica+Strigops habroptila+Melopsittacus undulatus),(Aves+Aves)-(Aves+Aves+Aves+Aves+Aves),1.0,-15.789454295183532
(California Condor)-(Steller'S Sea Eagle),(Gymnogyps californianus)-(Haliaeetus pelagicus),(Aves)-(Aves),-1.0,5288.0
(California Condor+Steller'S Sea Eagle)-(Oriental Scops Owl),(Gymnogyps californianus+Haliaeetus pelagicus)-(Otus sunia),(Aves+Aves)-(Aves),0.5000000000000009,1683.0
(Brown Falcon+Merlin+White Or Black-Backed Wagtail+Zebra Finch+Barn Swallow+Kakapo+Budgerigar)-(California Condor+Steller'S Sea Eagle+Oriental Scops Owl),(Falco berigora+Falco columbarius+Motacilla alba alba+Taeniopygia guttata+Hirundo rustica+Strigops habroptila+Melopsittacus undulatus)-(Gymnogyps californianus+Haliaeetus pelagicus+Otus sunia),(Aves+Aves+Aves+Aves+Aves+Aves+Aves)-(Aves+Aves+Aves),0.9558625461633419,2699.8564473043334
(Eurasian Woodcock)-(Common Snipe),(Scolopax rusticola)-(Gallinago gallinago),(Aves)-(Aves),-1.0,424.0
(Ruff)-(Eurasian Woodcock+Common Snipe),(Calidris pugnax)-(Scolopax rusticola+Gallinago gallinago),(Aves)-(Aves+Aves),1.5,5606.000000000002
(Common Tern)-(Razorbill),(Sterna hirundo)-(Alca torda),(Aves)-(Aves),-1.0,22.0
(Common Murre)-(Common Tern+Razorbill),(Uria aalge)-(Sterna hirundo+Alca torda),(Aves)-(Aves+Aves),-0.833333333333333,-30.0
(Atlantic Puffin)-(Common Murre+Common Tern+Razorbill),(Fratercula arctica)-(Uria aalge+Sterna hirundo+Alca torda),(Aves)-(Aves+Aves+Aves),-0.2058671528507201,49.58878249737609
(Ruff+Eurasian Woodcock+Common Snipe)-(Atlantic Puffin+Common Murre+Common Tern+Razorbill),(Calidris pugnax+Scolopax rusticola+Gallinago gallinago)-(Fratercula arctica+Uria aalge+Sterna hirundo+Alca torda),(Aves+Aves+Aves)-(Aves+Aves+Aves+Aves),-0.0643692234401545,2327.818021161109
(European Golden-Plover)-(Ruff+Eurasian Woodcock+Common Snipe+Atlantic Puffin+Common Murre+Common Tern+Razorbill),(Pluvialis apricaria)-(Calidris pugnax+Scolopax rusticola+Gallinago gallinago+Fratercula arctica+Uria aalge+Sterna hirundo+Alca torda),(Aves)-(Aves+Aves+Aves+Aves+Aves+Aves+Aves),-1.114323417820911,-1044.1238585653646
(Royal Penguin)-(Emperor Penguin),(Eudyptes schlegeli)-(Aptenodytes forsteri),(Aves)-(Aves),-1.5,3231.0
(Royal Penguin+Emperor Penguin)-(White Stork),(Eudyptes schlegeli+Aptenodytes forsteri)-(Ciconia ciconia),(Aves+Aves)-(Aves),2.25,2399.5
(Eurasian Coot)-(Royal Penguin+Emperor Penguin+White Stork),(Fulica atra)-(Eudyptes schlegeli+Aptenodytes forsteri+Ciconia ciconia),(Aves)-(Aves+Aves+Aves),1.283429136148639,3408.5947609727373
(European Golden-Plover+Ruff+Eurasian Woodcock+Common Snipe+Atlantic Puffin+Common Murre+Common Tern+Razorbill)-(Eurasian Coot+Royal Penguin+Emperor Penguin+White Stork),(Pluvialis apricaria+Calidris pugnax+Scolopax rusticola+Gallinago gallinago+Fratercula arctica+Uria aalge+Sterna hirundo+Alca torda)-(Fulica atra+Eudyptes schlegeli+Aptenodytes forsteri+Ciconia ciconia),(Aves+Aves+Aves+Aves+Aves+Aves+Aves+Aves)-(Aves+Aves+Aves+Aves),-0.257549190825352,2612.546443758176
(Brown Falcon+Merlin+White Or Black-Backed Wagtail+Zebra Finch+Barn Swallow+Kakapo+Budgerigar+California Condor+Steller'S Sea Eagle+Oriental Scops Owl)-(European Golden-Plover+Ruff+Eurasian Woodcock+Common Snipe+Atlantic Puffin+Common Murre+Common Tern+Razorbill+Eurasian Coot+Royal Penguin+Emperor Penguin+White Stork),(Falco berigora+Falco columbarius+Motacilla alba alba+Taeniopygia guttata+Hirundo rustica+Strigops habroptila+Melopsittacus undulatus+Gymnogyps californianus+Haliaeetus pelagicus+Otus sunia)-(Pluvialis apricaria+Calidris pugnax+Scolopax rusticola+Gallinago gallinago+Fratercula arctica+Uria aalge+Sterna hirundo+Alca torda+Fulica atra+Eudyptes schlegeli+Aptenodytes forsteri+Ciconia ciconia),(Aves+Aves+Aves+Aves+Aves+Aves+Aves+Aves+Aves+Aves)-(Aves+Aves+Aves+Aves+Aves+Aves+Aves+Aves+Aves+Aves+Aves+Aves),-1.1384635380087538,-1815.1219106276421
(Brown Falcon+Merlin+White Or Black-Backed Wagtail+Zebra Finch+Barn Swallow+Kakapo+Budgerigar+California Condor+Steller'S Sea Eagle+Oriental Scops Owl+European Golden-Plover+Ruff+Eurasian Woodcock+Common Snipe+Atlantic Puffin+Common Murre+Common Tern+Razorbill+Eurasian Coot+Royal Penguin+Emperor Penguin+White Stork)-(Common Cuckoo),(Falco berigora+Falco columbarius+Motacilla alba alba+Taeniopygia guttata+Hirundo rustica+Strigops habroptila+Melopsittacus undulatus+Gymnogyps californianus+Haliaeetus pelagicus+Otus sunia+Pluvialis apricaria+Calidris pugnax+Scolopax rusticola+Gallinago gallinago+Fratercula arctica+Uria aalge+Sterna hirundo+Alca torda+Fulica atra+Eudyptes schlegeli+Aptenodytes forsteri+Ciconia ciconia)-(Cuculus canorus),(Aves+Aves+Aves+Aves+Aves+Aves+Aves+Aves+Aves+Aves+Aves+Aves+Aves+Aves+Aves+Aves+Aves+Aves+Aves+Aves+Aves+Aves)-(Aves),1.4701112507630256,2627.992854298871
(Chicken+Golden Pheasant+Common Pheasant+Black Swan+Mute Swan+Bar-Headed Goose+Swan Goose+Eastern Spot-Billed Duck+Mallard)-(Brown Falcon+Merlin+White Or Black-Backed Wagtail+Zebra Finch+Barn Swallow+Kakapo+Budgerigar+California Condor+Steller'S Sea Eagle+Oriental Scops Owl+European Golden-Plover+Ruff+Eurasian Woodcock+Common Snipe+Atlantic Puffin+Common Murre+Common Tern+Razorbill+Eurasian Coot+Royal Penguin+Emperor Penguin+White Stork+Common Cuckoo),(Gallus gallus+Chrysolophus pictus+Phasianus colchicus+Cygnus atratus+Cygnus olor+Anser indicus+Anser cygnoides+Anas zonorhyncha+Anas platyrhynchos)-(Falco berigora+Falco columbarius+Motacilla alba alba+Taeniopygia guttata+Hirundo rustica+Strigops habroptila+Melopsittacus undulatus+Gymnogyps californianus+Haliaeetus pelagicus+Otus sunia+Pluvialis apricaria+Calidris pugnax+Scolopax rusticola+Gallinago gallinago+Fratercula arctica+Uria aalge+Sterna hirundo+Alca torda+Fulica atra+Eudyptes schlegeli+Aptenodytes forsteri+Ciconia ciconia+Cuculus canorus),(Aves+Aves+Aves+Aves+Aves+Aves+Aves+Aves+Aves)-(Aves+Aves+Aves+Aves+Aves+Aves+Aves+Aves+Aves+Aves+Aves+Aves+Aves+Aves+Aves+Aves+Aves+Aves+Aves+Aves+Aves+Aves+Aves),0.1866766905434032,1334.5886373302328
(Okarito Kiwi)-(Emu),(Apteryx rowi)-(Dromaius novaehollandiae),(Aves)-(Aves),-0.3333333333333339,-902.0
(Chicken+Golden Pheasant+Common Pheasant+Black Swan+Mute Swan+Bar-Headed Goose+Swan Goose+Eastern Spot-Billed Duck+Mallard+Brown Falcon+Merlin+White Or Black-Backed Wagtail+Zebra Finch+Barn Swallow+Kakapo+Budgerigar+California Condor+Steller'S Sea Eagle+Oriental Scops Owl+European Golden-Plover+Ruff+Eurasian Woodcock+Common Snipe+Atlantic Puffin+Common Murre+Common Tern+Razorbill+Eurasian Coot+Royal Penguin+Emperor Penguin+White Stork+Common Cuckoo)-(Okarito Kiwi+Emu),(Gallus gallus+Chrysolophus pictus+Phasianus colchicus+Cygnus atratus+Cygnus olor+Anser indicus+Anser cygnoides+Anas zonorhyncha+Anas platyrhynchos+Falco berigora+Falco columbarius+Motacilla alba alba+Taeniopygia guttata+Hirundo rustica+Strigops habroptila+Melopsittacus undulatus+Gymnogyps californianus+Haliaeetus pelagicus+Otus sunia+Pluvialis apricaria+Calidris pugnax+Scolopax rusticola+Gallinago gallinago+Fratercula arctica+Uria aalge+Sterna hirundo+Alca torda+Fulica atra+Eudyptes schlegeli+Aptenodytes forsteri+Ciconia ciconia+Cuculus canorus)-(Apteryx rowi+Dromaius novaehollandiae),(Aves+Aves+Aves+Aves+Aves+Aves+Aves+Aves+Aves+Aves+Aves+Aves+Aves+Aves+Aves+Aves+Aves+Aves+Aves+Aves+Aves+Aves+Aves+Aves+Aves+Aves+Aves+Aves+Aves+Aves+Aves+Aves)-(Aves+Aves),-1.8716742215390596,-1797.7684099877588
(American Alligator)-(Australian Saltwater Crocodile),(Alligator mississippiensis)-(Crocodylus porosus),(Reptilia)-(Reptilia),2.0,1681.0
(Chicken+Golden Pheasant+Common Pheasant+Black Swan+Mute Swan+Bar-Headed Goose+Swan Goose+Eastern Spot-Billed Duck+Mallard+Brown Falcon+Merlin+White Or Black-Backed Wagtail+Zebra Finch+Barn Swallow+Kakapo+Budgerigar+California Condor+Steller'S Sea Eagle+Oriental Scops Owl+European Golden-Plover+Ruff+Eurasian Woodcock+Common Snipe+Atlantic Puffin+Common Murre+Common Tern+Razorbill+Eurasian Coot+Royal Penguin+Emperor Penguin+White Stork+Common Cuckoo+Okarito Kiwi+Emu)-(American Alligator+Australian Saltwater Crocodile),(Gallus gallus+Chrysolophus pictus+Phasianus colchicus+Cygnus atratus+Cygnus olor+Anser indicus+Anser cygnoides+Anas zonorhyncha+Anas platyrhynchos+Falco berigora+Falco columbarius+Motacilla alba alba+Taeniopygia guttata+Hirundo rustica+Strigops habroptila+Melopsittacus undulatus+Gymnogyps californianus+Haliaeetus pelagicus+Otus sunia+Pluvialis apricaria+Calidris pugnax+Scolopax rusticola+Gallinago gallinago+Fratercula arctica+Uria aalge+Sterna hirundo+Alca torda+Fulica atra+Eudyptes schlegeli+Aptenodytes forsteri+Ciconia ciconia+Cuculus canorus+Apteryx rowi+Dromaius novaehollandiae)-(Alligator mississippiensis+Crocodylus porosus),(Aves+Aves+Aves+Aves+Aves+Aves+Aves+Aves+Aves+Aves+Aves+Aves+Aves+Aves+Aves+Aves+Aves+Aves+Aves+Aves+Aves+Aves+Aves+Aves+Aves+Aves+Aves+Aves+Aves+Aves+Aves+Aves+Aves+Aves)-(Reptilia+Reptilia),-12.178789127862334,-3045.828492108125
(Green Sea Turtle)-(Snapping Turtle),(Chelonia mydas)-(Chelydra serpentina),(Reptilia)-(Reptilia),0.5,-31.0
(Chinese Soft-Shelled Turtle)-(Green Sea Turtle+Snapping Turtle),(Pelodiscus sinensis)-(Chelonia mydas+Chelydra serpentina),(Reptilia)-(Reptilia+Reptilia),0.75,11423.5
(West African Mud Turtle)-(Chinese Soft-Shelled Turtle+Green Sea Turtle+Snapping Turtle),(Pelusios castaneus)-(Pelodiscus sinensis+Chelonia mydas+Chelydra serpentina),(Reptilia)-(Reptilia+Reptilia+Reptilia),-2.5557188855168462,-4486.006251602268
(Chicken+Golden Pheasant+Common Pheasant+Black Swan+Mute Swan+Bar-Headed Goose+Swan Goose+Eastern Spot-Billed Duck+Mallard+Brown Falcon+Merlin+White Or Black-Backed Wagtail+Zebra Finch+Barn Swallow+Kakapo+Budgerigar+California Condor+Steller'S Sea Eagle+Oriental Scops Owl+European Golden-Plover+Ruff+Eurasian Woodcock+Common Snipe+Atlantic Puffin+Common Murre+Common Tern+Razorbill+Eurasian Coot+Royal Penguin+Emperor Penguin+White Stork+Common Cuckoo+Okarito Kiwi+Emu+American Alligator+Australian Saltwater Crocodile)-(West African Mud Turtle+Chinese Soft-Shelled Turtle+Green Sea Turtle+Snapping Turtle),(Gallus gallus+Chrysolophus pictus+Phasianus colchicus+Cygnus atratus+Cygnus olor+Anser indicus+Anser cygnoides+Anas zonorhyncha+Anas platyrhynchos+Falco berigora+Falco columbarius+Motacilla alba alba+Taeniopygia guttata+Hirundo rustica+Strigops habroptila+Melopsittacus undulatus+Gymnogyps californianus+Haliaeetus pelagicus+Otus sunia+Pluvialis apricaria+Calidris pugnax+Scolopax rusticola+Gallinago gallinago+Fratercula arctica+Uria aalge+Sterna hirundo+Alca torda+Fulica atra+Eudyptes schlegeli+Aptenodytes forsteri+Ciconia ciconia+Cuculus canorus+Apteryx rowi+Dromaius novaehollandiae+Alligator mississippiensis+Crocodylus porosus)-(Pelusios castaneus+Pelodiscus sinensis+Chelonia mydas+Chelydra serpentina),(Aves+Aves+Aves+Aves+Aves+Aves+Aves+Aves+Aves+Aves+Aves+Aves+Aves+Aves+Aves+Aves+Aves+Aves+Aves+Aves+Aves+Aves+Aves+Aves+Aves+Aves+Aves+Aves+Aves+Aves+Aves+Aves+Aves+Aves+Reptilia+Reptilia)-(Reptilia+Reptilia+Reptilia+Reptilia),3.4721690317725713,2701.905903609537
(Sand Lizard)-(Common Wall Lizard),(Lacerta agilis)-(Podarcis muralis),(Reptilia)-(Reptilia),0.0,-580.0
(Viviparous (Common) Lizard)-(Sand Lizard+Common Wall Lizard),(Zootoca vivipara)-(Lacerta agilis+Podarcis muralis),(Reptilia)-(Reptilia+Reptilia),0.0,-435.9999999999982
(Viviparous (Common) Lizard+Sand Lizard+Common Wall Lizard)-(Argentine Black And White Tegu),(Zootoca vivipara+Lacerta agilis+Podarcis muralis)-(Salvator merianae),(Reptilia+Reptilia+Reptilia)-(Reptilia),-1.9999999999999964,3027.252144457645
(Central Bearded Dragon)-(Desert Horned Lizard),(Pogona vitticeps)-(Phrynosoma platyrhinos),(Reptilia)-(Reptilia),-3.0,5569.0
(Chinese Crocodile Lizard)-(Komodo Dragon),(Shinisaurus crocodilurus)-(Varanus komodoensis),(Reptilia)-(Reptilia),-2.3299999999999983,925.0
(Central Bearded Dragon+Desert Horned Lizard)-(Chinese Crocodile Lizard+Komodo Dragon),(Pogona vitticeps+Phrynosoma platyrhinos)-(Shinisaurus crocodilurus+Varanus komodoensis),(Reptilia+Reptilia)-(Reptilia+Reptilia),-6.335000000000004,2161.0
(Viviparous (Common) Lizard+Sand Lizard+Common Wall Lizard+Argentine Black And White Tegu)-(Central Bearded Dragon+Desert Horned Lizard+Chinese Crocodile Lizard+Komodo Dragon),(Zootoca vivipara+Lacerta agilis+Podarcis muralis+Salvator merianae)-(Pogona vitticeps+Phrynosoma platyrhinos+Shinisaurus crocodilurus+Varanus komodoensis),(Reptilia+Reptilia+Reptilia+Reptilia)-(Reptilia+Reptilia+Reptilia+Reptilia),0.5282231551193526,3286.415886967212
(Viviparous (Common) Lizard+Sand Lizard+Common Wall Lizard+Argentine Black And White Tegu+Central Bearded Dragon+Desert Horned Lizard+Chinese Crocodile Lizard+Komodo Dragon)-(Common Leopard Gecko),(Zootoca vivipara+Lacerta agilis+Podarcis muralis+Salvator merianae+Pogona vitticeps+Phrynosoma platyrhinos+Shinisaurus crocodilurus+Varanus komodoensis)-(Eublepharis macularius),(Reptilia+Reptilia+Reptilia+Reptilia+Reptilia+Reptilia+Reptilia+Reptilia)-(Reptilia),-2.425391828051154,2183.8868442489093
(Regal Horned Lizard)-(Viviparous (Common) Lizard+Sand Lizard+Common Wall Lizard+Argentine Black And White Tegu+Central Bearded Dragon+Desert Horned Lizard+Chinese Crocodile Lizard+Komodo Dragon+Common Leopard Gecko),(Sphenodon punctatus)-(Zootoca vivipara+Lacerta agilis+Podarcis muralis+Salvator merianae+Pogona vitticeps+Phrynosoma platyrhinos+Shinisaurus crocodilurus+Varanus komodoensis+Eublepharis macularius),(Reptilia)-(Reptilia+Reptilia+Reptilia+Reptilia+Reptilia+Reptilia+Reptilia+Reptilia+Reptilia),-0.12433394986935653,-2444.8992383453497
(Chicken+Golden Pheasant+Common Pheasant+Black Swan+Mute Swan+Bar-Headed Goose+Swan Goose+Eastern Spot-Billed Duck+Mallard+Brown Falcon+Merlin+White Or Black-Backed Wagtail+Zebra Finch+Barn Swallow+Kakapo+Budgerigar+California Condor+Steller'S Sea Eagle+Oriental Scops Owl+European Golden-Plover+Ruff+Eurasian Woodcock+Common Snipe+Atlantic Puffin+Common Murre+Common Tern+Razorbill+Eurasian Coot+Royal Penguin+Emperor Penguin+White Stork+Common Cuckoo+Okarito Kiwi+Emu+American Alligator+Australian Saltwater Crocodile+West African Mud Turtle+Chinese Soft-Shelled Turtle+Green Sea Turtle+Snapping Turtle)-(Regal Horned Lizard+Viviparous (Common) Lizard+Sand Lizard+Common Wall Lizard+Argentine Black And White Tegu+Central Bearded Dragon+Desert Horned Lizard+Chinese Crocodile Lizard+Komodo Dragon+Common Leopard Gecko),(Gallus gallus+Chrysolophus pictus+Phasianus colchicus+Cygnus atratus+Cygnus olor+Anser indicus+Anser cygnoides+Anas zonorhyncha+Anas platyrhynchos+Falco berigora+Falco columbarius+Motacilla alba alba+Taeniopygia guttata+Hirundo rustica+Strigops habroptila+Melopsittacus undulatus+Gymnogyps californianus+Haliaeetus pelagicus+Otus sunia+Pluvialis apricaria+Calidris pugnax+Scolopax rusticola+Gallinago gallinago+Fratercula arctica+Uria aalge+Sterna hirundo+Alca torda+Fulica atra+Eudyptes schlegeli+Aptenodytes forsteri+Ciconia ciconia+Cuculus canorus+Apteryx rowi+Dromaius novaehollandiae+Alligator mississippiensis+Crocodylus porosus+Pelusios castaneus+Pelodiscus sinensis+Chelonia mydas+Chelydra serpentina)-(Sphenodon punctatus+Zootoca vivipara+Lacerta agilis+Podarcis muralis+Salvator merianae+Pogona vitticeps+Phrynosoma platyrhinos+Shinisaurus crocodilurus+Varanus komodoensis+Eublepharis macularius),(Aves+Aves+Aves+Aves+Aves+Aves+Aves+Aves+Aves+Aves+Aves+Aves+Aves+Aves+Aves+Aves+Aves+Aves+Aves+Aves+Aves+Aves+Aves+Aves+Aves+Aves+Aves+Aves+Aves+Aves+Aves+Aves+Aves+Aves+Reptilia+Reptilia+Reptilia+Reptilia+Reptilia+Reptilia)-(Reptilia+Reptilia+Reptilia+Reptilia+Reptilia+Reptilia+Reptilia+Reptilia+Reptilia+Reptilia),-10.474796758437355,13.886725125830708
(Western European Hedgehog+Suricate+Cat+Tiger+Lion+Leopard+Fox+Ermine+American Black Bear+Horse+Alpaca+Two-Humped Camel+Narwhal+Orca+Bottle-Nose Dolphin+North Pacific Minke Whale+Cattle+Goat+Sheep+Wild Boar+Flying Fox+Rabbit+Norway Rat+House Mouse+Guinea Pig+Lemur+Common Marmoset+Gorilla+Human+Chimpanzee+Rhesus Monkey+Pig-Tailed Macaque+African Bush Elephant+Linne'S Two-Toed Sloth+Short-Beaked Echidna+Platypus)-(Chicken+Golden Pheasant+Common Pheasant+Black Swan+Mute Swan+Bar-Headed Goose+Swan Goose+Eastern Spot-Billed Duck+Mallard+Brown Falcon+Merlin+White Or Black-Backed Wagtail+Zebra Finch+Barn Swallow+Kakapo+Budgerigar+California Condor+Steller'S Sea Eagle+Oriental Scops Owl+European Golden-Plover+Ruff+Eurasian Woodcock+Common Snipe+Atlantic Puffin+Common Murre+Common Tern+Razorbill+Eurasian Coot+Royal Penguin+Emperor Penguin+White Stork+Common Cuckoo+Okarito Kiwi+Emu+American Alligator+Australian Saltwater Crocodile+West African Mud Turtle+Chinese Soft-Shelled Turtle+Green Sea Turtle+Snapping Turtle+Regal Horned Lizard+Viviparous (Common) Lizard+Sand Lizard+Common Wall Lizard+Argentine Black And White Tegu+Central Bearded Dragon+Desert Horned Lizard+Chinese Crocodile Lizard+Komodo Dragon+Common Leopard Gecko),(Erinaceus europaeus+Suricata suricatta+Felis catus+Panthera tigris+Panthera leo+Panthera pardus+Vulpes vulpes+Mustela erminea+Ursus americanus+Equus caballus+Vicugna pacos+Camelus ferus+Monodon monoceros+Orcinus orca+Tursiops truncatus+Balaenoptera acutorostrata scammoni+Bos taurus+Capra hircus+Ovis aries+Sus scrofa+Pteropus vampyrus+Oryctolagus cuniculus+Rattus norvegicus+Mus musculus+Cavia porcellus+Lemur catta+Callithrix jacchus+Gorilla gorilla+Homo sapiens+Pan troglodytes+Macaca mulatta+Macaca nemestrina+Loxodonta africana+Choloepus didactylus+Tachyglossus aculeatus+Ornithorhynchus anatinus)-(Gallus gallus+Chrysolophus pictus+Phasianus colchicus+Cygnus atratus+Cygnus olor+Anser indicus+Anser cygnoides+Anas zonorhyncha+Anas platyrhynchos+Falco berigora+Falco columbarius+Motacilla alba alba+Taeniopygia guttata+Hirundo rustica+Strigops habroptila+Melopsittacus undulatus+Gymnogyps californianus+Haliaeetus pelagicus+Otus sunia+Pluvialis apricaria+Calidris pugnax+Scolopax rusticola+Gallinago gallinago+Fratercula arctica+Uria aalge+Sterna hirundo+Alca torda+Fulica atra+Eudyptes schlegeli+Aptenodytes forsteri+Ciconia ciconia+Cuculus canorus+Apteryx rowi+Dromaius novaehollandiae+Alligator mississippiensis+Crocodylus porosus+Pelusios castaneus+Pelodiscus sinensis+Chelonia mydas+Chelydra serpentina+Sphenodon punctatus+Zootoca vivipara+Lacerta agilis+Podarcis muralis+Salvator merianae+Pogona vitticeps+Phrynosoma platyrhinos+Shinisaurus crocodilurus+Varanus komodoensis+Eublepharis macularius),(Mammalia+Mammalia+Mammalia+Mammalia+Mammalia+Mammalia+Mammalia+Mammalia+Mammalia+Mammalia+Mammalia+Mammalia+Mammalia+Mammalia+Mammalia+Mammalia+Mammalia+Mammalia+Mammalia+Mammalia+Mammalia+Mammalia+Mammalia+Mammalia+Mammalia+Mammalia+Mammalia+Mammalia+Mammalia+Mammalia+Mammalia+Mammalia+Mammalia+Mammalia+Mammalia+Mammalia)-(Aves+Aves+Aves+Aves+Aves+Aves+Aves+Aves+Aves+Aves+Aves+Aves+Aves+Aves+Aves+Aves+Aves+Aves+Aves+Aves+Aves+Aves+Aves+Aves+Aves+Aves+Aves+Aves+Aves+Aves+Aves+Aves+Aves+Aves+Reptilia+Reptilia+Reptilia+Reptilia+Reptilia+Reptilia+Reptilia+Reptilia+Reptilia+Reptilia+Reptilia+Reptilia+Reptilia+Reptilia+Reptilia+Reptilia),0.9153833876267399,-2344.1449237176075
(Common Toad)-(Asiatic Toad),(Bufo bufo)-(Bufo gargarizans),(Amphibia)-(Amphibia),0.0,-110.0
(Common Toad+Asiatic Toad)-(Common Frog),(Bufo bufo+Bufo gargarizans)-(Rana temporaria),(Amphibia+Amphibia)-(Amphibia),0.0,-3585.999999999998
(African Clawed Frog)-(Western Clawed Frog),(Xenopus laevis)-(Xenopus tropicalis),(Amphibia)-(Amphibia),0.0,-9650.0
(Common Toad+Asiatic Toad+Common Frog)-(African Clawed Frog+Western Clawed Frog),(Bufo bufo+Bufo gargarizans+Rana temporaria)-(Xenopus laevis+Xenopus tropicalis),(Amphibia+Amphibia+Amphibia)-(Amphibia+Amphibia),0.0,4392.166509517801
(European Fire-Bellied Toad)-(Painted Frog),(Bombina bombina)-(Discoglossus pictus),(Amphibia)-(Amphibia),0.0,3115.0
(Common Toad+Asiatic Toad+Common Frog+African Clawed Frog+Western Clawed Frog)-(European Fire-Bellied Toad+Painted Frog),(Bufo bufo+Bufo gargarizans+Rana temporaria+Xenopus laevis+Xenopus tropicalis)-(Bombina bombina+Discoglossus pictus),(Amphibia+Amphibia+Amphibia+Amphibia+Amphibia)-(Amphibia+Amphibia),0.0,12501.430635133214
(Common Toad+Asiatic Toad+Common Frog+African Clawed Frog+Western Clawed Frog+European Fire-Bellied Toad+Painted Frog)-(Axolotl),(Bufo bufo+Bufo gargarizans+Rana temporaria+Xenopus laevis+Xenopus tropicalis+Bombina bombina+Discoglossus pictus)-(Ambystoma mexicanum),(Amphibia+Amphibia+Amphibia+Amphibia+Amphibia+Amphibia+Amphibia)-(Amphibia),-8.5,7368.121274661923
(Western European Hedgehog+Suricate+Cat+Tiger+Lion+Leopard+Fox+Ermine+American Black Bear+Horse+Alpaca+Two-Humped Camel+Narwhal+Orca+Bottle-Nose Dolphin+North Pacific Minke Whale+Cattle+Goat+Sheep+Wild Boar+Flying Fox+Rabbit+Norway Rat+House Mouse+Guinea Pig+Lemur+Common Marmoset+Gorilla+Human+Chimpanzee+Rhesus Monkey+Pig-Tailed Macaque+African Bush Elephant+Linne'S Two-Toed Sloth+Short-Beaked Echidna+Platypus+Chicken+Golden Pheasant+Common Pheasant+Black Swan+Mute Swan+Bar-Headed Goose+Swan Goose+Eastern Spot-Billed Duck+Mallard+Brown Falcon+Merlin+White Or Black-Backed Wagtail+Zebra Finch+Barn Swallow+Kakapo+Budgerigar+California Condor+Steller'S Sea Eagle+Oriental Scops Owl+European Golden-Plover+Ruff+Eurasian Woodcock+Common Snipe+Atlantic Puffin+Common Murre+Common Tern+Razorbill+Eurasian Coot+Royal Penguin+Emperor Penguin+White Stork+Common Cuckoo+Okarito Kiwi+Emu+American Alligator+Australian Saltwater Crocodile+West African Mud Turtle+Chinese Soft-Shelled Turtle+Green Sea Turtle+Snapping Turtle+Regal Horned Lizard+Viviparous (Common) Lizard+Sand Lizard+Common Wall Lizard+Argentine Black And White Tegu+Central Bearded Dragon+Desert Horned Lizard+Chinese Crocodile Lizard+Komodo Dragon+Common Leopard Gecko)-(Common Toad+Asiatic Toad+Common Frog+African Clawed Frog+Western Clawed Frog+European Fire-Bellied Toad+Painted Frog+Axolotl),(Erinaceus europaeus+Suricata suricatta+Felis catus+Panthera tigris+Panthera leo+Panthera pardus+Vulpes vulpes+Mustela erminea+Ursus americanus+Equus caballus+Vicugna pacos+Camelus ferus+Monodon monoceros+Orcinus orca+Tursiops truncatus+Balaenoptera acutorostrata scammoni+Bos taurus+Capra hircus+Ovis aries+Sus scrofa+Pteropus vampyrus+Oryctolagus cuniculus+Rattus norvegicus+Mus musculus+Cavia porcellus+Lemur catta+Callithrix jacchus+Gorilla gorilla+Homo sapiens+Pan troglodytes+Macaca mulatta+Macaca nemestrina+Loxodonta africana+Choloepus didactylus+Tachyglossus aculeatus+Ornithorhynchus anatinus+Gallus gallus+Chrysolophus pictus+Phasianus colchicus+Cygnus atratus+Cygnus olor+Anser indicus+Anser cygnoides+Anas zonorhyncha+Anas platyrhynchos+Falco berigora+Falco columbarius+Motacilla alba alba+Taeniopygia guttata+Hirundo rustica+Strigops habroptila+Melopsittacus undulatus+Gymnogyps californianus+Haliaeetus pelagicus+Otus sunia+Pluvialis apricaria+Calidris pugnax+Scolopax rusticola+Gallinago gallinago+Fratercula arctica+Uria aalge+Sterna hirundo+Alca torda+Fulica atra+Eudyptes schlegeli+Aptenodytes forsteri+Ciconia ciconia+Cuculus canorus+Apteryx rowi+Dromaius novaehollandiae+Alligator mississippiensis+Crocodylus porosus+Pelusios castaneus+Pelodiscus sinensis+Chelonia mydas+Chelydra serpentina+Sphenodon punctatus+Zootoca vivipara+Lacerta agilis+Podarcis muralis+Salvator merianae+Pogona vitticeps+Phrynosoma platyrhinos+Shinisaurus crocodilurus+Varanus komodoensis+Eublepharis macularius)-(Bufo bufo+Bufo gargarizans+Rana temporaria+Xenopus laevis+Xenopus tropicalis+Bombina bombina+Discoglossus pictus+Ambystoma mexicanum),(Mammalia+Mammalia+Mammalia+Mammalia+Mammalia+Mammalia+Mammalia+Mammalia+Mammalia+Mammalia+Mammalia+Mammalia+Mammalia+Mammalia+Mammalia+Mammalia+Mammalia+Mammalia+Mammalia+Mammalia+Mammalia+Mammalia+Mammalia+Mammalia+Mammalia+Mammalia+Mammalia+Mammalia+Mammalia+Mammalia+Mammalia+Mammalia+Mammalia+Mammalia+Mammalia+Mammalia+Aves+Aves+Aves+Aves+Aves+Aves+Aves+Aves+Aves+Aves+Aves+Aves+Aves+Aves+Aves+Aves+Aves+Aves+Aves+Aves+Aves+Aves+Aves+Aves+Aves+Aves+Aves+Aves+Aves+Aves+Aves+Aves+Aves+Aves+Reptilia+Reptilia+Reptilia+Reptilia+Reptilia+Reptilia+Reptilia+Reptilia+Reptilia+Reptilia+Reptilia+Reptilia+Reptilia+Reptilia+Reptilia+Reptilia)-(Amphibia+Amphibia+Amphibia+Amphibia+Amphibia+Amphibia+Amphibia+Amphibia),5.62598765340185,5410.589373264281
