Common Name,Species,Class,Caudal,A6
(Fox)-(Ermine),(Vulpes vulpes)-(Mustela erminea),(Mammalia)-(Mammalia),4.0,5148.0
(Lion)-(Leopard),(Panthera leo)-(Panthera pardus),(Mammalia)-(Mammalia),0.0,-1476.0
(Cat)-(Lion+Leopard),(Felis catus)-(Panthera leo+Panthera pardus),(Mammalia)-(Mammalia+Mammalia),-1.0,491.0000000000018
(Fox+Ermine)-(Cat+Lion+Leopard),(Vulpes vulpes+Mustela erminea)-(Felis catus+Panthera leo+Panthera pardus),(Mammalia+Mammalia)-(Mammalia+Mammalia+Mammalia),-2.533115012914852,-8582.240528658805
(Fox+Ermine+Cat+Lion+Leopard)-(Horse),(Vulpes vulpes+Mustela erminea+Felis catus+Panthera leo+Panthera pardus)-(Equus caballus),(Mammalia+Mammalia+Mammalia+Mammalia+Mammalia)-(Mammalia),4.015808340899802,-10385.422547664655
(North Pacific Minke Whale)-(Orca),(Balaenoptera acutorostrata scammoni)-(Orcinus orca),(Mammalia)-(Mammalia),-4.699999999999999,4524.0
(North Pacific Minke Whale+Orca)-(Cattle),(Balaenoptera acutorostrata scammoni+Orcinus orca)-(Bos taurus),(Mammalia+Mammalia)-(Mammalia),0.6500000000000021,8073.0
(North Pacific Minke Whale+Orca+Cattle)-(Wild Boar),(Balaenoptera acutorostrata scammoni+Orcinus orca+Bos taurus)-(Sus scrofa),(Mammalia+Mammalia+Mammalia)-(Mammalia),-0.11818410527968481,1413.1534124262607
(North Pacific Minke Whale+Orca+Cattle+Wild Boar)-(Alpaca),(Balaenoptera acutorostrata scammoni+Orcinus orca+Bos taurus+Sus scrofa)-(Vicugna pacos),(Mammalia+Mammalia+Mammalia+Mammalia)-(Mammalia),9.41855566622857,-3470.1521384833813
(Fox+Ermine+Cat+Lion+Leopard+Horse)-(North Pacific Minke Whale+Orca+Cattle+Wild Boar+Alpaca),(Vulpes vulpes+Mustela erminea+Felis catus+Panthera leo+Panthera pardus+Equus caballus)-(Balaenoptera acutorostrata scammoni+Orcinus orca+Bos taurus+Sus scrofa+Vicugna pacos),(Mammalia+Mammalia+Mammalia+Mammalia+Mammalia+Mammalia)-(Mammalia+Mammalia+Mammalia+Mammalia+Mammalia),0.5837036811990721,4401.496475960308
(Western European Hedgehog)-(Fox+Ermine+Cat+Lion+Leopard+Horse+North Pacific Minke Whale+Orca+Cattle+Wild Boar+Alpaca),(Erinaceus europaeus)-(Vulpes vulpes+Mustela erminea+Felis catus+Panthera leo+Panthera pardus+Equus caballus+Balaenoptera acutorostrata scammoni+Orcinus orca+Bos taurus+Sus scrofa+Vicugna pacos),(Mammalia)-(Mammalia+Mammalia+Mammalia+Mammalia+Mammalia+Mammalia+Mammalia+Mammalia+Mammalia+Mammalia+Mammalia),-6.856508978283102,-1246.765246538267
(Guinea Pig)-(House Mouse),(Cavia porcellus)-(Mus musculus),(Mammalia)-(Mammalia),-24.5,6262.0
(Rabbit)-(Guinea Pig+House Mouse),(Oryctolagus cuniculus)-(Cavia porcellus+Mus musculus),(Mammalia)-(Mammalia+Mammalia),-7.821644384016917,-2480.6882802973887
(Rhesus Monkey)-(Pig-Tailed Macaque),(Macaca mulatta)-(Macaca nemestrina),(Mammalia)-(Mammalia),-2.0,-12592.0
(Human)-(Chimpanzee),(Homo sapiens)-(Pan troglodytes),(Mammalia)-(Mammalia),2.0,-3774.0
(Rhesus Monkey+Pig-Tailed Macaque)-(Human+Chimpanzee),(Macaca mulatta+Macaca nemestrina)-(Homo sapiens+Pan troglodytes),(Mammalia+Mammalia)-(Mammalia+Mammalia),12.792508634551938,-5343.389656151968
(Common Marmoset)-(Rhesus Monkey+Pig-Tailed Macaque+Human+Chimpanzee),(Callithrix jacchus)-(Macaca mulatta+Macaca nemestrina+Homo sapiens+Pan troglodytes),(Mammalia)-(Mammalia+Mammalia+Mammalia+Mammalia),9.715430814383074,-4614.145778502714
(Rabbit+Guinea Pig+House Mouse)-(Common Marmoset+Rhesus Monkey+Pig-Tailed Macaque+Human+Chimpanzee),(Oryctolagus cuniculus+Cavia porcellus+Mus musculus)-(Callithrix jacchus+Macaca mulatta+Macaca nemestrina+Homo sapiens+Pan troglodytes),(Mammalia+Mammalia+Mammalia)-(Mammalia+Mammalia+Mammalia+Mammalia+Mammalia),2.0043740583407264,7229.477774092411
(Western European Hedgehog+Fox+Ermine+Cat+Lion+Leopard+Horse+North Pacific Minke Whale+Orca+Cattle+Wild Boar+Alpaca)-(Rabbit+Guinea Pig+House Mouse+Common Marmoset+Rhesus Monkey+Pig-Tailed Macaque+Human+Chimpanzee),(Erinaceus europaeus+Vulpes vulpes+Mustela erminea+Felis catus+Panthera leo+Panthera pardus+Equus caballus+Balaenoptera acutorostrata scammoni+Orcinus orca+Bos taurus+Sus scrofa+Vicugna pacos)-(Oryctolagus cuniculus+Cavia porcellus+Mus musculus+Callithrix jacchus+Macaca mulatta+Macaca nemestrina+Homo sapiens+Pan troglodytes),(Mammalia+Mammalia+Mammalia+Mammalia+Mammalia+Mammalia+Mammalia+Mammalia+Mammalia+Mammalia+Mammalia+Mammalia)-(Mammalia+Mammalia+Mammalia+Mammalia+Mammalia+Mammalia+Mammalia+Mammalia),3.5804773279082607,-5010.7045448118315
(African Bush Elephant)-(Linne'S Two-Toed Sloth),(Loxodonta africana)-(Choloepus didactylus),(Mammalia)-(Mammalia),16.0,-23253.0
(Western European Hedgehog+Fox+Ermine+Cat+Lion+Leopard+Horse+North Pacific Minke Whale+Orca+Cattle+Wild Boar+Alpaca+Rabbit+Guinea Pig+House Mouse+Common Marmoset+Rhesus Monkey+Pig-Tailed Macaque+Human+Chimpanzee)-(African Bush Elephant+Linne'S Two-Toed Sloth),(Erinaceus europaeus+Vulpes vulpes+Mustela erminea+Felis catus+Panthera leo+Panthera pardus+Equus caballus+Balaenoptera acutorostrata scammoni+Orcinus orca+Bos taurus+Sus scrofa+Vicugna pacos+Oryctolagus cuniculus+Cavia porcellus+Mus musculus+Callithrix jacchus+Macaca mulatta+Macaca nemestrina+Homo sapiens+Pan troglodytes)-(Loxodonta africana+Choloepus didactylus),(Mammalia+Mammalia+Mammalia+Mammalia+Mammalia+Mammalia+Mammalia+Mammalia+Mammalia+Mammalia+Mammalia+Mammalia+Mammalia+Mammalia+Mammalia+Mammalia+Mammalia+Mammalia+Mammalia+Mammalia)-(Mammalia+Mammalia),4.1675893580022265,-8152.326572066708
(Short-Beaked Echidna)-(Platypus),(Tachyglossus aculeatus)-(Ornithorhynchus anatinus),(Mammalia)-(Mammalia),-8.0,6323.0
(Western European Hedgehog+Fox+Ermine+Cat+Lion+Leopard+Horse+North Pacific Minke Whale+Orca+Cattle+Wild Boar+Alpaca+Rabbit+Guinea Pig+House Mouse+Common Marmoset+Rhesus Monkey+Pig-Tailed Macaque+Human+Chimpanzee+African Bush Elephant+Linne'S Two-Toed Sloth)-(Short-Beaked Echidna+Platypus),(Erinaceus europaeus+Vulpes vulpes+Mustela erminea+Felis catus+Panthera leo+Panthera pardus+Equus caballus+Balaenoptera acutorostrata scammoni+Orcinus orca+Bos taurus+Sus scrofa+Vicugna pacos+Oryctolagus cuniculus+Cavia porcellus+Mus musculus+Callithrix jacchus+Macaca mulatta+Macaca nemestrina+Homo sapiens+Pan troglodytes+Loxodonta africana+Choloepus didactylus)-(Tachyglossus aculeatus+Ornithorhynchus anatinus),(Mammalia+Mammalia+Mammalia+Mammalia+Mammalia+Mammalia+Mammalia+Mammalia+Mammalia+Mammalia+Mammalia+Mammalia+Mammalia+Mammalia+Mammalia+Mammalia+Mammalia+Mammalia+Mammalia+Mammalia+Mammalia+Mammalia)-(Mammalia+Mammalia),-0.9747253990906213,3160.184112156756
(Golden Pheasant)-(Common Pheasant),(Chrysolophus pictus)-(Phasianus colchicus),(Aves)-(Aves),-1.0,-9752.0
(Chicken)-(Golden Pheasant+Common Pheasant),(Gallus gallus)-(Chrysolophus pictus+Phasianus colchicus),(Aves)-(Aves+Aves),0.5,4314.0
(Black Swan)-(Mute Swan),(Cygnus atratus)-(Cygnus olor),(Aves)-(Aves),-1.0,-5516.0
(Bar-Headed Goose)-(Swan Goose),(Anser indicus)-(Anser cygnoides),(Aves)-(Aves),-1.0,-7123.0
(Black Swan+Mute Swan)-(Bar-Headed Goose+Swan Goose),(Cygnus atratus+Cygnus olor)-(Anser indicus+Anser cygnoides),(Aves+Aves)-(Aves+Aves),3.0,476.5
(Eastern Spot-Billed Duck)-(Mallard),(Anas zonorhyncha)-(Anas platyrhynchos),(Aves)-(Aves),-0.5,5162.0
(Black Swan+Mute Swan+Bar-Headed Goose+Swan Goose)-(Eastern Spot-Billed Duck+Mallard),(Cygnus atratus+Cygnus olor+Anser indicus+Anser cygnoides)-(Anas zonorhyncha+Anas platyrhynchos),(Aves+Aves+Aves+Aves)-(Aves+Aves),0.6695843069198135,3234.9773074157656
(Chicken+Golden Pheasant+Common Pheasant)-(Black Swan+Mute Swan+Bar-Headed Goose+Swan Goose+Eastern Spot-Billed Duck+Mallard),(Gallus gallus+Chrysolophus pictus+Phasianus colchicus)-(Cygnus atratus+Cygnus olor+Anser indicus+Anser cygnoides+Anas zonorhyncha+Anas platyrhynchos),(Aves+Aves+Aves)-(Aves+Aves+Aves+Aves+Aves+Aves),-0.8910994736072917,1749.8993088382886
(Steller'S Sea Eagle)-(Oriental Scops Owl),(Haliaeetus pelagicus)-(Otus sunia),(Aves)-(Aves),2.0,-735.0
(Barn Swallow)-(White Or Black-Backed Wagtail),(Hirundo rustica)-(Motacilla alba alba),(Aves)-(Aves),0.0,-5422.0
(Kakapo)-(Budgerigar),(Strigops habroptila)-(Melopsittacus undulatus),(Aves)-(Aves),1.0,21965.0
(Barn Swallow+White Or Black-Backed Wagtail)-(Kakapo+Budgerigar),(Hirundo rustica+Motacilla alba alba)-(Strigops habroptila+Melopsittacus undulatus),(Aves+Aves)-(Aves+Aves),-0.5000000000000009,3700.5
(Steller'S Sea Eagle+Oriental Scops Owl)-(Barn Swallow+White Or Black-Backed Wagtail+Kakapo+Budgerigar),(Haliaeetus pelagicus+Otus sunia)-(Hirundo rustica+Motacilla alba alba+Strigops habroptila+Melopsittacus undulatus),(Aves+Aves)-(Aves+Aves+Aves+Aves),0.7285022980289364,-525.1455077121636
(Eurasian Woodcock)-(Common Snipe),(Scolopax rusticola)-(Gallinago gallinago),(Aves)-(Aves),1.0,-4489.0
(Ruff)-(Eurasian Woodcock+Common Snipe),(Calidris pugnax)-(Scolopax rusticola+Gallinago gallinago),(Aves)-(Aves+Aves),0.9999999999999991,-659.5
(Common Tern)-(Razorbill),(Sterna hirundo)-(Alca torda),(Aves)-(Aves),0.0,-45.0
(Common Murre)-(Common Tern+Razorbill),(Uria aalge)-(Sterna hirundo+Alca torda),(Aves)-(Aves+Aves),0.0,-12.5
(Atlantic Puffin)-(Common Murre+Common Tern+Razorbill),(Fratercula arctica)-(Uria aalge+Sterna hirundo+Alca torda),(Aves)-(Aves+Aves+Aves),-0.5,-17.088007292761176
(Ruff+Eurasian Woodcock+Common Snipe)-(Atlantic Puffin+Common Murre+Common Tern+Razorbill),(Calidris pugnax+Scolopax rusticola+Gallinago gallinago)-(Fratercula arctica+Uria aalge+Sterna hirundo+Alca torda),(Aves+Aves+Aves)-(Aves+Aves+Aves+Aves),-0.46148505760855496,-3981.752893316687
(European Golden-Plover)-(Ruff+Eurasian Woodcock+Common Snipe+Atlantic Puffin+Common Murre+Common Tern+Razorbill),(Pluvialis apricaria)-(Calidris pugnax+Scolopax rusticola+Gallinago gallinago+Fratercula arctica+Uria aalge+Sterna hirundo+Alca torda),(Aves)-(Aves+Aves+Aves+Aves+Aves+Aves+Aves),0.3580859976320019,1785.4671052809472
(Royal Penguin)-(Emperor Penguin),(Eudyptes schlegeli)-(Aptenodytes forsteri),(Aves)-(Aves),-2.0,232.0
(Royal Penguin+Emperor Penguin)-(White Stork),(Eudyptes schlegeli+Aptenodytes forsteri)-(Ciconia ciconia),(Aves+Aves)-(Aves),1.0,-2768.0
(Eurasian Coot)-(Royal Penguin+Emperor Penguin+White Stork),(Fulica atra)-(Eudyptes schlegeli+Aptenodytes forsteri+Ciconia ciconia),(Aves)-(Aves+Aves+Aves),-0.04069816171171681,1383.652511618031
(European Golden-Plover+Ruff+Eurasian Woodcock+Common Snipe+Atlantic Puffin+Common Murre+Common Tern+Razorbill)-(Eurasian Coot+Royal Penguin+Emperor Penguin+White Stork),(Pluvialis apricaria+Calidris pugnax+Scolopax rusticola+Gallinago gallinago+Fratercula arctica+Uria aalge+Sterna hirundo+Alca torda)-(Fulica atra+Eudyptes schlegeli+Aptenodytes forsteri+Ciconia ciconia),(Aves+Aves+Aves+Aves+Aves+Aves+Aves+Aves)-(Aves+Aves+Aves+Aves),1.1919617127606852,1088.1925061857964
(Steller'S Sea Eagle+Oriental Scops Owl+Barn Swallow+White Or Black-Backed Wagtail+Kakapo+Budgerigar)-(European Golden-Plover+Ruff+Eurasian Woodcock+Common Snipe+Atlantic Puffin+Common Murre+Common Tern+Razorbill+Eurasian Coot+Royal Penguin+Emperor Penguin+White Stork),(Haliaeetus pelagicus+Otus sunia+Hirundo rustica+Motacilla alba alba+Strigops habroptila+Melopsittacus undulatus)-(Pluvialis apricaria+Calidris pugnax+Scolopax rusticola+Gallinago gallinago+Fratercula arctica+Uria aalge+Sterna hirundo+Alca torda+Fulica atra+Eudyptes schlegeli+Aptenodytes forsteri+Ciconia ciconia),(Aves+Aves+Aves+Aves+Aves+Aves)-(Aves+Aves+Aves+Aves+Aves+Aves+Aves+Aves+Aves+Aves+Aves+Aves),-0.6381846414135337,-1658.3905615074564
(Chicken+Golden Pheasant+Common Pheasant+Black Swan+Mute Swan+Bar-Headed Goose+Swan Goose+Eastern Spot-Billed Duck+Mallard)-(Steller'S Sea Eagle+Oriental Scops Owl+Barn Swallow+White Or Black-Backed Wagtail+Kakapo+Budgerigar+European Golden-Plover+Ruff+Eurasian Woodcock+Common Snipe+Atlantic Puffin+Common Murre+Common Tern+Razorbill+Eurasian Coot+Royal Penguin+Emperor Penguin+White Stork),(Gallus gallus+Chrysolophus pictus+Phasianus colchicus+Cygnus atratus+Cygnus olor+Anser indicus+Anser cygnoides+Anas zonorhyncha+Anas platyrhynchos)-(Haliaeetus pelagicus+Otus sunia+Hirundo rustica+Motacilla alba alba+Strigops habroptila+Melopsittacus undulatus+Pluvialis apricaria+Calidris pugnax+Scolopax rusticola+Gallinago gallinago+Fratercula arctica+Uria aalge+Sterna hirundo+Alca torda+Fulica atra+Eudyptes schlegeli+Aptenodytes forsteri+Ciconia ciconia),(Aves+Aves+Aves+Aves+Aves+Aves+Aves+Aves+Aves)-(Aves+Aves+Aves+Aves+Aves+Aves+Aves+Aves+Aves+Aves+Aves+Aves+Aves+Aves+Aves+Aves+Aves+Aves),-0.8120993371151792,1091.0578396830124
(Chicken+Golden Pheasant+Common Pheasant+Black Swan+Mute Swan+Bar-Headed Goose+Swan Goose+Eastern Spot-Billed Duck+Mallard+Steller'S Sea Eagle+Oriental Scops Owl+Barn Swallow+White Or Black-Backed Wagtail+Kakapo+Budgerigar+European Golden-Plover+Ruff+Eurasian Woodcock+Common Snipe+Atlantic Puffin+Common Murre+Common Tern+Razorbill+Eurasian Coot+Royal Penguin+Emperor Penguin+White Stork)-(Emu),(Gallus gallus+Chrysolophus pictus+Phasianus colchicus+Cygnus atratus+Cygnus olor+Anser indicus+Anser cygnoides+Anas zonorhyncha+Anas platyrhynchos+Haliaeetus pelagicus+Otus sunia+Hirundo rustica+Motacilla alba alba+Strigops habroptila+Melopsittacus undulatus+Pluvialis apricaria+Calidris pugnax+Scolopax rusticola+Gallinago gallinago+Fratercula arctica+Uria aalge+Sterna hirundo+Alca torda+Fulica atra+Eudyptes schlegeli+Aptenodytes forsteri+Ciconia ciconia)-(Dromaius novaehollandiae),(Aves+Aves+Aves+Aves+Aves+Aves+Aves+Aves+Aves+Aves+Aves+Aves+Aves+Aves+Aves+Aves+Aves+Aves+Aves+Aves+Aves+Aves+Aves+Aves+Aves+Aves+Aves)-(Aves),-0.3200919237573929,-3995.5765456927866
(Chicken+Golden Pheasant+Common Pheasant+Black Swan+Mute Swan+Bar-Headed Goose+Swan Goose+Eastern Spot-Billed Duck+Mallard+Steller'S Sea Eagle+Oriental Scops Owl+Barn Swallow+White Or Black-Backed Wagtail+Kakapo+Budgerigar+European Golden-Plover+Ruff+Eurasian Woodcock+Common Snipe+Atlantic Puffin+Common Murre+Common Tern+Razorbill+Eurasian Coot+Royal Penguin+Emperor Penguin+White Stork+Emu)-(American Alligator),(Gallus gallus+Chrysolophus pictus+Phasianus colchicus+Cygnus atratus+Cygnus olor+Anser indicus+Anser cygnoides+Anas zonorhyncha+Anas platyrhynchos+Haliaeetus pelagicus+Otus sunia+Hirundo rustica+Motacilla alba alba+Strigops habroptila+Melopsittacus undulatus+Pluvialis apricaria+Calidris pugnax+Scolopax rusticola+Gallinago gallinago+Fratercula arctica+Uria aalge+Sterna hirundo+Alca torda+Fulica atra+Eudyptes schlegeli+Aptenodytes forsteri+Ciconia ciconia+Dromaius novaehollandiae)-(Alligator mississippiensis),(Aves+Aves+Aves+Aves+Aves+Aves+Aves+Aves+Aves+Aves+Aves+Aves+Aves+Aves+Aves+Aves+Aves+Aves+Aves+Aves+Aves+Aves+Aves+Aves+Aves+Aves+Aves+Aves)-(Reptilia),-32.247651500413795,-2171.332373974461
(Green Sea Turtle)-(Snapping Turtle),(Chelonia mydas)-(Chelydra serpentina),(Reptilia)-(Reptilia),-17.0,-9348.0
(Chinese Soft-Shelled Turtle)-(Green Sea Turtle+Snapping Turtle),(Pelodiscus sinensis)-(Chelonia mydas+Chelydra serpentina),(Reptilia)-(Reptilia+Reptilia),-14.5,17271.0
(West African Mud Turtle)-(Chinese Soft-Shelled Turtle+Green Sea Turtle+Snapping Turtle),(Pelusios castaneus)-(Pelodiscus sinensis+Chelonia mydas+Chelydra serpentina),(Reptilia)-(Reptilia+Reptilia+Reptilia),-6.589434880007627,-2499.0944956819512
(Chicken+Golden Pheasant+Common Pheasant+Black Swan+Mute Swan+Bar-Headed Goose+Swan Goose+Eastern Spot-Billed Duck+Mallard+Steller'S Sea Eagle+Oriental Scops Owl+Barn Swallow+White Or Black-Backed Wagtail+Kakapo+Budgerigar+European Golden-Plover+Ruff+Eurasian Woodcock+Common Snipe+Atlantic Puffin+Common Murre+Common Tern+Razorbill+Eurasian Coot+Royal Penguin+Emperor Penguin+White Stork+Emu+American Alligator)-(West African Mud Turtle+Chinese Soft-Shelled Turtle+Green Sea Turtle+Snapping Turtle),(Gallus gallus+Chrysolophus pictus+Phasianus colchicus+Cygnus atratus+Cygnus olor+Anser indicus+Anser cygnoides+Anas zonorhyncha+Anas platyrhynchos+Haliaeetus pelagicus+Otus sunia+Hirundo rustica+Motacilla alba alba+Strigops habroptila+Melopsittacus undulatus+Pluvialis apricaria+Calidris pugnax+Scolopax rusticola+Gallinago gallinago+Fratercula arctica+Uria aalge+Sterna hirundo+Alca torda+Fulica atra+Eudyptes schlegeli+Aptenodytes forsteri+Ciconia ciconia+Dromaius novaehollandiae+Alligator mississippiensis)-(Pelusios castaneus+Pelodiscus sinensis+Chelonia mydas+Chelydra serpentina),(Aves+Aves+Aves+Aves+Aves+Aves+Aves+Aves+Aves+Aves+Aves+Aves+Aves+Aves+Aves+Aves+Aves+Aves+Aves+Aves+Aves+Aves+Aves+Aves+Aves+Aves+Aves+Aves+Reptilia)-(Reptilia+Reptilia+Reptilia+Reptilia),0.13149583865301295,-2707.5236901163335
(Desert Horned Lizard)-(Chinese Crocodile Lizard),(Phrynosoma platyrhinos)-(Shinisaurus crocodilurus),(Reptilia)-(Reptilia),-30.0,-2396.0
(Regal Horned Lizard)-(Desert Horned Lizard+Chinese Crocodile Lizard),(Sphenodon punctatus)-(Phrynosoma platyrhinos+Shinisaurus crocodilurus),(Reptilia)-(Reptilia+Reptilia),2.0000000000000036,-4176.0
(Chicken+Golden Pheasant+Common Pheasant+Black Swan+Mute Swan+Bar-Headed Goose+Swan Goose+Eastern Spot-Billed Duck+Mallard+Steller'S Sea Eagle+Oriental Scops Owl+Barn Swallow+White Or Black-Backed Wagtail+Kakapo+Budgerigar+European Golden-Plover+Ruff+Eurasian Woodcock+Common Snipe+Atlantic Puffin+Common Murre+Common Tern+Razorbill+Eurasian Coot+Royal Penguin+Emperor Penguin+White Stork+Emu+American Alligator+West African Mud Turtle+Chinese Soft-Shelled Turtle+Green Sea Turtle+Snapping Turtle)-(Regal Horned Lizard+Desert Horned Lizard+Chinese Crocodile Lizard),(Gallus gallus+Chrysolophus pictus+Phasianus colchicus+Cygnus atratus+Cygnus olor+Anser indicus+Anser cygnoides+Anas zonorhyncha+Anas platyrhynchos+Haliaeetus pelagicus+Otus sunia+Hirundo rustica+Motacilla alba alba+Strigops habroptila+Melopsittacus undulatus+Pluvialis apricaria+Calidris pugnax+Scolopax rusticola+Gallinago gallinago+Fratercula arctica+Uria aalge+Sterna hirundo+Alca torda+Fulica atra+Eudyptes schlegeli+Aptenodytes forsteri+Ciconia ciconia+Dromaius novaehollandiae+Alligator mississippiensis+Pelusios castaneus+Pelodiscus sinensis+Chelonia mydas+Chelydra serpentina)-(Sphenodon punctatus+Phrynosoma platyrhinos+Shinisaurus crocodilurus),(Aves+Aves+Aves+Aves+Aves+Aves+Aves+Aves+Aves+Aves+Aves+Aves+Aves+Aves+Aves+Aves+Aves+Aves+Aves+Aves+Aves+Aves+Aves+Aves+Aves+Aves+Aves+Aves+Reptilia+Reptilia+Reptilia+Reptilia+Reptilia)-(Reptilia+Reptilia+Reptilia),-9.297494620289232,3018.271732784583
(Western European Hedgehog+Fox+Ermine+Cat+Lion+Leopard+Horse+North Pacific Minke Whale+Orca+Cattle+Wild Boar+Alpaca+Rabbit+Guinea Pig+House Mouse+Common Marmoset+Rhesus Monkey+Pig-Tailed Macaque+Human+Chimpanzee+African Bush Elephant+Linne'S Two-Toed Sloth+Short-Beaked Echidna+Platypus)-(Chicken+Golden Pheasant+Common Pheasant+Black Swan+Mute Swan+Bar-Headed Goose+Swan Goose+Eastern Spot-Billed Duck+Mallard+Steller'S Sea Eagle+Oriental Scops Owl+Barn Swallow+White Or Black-Backed Wagtail+Kakapo+Budgerigar+European Golden-Plover+Ruff+Eurasian Woodcock+Common Snipe+Atlantic Puffin+Common Murre+Common Tern+Razorbill+Eurasian Coot+Royal Penguin+Emperor Penguin+White Stork+Emu+American Alligator+West African Mud Turtle+Chinese Soft-Shelled Turtle+Green Sea Turtle+Snapping Turtle+Regal Horned Lizard+Desert Horned Lizard+Chinese Crocodile Lizard),(Erinaceus europaeus+Vulpes vulpes+Mustela erminea+Felis catus+Panthera leo+Panthera pardus+Equus caballus+Balaenoptera acutorostrata scammoni+Orcinus orca+Bos taurus+Sus scrofa+Vicugna pacos+Oryctolagus cuniculus+Cavia porcellus+Mus musculus+Callithrix jacchus+Macaca mulatta+Macaca nemestrina+Homo sapiens+Pan troglodytes+Loxodonta africana+Choloepus didactylus+Tachyglossus aculeatus+Ornithorhynchus anatinus)-(Gallus gallus+Chrysolophus pictus+Phasianus colchicus+Cygnus atratus+Cygnus olor+Anser indicus+Anser cygnoides+Anas zonorhyncha+Anas platyrhynchos+Haliaeetus pelagicus+Otus sunia+Hirundo rustica+Motacilla alba alba+Strigops habroptila+Melopsittacus undulatus+Pluvialis apricaria+Calidris pugnax+Scolopax rusticola+Gallinago gallinago+Fratercula arctica+Uria aalge+Sterna hirundo+Alca torda+Fulica atra+Eudyptes schlegeli+Aptenodytes forsteri+Ciconia ciconia+Dromaius novaehollandiae+Alligator mississippiensis+Pelusios castaneus+Pelodiscus sinensis+Chelonia mydas+Chelydra serpentina+Sphenodon punctatus+Phrynosoma platyrhinos+Shinisaurus crocodilurus),(Mammalia+Mammalia+Mammalia+Mammalia+Mammalia+Mammalia+Mammalia+Mammalia+Mammalia+Mammalia+Mammalia+Mammalia+Mammalia+Mammalia+Mammalia+Mammalia+Mammalia+Mammalia+Mammalia+Mammalia+Mammalia+Mammalia+Mammalia+Mammalia)-(Aves+Aves+Aves+Aves+Aves+Aves+Aves+Aves+Aves+Aves+Aves+Aves+Aves+Aves+Aves+Aves+Aves+Aves+Aves+Aves+Aves+Aves+Aves+Aves+Aves+Aves+Aves+Aves+Reptilia+Reptilia+Reptilia+Reptilia+Reptilia+Reptilia+Reptilia+Reptilia),-7.539427335070188,2202.080867505867
(Axolotl)-(Iberian Ribbed Newt),(Ambystoma mexicanum)-(Pleurodeles waltl),(Amphibia)-(Amphibia),-9.299999999999997,-3325.0
(Common Frog)-(Common Toad),(Rana temporaria)-(Bufo bufo),(Amphibia)-(Amphibia),0.5,7581.0
(African Clawed Frog)-(Western Clawed Frog),(Xenopus laevis)-(Xenopus tropicalis),(Amphibia)-(Amphibia),1.0,-1197.0
(Common Frog+Common Toad)-(African Clawed Frog+Western Clawed Frog),(Rana temporaria+Bufo bufo)-(Xenopus laevis+Xenopus tropicalis),(Amphibia+Amphibia)-(Amphibia+Amphibia),-0.7500000000000004,-1732.0
(European Fire-Bellied Toad)-(Painted Frog),(Bombina bombina)-(Discoglossus pictus),(Amphibia)-(Amphibia),-1.0,1322.0
(Common Frog+Common Toad+African Clawed Frog+Western Clawed Frog)-(European Fire-Bellied Toad+Painted Frog),(Rana temporaria+Bufo bufo+Xenopus laevis+Xenopus tropicalis)-(Bombina bombina+Discoglossus pictus),(Amphibia+Amphibia+Amphibia+Amphibia)-(Amphibia+Amphibia),0.5683918151600005,372.772831809496
(Axolotl+Iberian Ribbed Newt)-(Common Frog+Common Toad+African Clawed Frog+Western Clawed Frog+European Fire-Bellied Toad+Painted Frog),(Ambystoma mexicanum+Pleurodeles waltl)-(Rana temporaria+Bufo bufo+Xenopus laevis+Xenopus tropicalis+Bombina bombina+Discoglossus pictus),(Amphibia+Amphibia)-(Amphibia+Amphibia+Amphibia+Amphibia+Amphibia+Amphibia),30.801190487262073,4102.7375400958135
(Western European Hedgehog+Fox+Ermine+Cat+Lion+Leopard+Horse+North Pacific Minke Whale+Orca+Cattle+Wild Boar+Alpaca+Rabbit+Guinea Pig+House Mouse+Common Marmoset+Rhesus Monkey+Pig-Tailed Macaque+Human+Chimpanzee+African Bush Elephant+Linne'S Two-Toed Sloth+Short-Beaked Echidna+Platypus+Chicken+Golden Pheasant+Common Pheasant+Black Swan+Mute Swan+Bar-Headed Goose+Swan Goose+Eastern Spot-Billed Duck+Mallard+Steller'S Sea Eagle+Oriental Scops Owl+Barn Swallow+White Or Black-Backed Wagtail+Kakapo+Budgerigar+European Golden-Plover+Ruff+Eurasian Woodcock+Common Snipe+Atlantic Puffin+Common Murre+Common Tern+Razorbill+Eurasian Coot+Royal Penguin+Emperor Penguin+White Stork+Emu+American Alligator+West African Mud Turtle+Chinese Soft-Shelled Turtle+Green Sea Turtle+Snapping Turtle+Regal Horned Lizard+Desert Horned Lizard+Chinese Crocodile Lizard)-(Axolotl+Iberian Ribbed Newt+Common Frog+Common Toad+African Clawed Frog+Western Clawed Frog+European Fire-Bellied Toad+Painted Frog),(Erinaceus europaeus+Vulpes vulpes+Mustela erminea+Felis catus+Panthera leo+Panthera pardus+Equus caballus+Balaenoptera acutorostrata scammoni+Orcinus orca+Bos taurus+Sus scrofa+Vicugna pacos+Oryctolagus cuniculus+Cavia porcellus+Mus musculus+Callithrix jacchus+Macaca mulatta+Macaca nemestrina+Homo sapiens+Pan troglodytes+Loxodonta africana+Choloepus didactylus+Tachyglossus aculeatus+Ornithorhynchus anatinus+Gallus gallus+Chrysolophus pictus+Phasianus colchicus+Cygnus atratus+Cygnus olor+Anser indicus+Anser cygnoides+Anas zonorhyncha+Anas platyrhynchos+Haliaeetus pelagicus+Otus sunia+Hirundo rustica+Motacilla alba alba+Strigops habroptila+Melopsittacus undulatus+Pluvialis apricaria+Calidris pugnax+Scolopax rusticola+Gallinago gallinago+Fratercula arctica+Uria aalge+Sterna hirundo+Alca torda+Fulica atra+Eudyptes schlegeli+Aptenodytes forsteri+Ciconia ciconia+Dromaius novaehollandiae+Alligator mississippiensis+Pelusios castaneus+Pelodiscus sinensis+Chelonia mydas+Chelydra serpentina+Sphenodon punctatus+Phrynosoma platyrhinos+Shinisaurus crocodilurus)-(Ambystoma mexicanum+Pleurodeles waltl+Rana temporaria+Bufo bufo+Xenopus laevis+Xenopus tropicalis+Bombina bombina+Discoglossus pictus),(Mammalia+Mammalia+Mammalia+Mammalia+Mammalia+Mammalia+Mammalia+Mammalia+Mammalia+Mammalia+Mammalia+Mammalia+Mammalia+Mammalia+Mammalia+Mammalia+Mammalia+Mammalia+Mammalia+Mammalia+Mammalia+Mammalia+Mammalia+Mammalia+Aves+Aves+Aves+Aves+Aves+Aves+Aves+Aves+Aves+Aves+Aves+Aves+Aves+Aves+Aves+Aves+Aves+Aves+Aves+Aves+Aves+Aves+Aves+Aves+Aves+Aves+Aves+Aves+Reptilia+Reptilia+Reptilia+Reptilia+Reptilia+Reptilia+Reptilia+Reptilia)-(Amphibia+Amphibia+Amphibia+Amphibia+Amphibia+Amphibia+Amphibia+Amphibia),6.012977505905356,-360.0681051469328
