Common Name,Species,Class,Lumbar,B6
(Lion)-(Leopard),(Panthera leo)-(Panthera pardus),(Mammalia)-(Mammalia),0.0,-6089.0
(Tiger)-(Lion+Leopard),(Panthera tigris)-(Panthera leo+Panthera pardus),(Mammalia)-(Mammalia+Mammalia),0.0,-3047.5
(Cat)-(Tiger+Lion+Leopard),(Felis catus)-(Panthera tigris+Panthera leo+Panthera pardus),(Mammalia)-(Mammalia+Mammalia+Mammalia),0.0,4122.056736839635
(Suricate)-(Cat+Tiger+Lion+Leopard),(Suricata suricatta)-(Felis catus+Panthera tigris+Panthera leo+Panthera pardus),(Mammalia)-(Mammalia+Mammalia+Mammalia+Mammalia),-1.0,-2991.084692398633
(Ermine)-(American Black Bear),(Mustela erminea)-(Ursus americanus),(Mammalia)-(Mammalia),0.0,-6679.0
(Fox)-(Ermine+American Black Bear),(Vulpes vulpes)-(Mustela erminea+Ursus americanus),(Mammalia)-(Mammalia+Mammalia),1.0,2497.5
(Suricate+Cat+Tiger+Lion+Leopard)-(Fox+Ermine+American Black Bear),(Suricata suricatta+Felis catus+Panthera tigris+Panthera leo+Panthera pardus)-(Vulpes vulpes+Mustela erminea+Ursus americanus),(Mammalia+Mammalia+Mammalia+Mammalia+Mammalia)-(Mammalia+Mammalia+Mammalia),0.19691915347674183,-9016.288258466597
(Suricate+Cat+Tiger+Lion+Leopard+Fox+Ermine+American Black Bear)-(Horse),(Suricata suricatta+Felis catus+Panthera tigris+Panthera leo+Panthera pardus+Vulpes vulpes+Mustela erminea+Ursus americanus)-(Equus caballus),(Mammalia+Mammalia+Mammalia+Mammalia+Mammalia+Mammalia+Mammalia+Mammalia)-(Mammalia),1.4417563118140455,-5176.594881519664
(Alpaca)-(Two-Humped Camel),(Vicugna pacos)-(Camelus ferus),(Mammalia)-(Mammalia),0.0,12273.0
(North Pacific Minke Whale)-(Orca),(Balaenoptera acutorostrata scammoni)-(Orcinus orca),(Mammalia)-(Mammalia),1.0999999999999996,-1144.0
(Goat)-(Sheep),(Capra hircus)-(Ovis aries),(Mammalia)-(Mammalia),-1.0,98.0
(Cattle)-(Goat+Sheep),(Bos taurus)-(Capra hircus+Ovis aries),(Mammalia)-(Mammalia+Mammalia),-0.4999999999999991,488.0
(North Pacific Minke Whale+Orca)-(Cattle+Goat+Sheep),(Balaenoptera acutorostrata scammoni+Orcinus orca)-(Bos taurus+Capra hircus+Ovis aries),(Mammalia+Mammalia)-(Mammalia+Mammalia+Mammalia),5.275731669516861,11048.685890551547
(North Pacific Minke Whale+Orca+Cattle+Goat+Sheep)-(Wild Boar),(Balaenoptera acutorostrata scammoni+Orcinus orca+Bos taurus+Capra hircus+Ovis aries)-(Sus scrofa),(Mammalia+Mammalia+Mammalia+Mammalia+Mammalia)-(Mammalia),3.3248231904914576,-4868.631921587441
(Alpaca+Two-Humped Camel)-(North Pacific Minke Whale+Orca+Cattle+Goat+Sheep+Wild Boar),(Vicugna pacos+Camelus ferus)-(Balaenoptera acutorostrata scammoni+Orcinus orca+Bos taurus+Capra hircus+Ovis aries+Sus scrofa),(Mammalia+Mammalia)-(Mammalia+Mammalia+Mammalia+Mammalia+Mammalia+Mammalia),-1.1014058997017182,-2542.2703399576476
(Suricate+Cat+Tiger+Lion+Leopard+Fox+Ermine+American Black Bear+Horse)-(Alpaca+Two-Humped Camel+North Pacific Minke Whale+Orca+Cattle+Goat+Sheep+Wild Boar),(Suricata suricatta+Felis catus+Panthera tigris+Panthera leo+Panthera pardus+Vulpes vulpes+Mustela erminea+Ursus americanus+Equus caballus)-(Vicugna pacos+Camelus ferus+Balaenoptera acutorostrata scammoni+Orcinus orca+Bos taurus+Capra hircus+Ovis aries+Sus scrofa),(Mammalia+Mammalia+Mammalia+Mammalia+Mammalia+Mammalia+Mammalia+Mammalia+Mammalia)-(Mammalia+Mammalia+Mammalia+Mammalia+Mammalia+Mammalia+Mammalia+Mammalia),-1.809217903159074,236.37524317261523
(Suricate+Cat+Tiger+Lion+Leopard+Fox+Ermine+American Black Bear+Horse+Alpaca+Two-Humped Camel+North Pacific Minke Whale+Orca+Cattle+Goat+Sheep+Wild Boar)-(Flying Fox),(Suricata suricatta+Felis catus+Panthera tigris+Panthera leo+Panthera pardus+Vulpes vulpes+Mustela erminea+Ursus americanus+Equus caballus+Vicugna pacos+Camelus ferus+Balaenoptera acutorostrata scammoni+Orcinus orca+Bos taurus+Capra hircus+Ovis aries+Sus scrofa)-(Pteropus vampyrus),(Mammalia+Mammalia+Mammalia+Mammalia+Mammalia+Mammalia+Mammalia+Mammalia+Mammalia+Mammalia+Mammalia+Mammalia+Mammalia+Mammalia+Mammalia+Mammalia+Mammalia)-(Mammalia),2.86512758978104,2851.798728675083
(Western European Hedgehog)-(Suricate+Cat+Tiger+Lion+Leopard+Fox+Ermine+American Black Bear+Horse+Alpaca+Two-Humped Camel+North Pacific Minke Whale+Orca+Cattle+Goat+Sheep+Wild Boar+Flying Fox),(Erinaceus europaeus)-(Suricata suricatta+Felis catus+Panthera tigris+Panthera leo+Panthera pardus+Vulpes vulpes+Mustela erminea+Ursus americanus+Equus caballus+Vicugna pacos+Camelus ferus+Balaenoptera acutorostrata scammoni+Orcinus orca+Bos taurus+Capra hircus+Ovis aries+Sus scrofa+Pteropus vampyrus),(Mammalia)-(Mammalia+Mammalia+Mammalia+Mammalia+Mammalia+Mammalia+Mammalia+Mammalia+Mammalia+Mammalia+Mammalia+Mammalia+Mammalia+Mammalia+Mammalia+Mammalia+Mammalia+Mammalia),-0.8456601934708337,-7396.747946828813
(Norway Rat)-(House Mouse),(Rattus norvegicus)-(Mus musculus),(Mammalia)-(Mammalia),0.5,34.0
(Norway Rat+House Mouse)-(Guinea Pig),(Rattus norvegicus+Mus musculus)-(Cavia porcellus),(Mammalia+Mammalia)-(Mammalia),0.24096077711077513,15.385332843532524
(Rabbit)-(Norway Rat+House Mouse+Guinea Pig),(Oryctolagus cuniculus)-(Rattus norvegicus+Mus musculus+Cavia porcellus),(Mammalia)-(Mammalia+Mammalia+Mammalia),0.8740847068438873,-549.0396847923812
(Human)-(Chimpanzee),(Homo sapiens)-(Pan troglodytes),(Mammalia)-(Mammalia),1.0,13033.0
(Gorilla)-(Human+Chimpanzee),(Gorilla gorilla)-(Homo sapiens+Pan troglodytes),(Mammalia)-(Mammalia+Mammalia),0.48270952091476005,-274.8468139179331
(Rhesus Monkey)-(Pig-Tailed Macaque),(Macaca mulatta)-(Macaca nemestrina),(Mammalia)-(Mammalia),0.0,-12755.0
(Gorilla+Human+Chimpanzee)-(Rhesus Monkey+Pig-Tailed Macaque),(Gorilla gorilla+Homo sapiens+Pan troglodytes)-(Macaca mulatta+Macaca nemestrina),(Mammalia+Mammalia+Mammalia)-(Mammalia+Mammalia),-2.309986159506523,1378.737112361293
(Common Marmoset)-(Gorilla+Human+Chimpanzee+Rhesus Monkey+Pig-Tailed Macaque),(Callithrix jacchus)-(Gorilla gorilla+Homo sapiens+Pan troglodytes+Macaca mulatta+Macaca nemestrina),(Mammalia)-(Mammalia+Mammalia+Mammalia+Mammalia+Mammalia),0.22234437412675767,-3300.331691558282
(Lemur)-(Common Marmoset+Gorilla+Human+Chimpanzee+Rhesus Monkey+Pig-Tailed Macaque),(Lemur catta)-(Callithrix jacchus+Gorilla gorilla+Homo sapiens+Pan troglodytes+Macaca mulatta+Macaca nemestrina),(Mammalia)-(Mammalia+Mammalia+Mammalia+Mammalia+Mammalia+Mammalia),1.137626073504019,-762.8297039397994
(Rabbit+Norway Rat+House Mouse+Guinea Pig)-(Lemur+Common Marmoset+Gorilla+Human+Chimpanzee+Rhesus Monkey+Pig-Tailed Macaque),(Oryctolagus cuniculus+Rattus norvegicus+Mus musculus+Cavia porcellus)-(Lemur catta+Callithrix jacchus+Gorilla gorilla+Homo sapiens+Pan troglodytes+Macaca mulatta+Macaca nemestrina),(Mammalia+Mammalia+Mammalia+Mammalia)-(Mammalia+Mammalia+Mammalia+Mammalia+Mammalia+Mammalia+Mammalia),0.12513735199736242,-4197.024878024147
(Western European Hedgehog+Suricate+Cat+Tiger+Lion+Leopard+Fox+Ermine+American Black Bear+Horse+Alpaca+Two-Humped Camel+North Pacific Minke Whale+Orca+Cattle+Goat+Sheep+Wild Boar+Flying Fox)-(Rabbit+Norway Rat+House Mouse+Guinea Pig+Lemur+Common Marmoset+Gorilla+Human+Chimpanzee+Rhesus Monkey+Pig-Tailed Macaque),(Erinaceus europaeus+Suricata suricatta+Felis catus+Panthera tigris+Panthera leo+Panthera pardus+Vulpes vulpes+Mustela erminea+Ursus americanus+Equus caballus+Vicugna pacos+Camelus ferus+Balaenoptera acutorostrata scammoni+Orcinus orca+Bos taurus+Capra hircus+Ovis aries+Sus scrofa+Pteropus vampyrus)-(Oryctolagus cuniculus+Rattus norvegicus+Mus musculus+Cavia porcellus+Lemur catta+Callithrix jacchus+Gorilla gorilla+Homo sapiens+Pan troglodytes+Macaca mulatta+Macaca nemestrina),(Mammalia+Mammalia+Mammalia+Mammalia+Mammalia+Mammalia+Mammalia+Mammalia+Mammalia+Mammalia+Mammalia+Mammalia+Mammalia+Mammalia+Mammalia+Mammalia+Mammalia+Mammalia+Mammalia)-(Mammalia+Mammalia+Mammalia+Mammalia+Mammalia+Mammalia+Mammalia+Mammalia+Mammalia+Mammalia+Mammalia),-0.1872046648991681,4606.483492583605
(African Bush Elephant)-(Linne'S Two-Toed Sloth),(Loxodonta africana)-(Choloepus didactylus),(Mammalia)-(Mammalia),0.0,-562.0
(Western European Hedgehog+Suricate+Cat+Tiger+Lion+Leopard+Fox+Ermine+American Black Bear+Horse+Alpaca+Two-Humped Camel+North Pacific Minke Whale+Orca+Cattle+Goat+Sheep+Wild Boar+Flying Fox+Rabbit+Norway Rat+House Mouse+Guinea Pig+Lemur+Common Marmoset+Gorilla+Human+Chimpanzee+Rhesus Monkey+Pig-Tailed Macaque)-(African Bush Elephant+Linne'S Two-Toed Sloth),(Erinaceus europaeus+Suricata suricatta+Felis catus+Panthera tigris+Panthera leo+Panthera pardus+Vulpes vulpes+Mustela erminea+Ursus americanus+Equus caballus+Vicugna pacos+Camelus ferus+Balaenoptera acutorostrata scammoni+Orcinus orca+Bos taurus+Capra hircus+Ovis aries+Sus scrofa+Pteropus vampyrus+Oryctolagus cuniculus+Rattus norvegicus+Mus musculus+Cavia porcellus+Lemur catta+Callithrix jacchus+Gorilla gorilla+Homo sapiens+Pan troglodytes+Macaca mulatta+Macaca nemestrina)-(Loxodonta africana+Choloepus didactylus),(Mammalia+Mammalia+Mammalia+Mammalia+Mammalia+Mammalia+Mammalia+Mammalia+Mammalia+Mammalia+Mammalia+Mammalia+Mammalia+Mammalia+Mammalia+Mammalia+Mammalia+Mammalia+Mammalia+Mammalia+Mammalia+Mammalia+Mammalia+Mammalia+Mammalia+Mammalia+Mammalia+Mammalia+Mammalia+Mammalia)-(Mammalia+Mammalia),3.2761632445528845,4270.331363699496
(Short-Beaked Echidna)-(Platypus),(Tachyglossus aculeatus)-(Ornithorhynchus anatinus),(Mammalia)-(Mammalia),1.0,-13214.0
(Western European Hedgehog+Suricate+Cat+Tiger+Lion+Leopard+Fox+Ermine+American Black Bear+Horse+Alpaca+Two-Humped Camel+North Pacific Minke Whale+Orca+Cattle+Goat+Sheep+Wild Boar+Flying Fox+Rabbit+Norway Rat+House Mouse+Guinea Pig+Lemur+Common Marmoset+Gorilla+Human+Chimpanzee+Rhesus Monkey+Pig-Tailed Macaque+African Bush Elephant+Linne'S Two-Toed Sloth)-(Short-Beaked Echidna+Platypus),(Erinaceus europaeus+Suricata suricatta+Felis catus+Panthera tigris+Panthera leo+Panthera pardus+Vulpes vulpes+Mustela erminea+Ursus americanus+Equus caballus+Vicugna pacos+Camelus ferus+Balaenoptera acutorostrata scammoni+Orcinus orca+Bos taurus+Capra hircus+Ovis aries+Sus scrofa+Pteropus vampyrus+Oryctolagus cuniculus+Rattus norvegicus+Mus musculus+Cavia porcellus+Lemur catta+Callithrix jacchus+Gorilla gorilla+Homo sapiens+Pan troglodytes+Macaca mulatta+Macaca nemestrina+Loxodonta africana+Choloepus didactylus)-(Tachyglossus aculeatus+Ornithorhynchus anatinus),(Mammalia+Mammalia+Mammalia+Mammalia+Mammalia+Mammalia+Mammalia+Mammalia+Mammalia+Mammalia+Mammalia+Mammalia+Mammalia+Mammalia+Mammalia+Mammalia+Mammalia+Mammalia+Mammalia+Mammalia+Mammalia+Mammalia+Mammalia+Mammalia+Mammalia+Mammalia+Mammalia+Mammalia+Mammalia+Mammalia+Mammalia+Mammalia)-(Mammalia+Mammalia),2.929798213707019,-3381.867368039174
(Golden Pheasant)-(Common Pheasant),(Chrysolophus pictus)-(Phasianus colchicus),(Aves)-(Aves),0.0,-13473.0
(Chicken)-(Golden Pheasant+Common Pheasant),(Gallus gallus)-(Chrysolophus pictus+Phasianus colchicus),(Aves)-(Aves+Aves),0.0,-7758.5
(Black Swan)-(Mute Swan),(Cygnus atratus)-(Cygnus olor),(Aves)-(Aves),0.0,861.0
(Bar-Headed Goose)-(Swan Goose),(Anser indicus)-(Anser cygnoides),(Aves)-(Aves),0.0,4432.0
(Black Swan+Mute Swan)-(Bar-Headed Goose+Swan Goose),(Cygnus atratus+Cygnus olor)-(Anser indicus+Anser cygnoides),(Aves+Aves)-(Aves+Aves),0.0,5525.5
(Eastern Spot-Billed Duck)-(Mallard),(Anas zonorhyncha)-(Anas platyrhynchos),(Aves)-(Aves),0.0,12637.0
(Black Swan+Mute Swan+Bar-Headed Goose+Swan Goose)-(Eastern Spot-Billed Duck+Mallard),(Cygnus atratus+Cygnus olor+Anser indicus+Anser cygnoides)-(Anas zonorhyncha+Anas platyrhynchos),(Aves+Aves+Aves+Aves)-(Aves+Aves),0.0,91.13769596180828
(Chicken+Golden Pheasant+Common Pheasant)-(Black Swan+Mute Swan+Bar-Headed Goose+Swan Goose+Eastern Spot-Billed Duck+Mallard),(Gallus gallus+Chrysolophus pictus+Phasianus colchicus)-(Cygnus atratus+Cygnus olor+Anser indicus+Anser cygnoides+Anas zonorhyncha+Anas platyrhynchos),(Aves+Aves+Aves)-(Aves+Aves+Aves+Aves+Aves+Aves),0.0,-299.080773431112
(Common Cuckoo)-(Great Bustard),(Cuculus canorus)-(Otis tarda),(Aves)-(Aves),0.0,5432.0
(Brown Falcon)-(Merlin),(Falco berigora)-(Falco columbarius),(Aves)-(Aves),0.0,3440.0
(Crow)-(Zebra Finch),(Corvus hawaiiensis)-(Taeniopygia guttata),(Aves)-(Aves),0.0,4394.0
(White Or Black-Backed Wagtail)-(Crow+Zebra Finch),(Motacilla alba alba)-(Corvus hawaiiensis+Taeniopygia guttata),(Aves)-(Aves+Aves),0.0,4859.0
(White Or Black-Backed Wagtail+Crow+Zebra Finch)-(Barn Swallow),(Motacilla alba alba+Corvus hawaiiensis+Taeniopygia guttata)-(Hirundo rustica),(Aves+Aves+Aves)-(Aves),0.0,6413.9211214752395
(Kakapo)-(Budgerigar),(Strigops habroptila)-(Melopsittacus undulatus),(Aves)-(Aves),0.0,-17315.0
(White Or Black-Backed Wagtail+Crow+Zebra Finch+Barn Swallow)-(Kakapo+Budgerigar),(Motacilla alba alba+Corvus hawaiiensis+Taeniopygia guttata+Hirundo rustica)-(Strigops habroptila+Melopsittacus undulatus),(Aves+Aves+Aves+Aves)-(Aves+Aves),0.0,4447.102796862517
(Brown Falcon+Merlin)-(White Or Black-Backed Wagtail+Crow+Zebra Finch+Barn Swallow+Kakapo+Budgerigar),(Falco berigora+Falco columbarius)-(Motacilla alba alba+Corvus hawaiiensis+Taeniopygia guttata+Hirundo rustica+Strigops habroptila+Melopsittacus undulatus),(Aves+Aves)-(Aves+Aves+Aves+Aves+Aves+Aves),0.0,1423.535556895591
(Lammergeier)-(Steller'S Sea Eagle),(Gypaetus barbatus)-(Haliaeetus pelagicus),(Aves)-(Aves),0.0,3340.0
(California Condor)-(Lammergeier+Steller'S Sea Eagle),(Gymnogyps californianus)-(Gypaetus barbatus+Haliaeetus pelagicus),(Aves)-(Aves+Aves),0.0,1517.0
(Barn Owl)-(Oriental Scops Owl),(Tyto alba)-(Otus sunia),(Aves)-(Aves),0.0,-9162.0
(California Condor+Lammergeier+Steller'S Sea Eagle)-(Barn Owl+Oriental Scops Owl),(Gymnogyps californianus+Gypaetus barbatus+Haliaeetus pelagicus)-(Tyto alba+Otus sunia),(Aves+Aves+Aves)-(Aves+Aves),0.0,-283.17941425670415
(Brown Falcon+Merlin+White Or Black-Backed Wagtail+Crow+Zebra Finch+Barn Swallow+Kakapo+Budgerigar)-(California Condor+Lammergeier+Steller'S Sea Eagle+Barn Owl+Oriental Scops Owl),(Falco berigora+Falco columbarius+Motacilla alba alba+Corvus hawaiiensis+Taeniopygia guttata+Hirundo rustica+Strigops habroptila+Melopsittacus undulatus)-(Gymnogyps californianus+Gypaetus barbatus+Haliaeetus pelagicus+Tyto alba+Otus sunia),(Aves+Aves+Aves+Aves+Aves+Aves+Aves+Aves)-(Aves+Aves+Aves+Aves+Aves),0.0,5875.824947263411
(Common Tern)-(Razorbill),(Sterna hirundo)-(Alca torda),(Aves)-(Aves),0.0,-99.0
(Common Murre)-(Common Tern+Razorbill),(Uria aalge)-(Sterna hirundo+Alca torda),(Aves)-(Aves+Aves),0.0,25.5
(Atlantic Puffin)-(Common Murre+Common Tern+Razorbill),(Fratercula arctica)-(Uria aalge+Sterna hirundo+Alca torda),(Aves)-(Aves+Aves+Aves),0.0,-4120.500465122768
(Eurasian Woodcock)-(Common Snipe),(Scolopax rusticola)-(Gallinago gallinago),(Aves)-(Aves),0.0,-243.0
(Atlantic Puffin+Common Murre+Common Tern+Razorbill)-(Eurasian Woodcock+Common Snipe),(Fratercula arctica+Uria aalge+Sterna hirundo+Alca torda)-(Scolopax rusticola+Gallinago gallinago),(Aves+Aves+Aves+Aves)-(Aves+Aves),0.0,-762.1297141655305
(European Golden-Plover)-(Atlantic Puffin+Common Murre+Common Tern+Razorbill+Eurasian Woodcock+Common Snipe),(Pluvialis apricaria)-(Fratercula arctica+Uria aalge+Sterna hirundo+Alca torda+Scolopax rusticola+Gallinago gallinago),(Aves)-(Aves+Aves+Aves+Aves+Aves+Aves),0.0,-3176.6327705378735
(Royal Penguin)-(Emperor Penguin),(Eudyptes schlegeli)-(Aptenodytes forsteri),(Aves)-(Aves),0.0,-528.0
(Royal Penguin+Emperor Penguin)-(White Stork),(Eudyptes schlegeli+Aptenodytes forsteri)-(Ciconia ciconia),(Aves+Aves)-(Aves),0.0,4805.0
(Eurasian Coot)-(Royal Penguin+Emperor Penguin+White Stork),(Fulica atra)-(Eudyptes schlegeli+Aptenodytes forsteri+Ciconia ciconia),(Aves)-(Aves+Aves+Aves),0.0,-5466.054667024795
(European Golden-Plover+Atlantic Puffin+Common Murre+Common Tern+Razorbill+Eurasian Woodcock+Common Snipe)-(Eurasian Coot+Royal Penguin+Emperor Penguin+White Stork),(Pluvialis apricaria+Fratercula arctica+Uria aalge+Sterna hirundo+Alca torda+Scolopax rusticola+Gallinago gallinago)-(Fulica atra+Eudyptes schlegeli+Aptenodytes forsteri+Ciconia ciconia),(Aves+Aves+Aves+Aves+Aves+Aves+Aves)-(Aves+Aves+Aves+Aves),0.0,-1675.6642517011023
(Rock Pigeon)-(European Golden-Plover+Atlantic Puffin+Common Murre+Common Tern+Razorbill+Eurasian Woodcock+Common Snipe+Eurasian Coot+Royal Penguin+Emperor Penguin+White Stork),(Columba livia)-(Pluvialis apricaria+Fratercula arctica+Uria aalge+Sterna hirundo+Alca torda+Scolopax rusticola+Gallinago gallinago+Fulica atra+Eudyptes schlegeli+Aptenodytes forsteri+Ciconia ciconia),(Aves)-(Aves+Aves+Aves+Aves+Aves+Aves+Aves+Aves+Aves+Aves+Aves),0.0,-9119.57617400012
(Hoatzin)-(Rock Pigeon+European Golden-Plover+Atlantic Puffin+Common Murre+Common Tern+Razorbill+Eurasian Woodcock+Common Snipe+Eurasian Coot+Royal Penguin+Emperor Penguin+White Stork),(Opisthocomus hoazin)-(Columba livia+Pluvialis apricaria+Fratercula arctica+Uria aalge+Sterna hirundo+Alca torda+Scolopax rusticola+Gallinago gallinago+Fulica atra+Eudyptes schlegeli+Aptenodytes forsteri+Ciconia ciconia),(Aves)-(Aves+Aves+Aves+Aves+Aves+Aves+Aves+Aves+Aves+Aves+Aves+Aves),0.0,-602.7618592498566
(Brown Falcon+Merlin+White Or Black-Backed Wagtail+Crow+Zebra Finch+Barn Swallow+Kakapo+Budgerigar+California Condor+Lammergeier+Steller'S Sea Eagle+Barn Owl+Oriental Scops Owl)-(Hoatzin+Rock Pigeon+European Golden-Plover+Atlantic Puffin+Common Murre+Common Tern+Razorbill+Eurasian Woodcock+Common Snipe+Eurasian Coot+Royal Penguin+Emperor Penguin+White Stork),(Falco berigora+Falco columbarius+Motacilla alba alba+Corvus hawaiiensis+Taeniopygia guttata+Hirundo rustica+Strigops habroptila+Melopsittacus undulatus+Gymnogyps californianus+Gypaetus barbatus+Haliaeetus pelagicus+Tyto alba+Otus sunia)-(Opisthocomus hoazin+Columba livia+Pluvialis apricaria+Fratercula arctica+Uria aalge+Sterna hirundo+Alca torda+Scolopax rusticola+Gallinago gallinago+Fulica atra+Eudyptes schlegeli+Aptenodytes forsteri+Ciconia ciconia),(Aves+Aves+Aves+Aves+Aves+Aves+Aves+Aves+Aves+Aves+Aves+Aves+Aves)-(Aves+Aves+Aves+Aves+Aves+Aves+Aves+Aves+Aves+Aves+Aves+Aves+Aves),0.0,-53.28672566046771
(Common Cuckoo+Great Bustard)-(Brown Falcon+Merlin+White Or Black-Backed Wagtail+Crow+Zebra Finch+Barn Swallow+Kakapo+Budgerigar+California Condor+Lammergeier+Steller'S Sea Eagle+Barn Owl+Oriental Scops Owl+Hoatzin+Rock Pigeon+European Golden-Plover+Atlantic Puffin+Common Murre+Common Tern+Razorbill+Eurasian Woodcock+Common Snipe+Eurasian Coot+Royal Penguin+Emperor Penguin+White Stork),(Cuculus canorus+Otis tarda)-(Falco berigora+Falco columbarius+Motacilla alba alba+Corvus hawaiiensis+Taeniopygia guttata+Hirundo rustica+Strigops habroptila+Melopsittacus undulatus+Gymnogyps californianus+Gypaetus barbatus+Haliaeetus pelagicus+Tyto alba+Otus sunia+Opisthocomus hoazin+Columba livia+Pluvialis apricaria+Fratercula arctica+Uria aalge+Sterna hirundo+Alca torda+Scolopax rusticola+Gallinago gallinago+Fulica atra+Eudyptes schlegeli+Aptenodytes forsteri+Ciconia ciconia),(Aves+Aves)-(Aves+Aves+Aves+Aves+Aves+Aves+Aves+Aves+Aves+Aves+Aves+Aves+Aves+Aves+Aves+Aves+Aves+Aves+Aves+Aves+Aves+Aves+Aves+Aves+Aves+Aves),0.0,2259.640922818997
(Chicken+Golden Pheasant+Common Pheasant+Black Swan+Mute Swan+Bar-Headed Goose+Swan Goose+Eastern Spot-Billed Duck+Mallard)-(Common Cuckoo+Great Bustard+Brown Falcon+Merlin+White Or Black-Backed Wagtail+Crow+Zebra Finch+Barn Swallow+Kakapo+Budgerigar+California Condor+Lammergeier+Steller'S Sea Eagle+Barn Owl+Oriental Scops Owl+Hoatzin+Rock Pigeon+European Golden-Plover+Atlantic Puffin+Common Murre+Common Tern+Razorbill+Eurasian Woodcock+Common Snipe+Eurasian Coot+Royal Penguin+Emperor Penguin+White Stork),(Gallus gallus+Chrysolophus pictus+Phasianus colchicus+Cygnus atratus+Cygnus olor+Anser indicus+Anser cygnoides+Anas zonorhyncha+Anas platyrhynchos)-(Cuculus canorus+Otis tarda+Falco berigora+Falco columbarius+Motacilla alba alba+Corvus hawaiiensis+Taeniopygia guttata+Hirundo rustica+Strigops habroptila+Melopsittacus undulatus+Gymnogyps californianus+Gypaetus barbatus+Haliaeetus pelagicus+Tyto alba+Otus sunia+Opisthocomus hoazin+Columba livia+Pluvialis apricaria+Fratercula arctica+Uria aalge+Sterna hirundo+Alca torda+Scolopax rusticola+Gallinago gallinago+Fulica atra+Eudyptes schlegeli+Aptenodytes forsteri+Ciconia ciconia),(Aves+Aves+Aves+Aves+Aves+Aves+Aves+Aves+Aves)-(Aves+Aves+Aves+Aves+Aves+Aves+Aves+Aves+Aves+Aves+Aves+Aves+Aves+Aves+Aves+Aves+Aves+Aves+Aves+Aves+Aves+Aves+Aves+Aves+Aves+Aves+Aves+Aves),0.0,-4238.206083433767
(Southern Cassowary)-(Emu),(Casuarius casuarius)-(Dromaius novaehollandiae),(Aves)-(Aves),0.0,9579.0
(Okarito Kiwi)-(Southern Cassowary+Emu),(Apteryx rowi)-(Casuarius casuarius+Dromaius novaehollandiae),(Aves)-(Aves+Aves),0.0,-4757.5
(Chicken+Golden Pheasant+Common Pheasant+Black Swan+Mute Swan+Bar-Headed Goose+Swan Goose+Eastern Spot-Billed Duck+Mallard+Common Cuckoo+Great Bustard+Brown Falcon+Merlin+White Or Black-Backed Wagtail+Crow+Zebra Finch+Barn Swallow+Kakapo+Budgerigar+California Condor+Lammergeier+Steller'S Sea Eagle+Barn Owl+Oriental Scops Owl+Hoatzin+Rock Pigeon+European Golden-Plover+Atlantic Puffin+Common Murre+Common Tern+Razorbill+Eurasian Woodcock+Common Snipe+Eurasian Coot+Royal Penguin+Emperor Penguin+White Stork)-(Okarito Kiwi+Southern Cassowary+Emu),(Gallus gallus+Chrysolophus pictus+Phasianus colchicus+Cygnus atratus+Cygnus olor+Anser indicus+Anser cygnoides+Anas zonorhyncha+Anas platyrhynchos+Cuculus canorus+Otis tarda+Falco berigora+Falco columbarius+Motacilla alba alba+Corvus hawaiiensis+Taeniopygia guttata+Hirundo rustica+Strigops habroptila+Melopsittacus undulatus+Gymnogyps californianus+Gypaetus barbatus+Haliaeetus pelagicus+Tyto alba+Otus sunia+Opisthocomus hoazin+Columba livia+Pluvialis apricaria+Fratercula arctica+Uria aalge+Sterna hirundo+Alca torda+Scolopax rusticola+Gallinago gallinago+Fulica atra+Eudyptes schlegeli+Aptenodytes forsteri+Ciconia ciconia)-(Apteryx rowi+Casuarius casuarius+Dromaius novaehollandiae),(Aves+Aves+Aves+Aves+Aves+Aves+Aves+Aves+Aves+Aves+Aves+Aves+Aves+Aves+Aves+Aves+Aves+Aves+Aves+Aves+Aves+Aves+Aves+Aves+Aves+Aves+Aves+Aves+Aves+Aves+Aves+Aves+Aves+Aves+Aves+Aves+Aves)-(Aves+Aves+Aves),0.0,4144.246835276959
(American Alligator)-(Australian Saltwater Crocodile),(Alligator mississippiensis)-(Crocodylus porosus),(Reptilia)-(Reptilia),0.0,309.0
(Chicken+Golden Pheasant+Common Pheasant+Black Swan+Mute Swan+Bar-Headed Goose+Swan Goose+Eastern Spot-Billed Duck+Mallard+Common Cuckoo+Great Bustard+Brown Falcon+Merlin+White Or Black-Backed Wagtail+Crow+Zebra Finch+Barn Swallow+Kakapo+Budgerigar+California Condor+Lammergeier+Steller'S Sea Eagle+Barn Owl+Oriental Scops Owl+Hoatzin+Rock Pigeon+European Golden-Plover+Atlantic Puffin+Common Murre+Common Tern+Razorbill+Eurasian Woodcock+Common Snipe+Eurasian Coot+Royal Penguin+Emperor Penguin+White Stork+Okarito Kiwi+Southern Cassowary+Emu)-(American Alligator+Australian Saltwater Crocodile),(Gallus gallus+Chrysolophus pictus+Phasianus colchicus+Cygnus atratus+Cygnus olor+Anser indicus+Anser cygnoides+Anas zonorhyncha+Anas platyrhynchos+Cuculus canorus+Otis tarda+Falco berigora+Falco columbarius+Motacilla alba alba+Corvus hawaiiensis+Taeniopygia guttata+Hirundo rustica+Strigops habroptila+Melopsittacus undulatus+Gymnogyps californianus+Gypaetus barbatus+Haliaeetus pelagicus+Tyto alba+Otus sunia+Opisthocomus hoazin+Columba livia+Pluvialis apricaria+Fratercula arctica+Uria aalge+Sterna hirundo+Alca torda+Scolopax rusticola+Gallinago gallinago+Fulica atra+Eudyptes schlegeli+Aptenodytes forsteri+Ciconia ciconia+Apteryx rowi+Casuarius casuarius+Dromaius novaehollandiae)-(Alligator mississippiensis+Crocodylus porosus),(Aves+Aves+Aves+Aves+Aves+Aves+Aves+Aves+Aves+Aves+Aves+Aves+Aves+Aves+Aves+Aves+Aves+Aves+Aves+Aves+Aves+Aves+Aves+Aves+Aves+Aves+Aves+Aves+Aves+Aves+Aves+Aves+Aves+Aves+Aves+Aves+Aves+Aves+Aves+Aves)-(Reptilia+Reptilia),-4.0,-9310.87276784426
(Green Sea Turtle)-(Snapping Turtle),(Chelonia mydas)-(Chelydra serpentina),(Reptilia)-(Reptilia),0.0,-953.0
(Chinese Soft-Shelled Turtle)-(Green Sea Turtle+Snapping Turtle),(Pelodiscus sinensis)-(Chelonia mydas+Chelydra serpentina),(Reptilia)-(Reptilia+Reptilia),-1.0,2130.499999999999
(West African Mud Turtle)-(Chinese Soft-Shelled Turtle+Green Sea Turtle+Snapping Turtle),(Pelusios castaneus)-(Pelodiscus sinensis+Chelonia mydas+Chelydra serpentina),(Reptilia)-(Reptilia+Reptilia+Reptilia),-0.5923748193108708,7391.054552541809
(Chicken+Golden Pheasant+Common Pheasant+Black Swan+Mute Swan+Bar-Headed Goose+Swan Goose+Eastern Spot-Billed Duck+Mallard+Common Cuckoo+Great Bustard+Brown Falcon+Merlin+White Or Black-Backed Wagtail+Crow+Zebra Finch+Barn Swallow+Kakapo+Budgerigar+California Condor+Lammergeier+Steller'S Sea Eagle+Barn Owl+Oriental Scops Owl+Hoatzin+Rock Pigeon+European Golden-Plover+Atlantic Puffin+Common Murre+Common Tern+Razorbill+Eurasian Woodcock+Common Snipe+Eurasian Coot+Royal Penguin+Emperor Penguin+White Stork+Okarito Kiwi+Southern Cassowary+Emu+American Alligator+Australian Saltwater Crocodile)-(West African Mud Turtle+Chinese Soft-Shelled Turtle+Green Sea Turtle+Snapping Turtle),(Gallus gallus+Chrysolophus pictus+Phasianus colchicus+Cygnus atratus+Cygnus olor+Anser indicus+Anser cygnoides+Anas zonorhyncha+Anas platyrhynchos+Cuculus canorus+Otis tarda+Falco berigora+Falco columbarius+Motacilla alba alba+Corvus hawaiiensis+Taeniopygia guttata+Hirundo rustica+Strigops habroptila+Melopsittacus undulatus+Gymnogyps californianus+Gypaetus barbatus+Haliaeetus pelagicus+Tyto alba+Otus sunia+Opisthocomus hoazin+Columba livia+Pluvialis apricaria+Fratercula arctica+Uria aalge+Sterna hirundo+Alca torda+Scolopax rusticola+Gallinago gallinago+Fulica atra+Eudyptes schlegeli+Aptenodytes forsteri+Ciconia ciconia+Apteryx rowi+Casuarius casuarius+Dromaius novaehollandiae+Alligator mississippiensis+Crocodylus porosus)-(Pelusios castaneus+Pelodiscus sinensis+Chelonia mydas+Chelydra serpentina),(Aves+Aves+Aves+Aves+Aves+Aves+Aves+Aves+Aves+Aves+Aves+Aves+Aves+Aves+Aves+Aves+Aves+Aves+Aves+Aves+Aves+Aves+Aves+Aves+Aves+Aves+Aves+Aves+Aves+Aves+Aves+Aves+Aves+Aves+Aves+Aves+Aves+Aves+Aves+Aves+Reptilia+Reptilia)-(Reptilia+Reptilia+Reptilia+Reptilia),1.360538447679113,1491.6845642294338
(Desert Horned Lizard)-(Chinese Crocodile Lizard),(Phrynosoma platyrhinos)-(Shinisaurus crocodilurus),(Reptilia)-(Reptilia),-1.0,-3957.0
(Regal Horned Lizard)-(Desert Horned Lizard+Chinese Crocodile Lizard),(Sphenodon punctatus)-(Phrynosoma platyrhinos+Shinisaurus crocodilurus),(Reptilia)-(Reptilia+Reptilia),-0.5,2723.5
(Chicken+Golden Pheasant+Common Pheasant+Black Swan+Mute Swan+Bar-Headed Goose+Swan Goose+Eastern Spot-Billed Duck+Mallard+Common Cuckoo+Great Bustard+Brown Falcon+Merlin+White Or Black-Backed Wagtail+Crow+Zebra Finch+Barn Swallow+Kakapo+Budgerigar+California Condor+Lammergeier+Steller'S Sea Eagle+Barn Owl+Oriental Scops Owl+Hoatzin+Rock Pigeon+European Golden-Plover+Atlantic Puffin+Common Murre+Common Tern+Razorbill+Eurasian Woodcock+Common Snipe+Eurasian Coot+Royal Penguin+Emperor Penguin+White Stork+Okarito Kiwi+Southern Cassowary+Emu+American Alligator+Australian Saltwater Crocodile+West African Mud Turtle+Chinese Soft-Shelled Turtle+Green Sea Turtle+Snapping Turtle)-(Regal Horned Lizard+Desert Horned Lizard+Chinese Crocodile Lizard),(Gallus gallus+Chrysolophus pictus+Phasianus colchicus+Cygnus atratus+Cygnus olor+Anser indicus+Anser cygnoides+Anas zonorhyncha+Anas platyrhynchos+Cuculus canorus+Otis tarda+Falco berigora+Falco columbarius+Motacilla alba alba+Corvus hawaiiensis+Taeniopygia guttata+Hirundo rustica+Strigops habroptila+Melopsittacus undulatus+Gymnogyps californianus+Gypaetus barbatus+Haliaeetus pelagicus+Tyto alba+Otus sunia+Opisthocomus hoazin+Columba livia+Pluvialis apricaria+Fratercula arctica+Uria aalge+Sterna hirundo+Alca torda+Scolopax rusticola+Gallinago gallinago+Fulica atra+Eudyptes schlegeli+Aptenodytes forsteri+Ciconia ciconia+Apteryx rowi+Casuarius casuarius+Dromaius novaehollandiae+Alligator mississippiensis+Crocodylus porosus+Pelusios castaneus+Pelodiscus sinensis+Chelonia mydas+Chelydra serpentina)-(Sphenodon punctatus+Phrynosoma platyrhinos+Shinisaurus crocodilurus),(Aves+Aves+Aves+Aves+Aves+Aves+Aves+Aves+Aves+Aves+Aves+Aves+Aves+Aves+Aves+Aves+Aves+Aves+Aves+Aves+Aves+Aves+Aves+Aves+Aves+Aves+Aves+Aves+Aves+Aves+Aves+Aves+Aves+Aves+Aves+Aves+Aves+Aves+Aves+Aves+Reptilia+Reptilia+Reptilia+Reptilia+Reptilia+Reptilia)-(Reptilia+Reptilia+Reptilia),0.8432214748433544,-1655.9980969528187
(Western European Hedgehog+Suricate+Cat+Tiger+Lion+Leopard+Fox+Ermine+American Black Bear+Horse+Alpaca+Two-Humped Camel+North Pacific Minke Whale+Orca+Cattle+Goat+Sheep+Wild Boar+Flying Fox+Rabbit+Norway Rat+House Mouse+Guinea Pig+Lemur+Common Marmoset+Gorilla+Human+Chimpanzee+Rhesus Monkey+Pig-Tailed Macaque+African Bush Elephant+Linne'S Two-Toed Sloth+Short-Beaked Echidna+Platypus)-(Chicken+Golden Pheasant+Common Pheasant+Black Swan+Mute Swan+Bar-Headed Goose+Swan Goose+Eastern Spot-Billed Duck+Mallard+Common Cuckoo+Great Bustard+Brown Falcon+Merlin+White Or Black-Backed Wagtail+Crow+Zebra Finch+Barn Swallow+Kakapo+Budgerigar+California Condor+Lammergeier+Steller'S Sea Eagle+Barn Owl+Oriental Scops Owl+Hoatzin+Rock Pigeon+European Golden-Plover+Atlantic Puffin+Common Murre+Common Tern+Razorbill+Eurasian Woodcock+Common Snipe+Eurasian Coot+Royal Penguin+Emperor Penguin+White Stork+Okarito Kiwi+Southern Cassowary+Emu+American Alligator+Australian Saltwater Crocodile+West African Mud Turtle+Chinese Soft-Shelled Turtle+Green Sea Turtle+Snapping Turtle+Regal Horned Lizard+Desert Horned Lizard+Chinese Crocodile Lizard),(Erinaceus europaeus+Suricata suricatta+Felis catus+Panthera tigris+Panthera leo+Panthera pardus+Vulpes vulpes+Mustela erminea+Ursus americanus+Equus caballus+Vicugna pacos+Camelus ferus+Balaenoptera acutorostrata scammoni+Orcinus orca+Bos taurus+Capra hircus+Ovis aries+Sus scrofa+Pteropus vampyrus+Oryctolagus cuniculus+Rattus norvegicus+Mus musculus+Cavia porcellus+Lemur catta+Callithrix jacchus+Gorilla gorilla+Homo sapiens+Pan troglodytes+Macaca mulatta+Macaca nemestrina+Loxodonta africana+Choloepus didactylus+Tachyglossus aculeatus+Ornithorhynchus anatinus)-(Gallus gallus+Chrysolophus pictus+Phasianus colchicus+Cygnus atratus+Cygnus olor+Anser indicus+Anser cygnoides+Anas zonorhyncha+Anas platyrhynchos+Cuculus canorus+Otis tarda+Falco berigora+Falco columbarius+Motacilla alba alba+Corvus hawaiiensis+Taeniopygia guttata+Hirundo rustica+Strigops habroptila+Melopsittacus undulatus+Gymnogyps californianus+Gypaetus barbatus+Haliaeetus pelagicus+Tyto alba+Otus sunia+Opisthocomus hoazin+Columba livia+Pluvialis apricaria+Fratercula arctica+Uria aalge+Sterna hirundo+Alca torda+Scolopax rusticola+Gallinago gallinago+Fulica atra+Eudyptes schlegeli+Aptenodytes forsteri+Ciconia ciconia+Apteryx rowi+Casuarius casuarius+Dromaius novaehollandiae+Alligator mississippiensis+Crocodylus porosus+Pelusios castaneus+Pelodiscus sinensis+Chelonia mydas+Chelydra serpentina+Sphenodon punctatus+Phrynosoma platyrhinos+Shinisaurus crocodilurus),(Mammalia+Mammalia+Mammalia+Mammalia+Mammalia+Mammalia+Mammalia+Mammalia+Mammalia+Mammalia+Mammalia+Mammalia+Mammalia+Mammalia+Mammalia+Mammalia+Mammalia+Mammalia+Mammalia+Mammalia+Mammalia+Mammalia+Mammalia+Mammalia+Mammalia+Mammalia+Mammalia+Mammalia+Mammalia+Mammalia+Mammalia+Mammalia+Mammalia+Mammalia)-(Aves+Aves+Aves+Aves+Aves+Aves+Aves+Aves+Aves+Aves+Aves+Aves+Aves+Aves+Aves+Aves+Aves+Aves+Aves+Aves+Aves+Aves+Aves+Aves+Aves+Aves+Aves+Aves+Aves+Aves+Aves+Aves+Aves+Aves+Aves+Aves+Aves+Aves+Aves+Aves+Reptilia+Reptilia+Reptilia+Reptilia+Reptilia+Reptilia+Reptilia+Reptilia+Reptilia),3.4939918754060293,-5093.489690125692
(Axolotl)-(Iberian Ribbed Newt),(Ambystoma mexicanum)-(Pleurodeles waltl),(Amphibia)-(Amphibia),0.0,-2358.0
(African Clawed Frog)-(Western Clawed Frog),(Xenopus laevis)-(Xenopus tropicalis),(Amphibia)-(Amphibia),0.0,-12142.0
(Common Toad)-(Asiatic Toad),(Bufo bufo)-(Bufo gargarizans),(Amphibia)-(Amphibia),0.0,8647.0
(African Clawed Frog+Western Clawed Frog)-(Common Toad+Asiatic Toad),(Xenopus laevis+Xenopus tropicalis)-(Bufo bufo+Bufo gargarizans),(Amphibia+Amphibia)-(Amphibia+Amphibia),0.0,7796.500000000004
(European Fire-Bellied Toad)-(Painted Frog),(Bombina bombina)-(Discoglossus pictus),(Amphibia)-(Amphibia),0.0,-2383.0
(African Clawed Frog+Western Clawed Frog+Common Toad+Asiatic Toad)-(European Fire-Bellied Toad+Painted Frog),(Xenopus laevis+Xenopus tropicalis+Bufo bufo+Bufo gargarizans)-(Bombina bombina+Discoglossus pictus),(Amphibia+Amphibia+Amphibia+Amphibia)-(Amphibia+Amphibia),0.0,1564.694039853077
(Axolotl+Iberian Ribbed Newt)-(African Clawed Frog+Western Clawed Frog+Common Toad+Asiatic Toad+European Fire-Bellied Toad+Painted Frog),(Ambystoma mexicanum+Pleurodeles waltl)-(Xenopus laevis+Xenopus tropicalis+Bufo bufo+Bufo gargarizans+Bombina bombina+Discoglossus pictus),(Amphibia+Amphibia)-(Amphibia+Amphibia+Amphibia+Amphibia+Amphibia+Amphibia),0.0,1369.6356104886308
(Western European Hedgehog+Suricate+Cat+Tiger+Lion+Leopard+Fox+Ermine+American Black Bear+Horse+Alpaca+Two-Humped Camel+North Pacific Minke Whale+Orca+Cattle+Goat+Sheep+Wild Boar+Flying Fox+Rabbit+Norway Rat+House Mouse+Guinea Pig+Lemur+Common Marmoset+Gorilla+Human+Chimpanzee+Rhesus Monkey+Pig-Tailed Macaque+African Bush Elephant+Linne'S Two-Toed Sloth+Short-Beaked Echidna+Platypus+Chicken+Golden Pheasant+Common Pheasant+Black Swan+Mute Swan+Bar-Headed Goose+Swan Goose+Eastern Spot-Billed Duck+Mallard+Common Cuckoo+Great Bustard+Brown Falcon+Merlin+White Or Black-Backed Wagtail+Crow+Zebra Finch+Barn Swallow+Kakapo+Budgerigar+California Condor+Lammergeier+Steller'S Sea Eagle+Barn Owl+Oriental Scops Owl+Hoatzin+Rock Pigeon+European Golden-Plover+Atlantic Puffin+Common Murre+Common Tern+Razorbill+Eurasian Woodcock+Common Snipe+Eurasian Coot+Royal Penguin+Emperor Penguin+White Stork+Okarito Kiwi+Southern Cassowary+Emu+American Alligator+Australian Saltwater Crocodile+West African Mud Turtle+Chinese Soft-Shelled Turtle+Green Sea Turtle+Snapping Turtle+Regal Horned Lizard+Desert Horned Lizard+Chinese Crocodile Lizard)-(Axolotl+Iberian Ribbed Newt+African Clawed Frog+Western Clawed Frog+Common Toad+Asiatic Toad+European Fire-Bellied Toad+Painted Frog),(Erinaceus europaeus+Suricata suricatta+Felis catus+Panthera tigris+Panthera leo+Panthera pardus+Vulpes vulpes+Mustela erminea+Ursus americanus+Equus caballus+Vicugna pacos+Camelus ferus+Balaenoptera acutorostrata scammoni+Orcinus orca+Bos taurus+Capra hircus+Ovis aries+Sus scrofa+Pteropus vampyrus+Oryctolagus cuniculus+Rattus norvegicus+Mus musculus+Cavia porcellus+Lemur catta+Callithrix jacchus+Gorilla gorilla+Homo sapiens+Pan troglodytes+Macaca mulatta+Macaca nemestrina+Loxodonta africana+Choloepus didactylus+Tachyglossus aculeatus+Ornithorhynchus anatinus+Gallus gallus+Chrysolophus pictus+Phasianus colchicus+Cygnus atratus+Cygnus olor+Anser indicus+Anser cygnoides+Anas zonorhyncha+Anas platyrhynchos+Cuculus canorus+Otis tarda+Falco berigora+Falco columbarius+Motacilla alba alba+Corvus hawaiiensis+Taeniopygia guttata+Hirundo rustica+Strigops habroptila+Melopsittacus undulatus+Gymnogyps californianus+Gypaetus barbatus+Haliaeetus pelagicus+Tyto alba+Otus sunia+Opisthocomus hoazin+Columba livia+Pluvialis apricaria+Fratercula arctica+Uria aalge+Sterna hirundo+Alca torda+Scolopax rusticola+Gallinago gallinago+Fulica atra+Eudyptes schlegeli+Aptenodytes forsteri+Ciconia ciconia+Apteryx rowi+Casuarius casuarius+Dromaius novaehollandiae+Alligator mississippiensis+Crocodylus porosus+Pelusios castaneus+Pelodiscus sinensis+Chelonia mydas+Chelydra serpentina+Sphenodon punctatus+Phrynosoma platyrhinos+Shinisaurus crocodilurus)-(Ambystoma mexicanum+Pleurodeles waltl+Xenopus laevis+Xenopus tropicalis+Bufo bufo+Bufo gargarizans+Bombina bombina+Discoglossus pictus),(Mammalia+Mammalia+Mammalia+Mammalia+Mammalia+Mammalia+Mammalia+Mammalia+Mammalia+Mammalia+Mammalia+Mammalia+Mammalia+Mammalia+Mammalia+Mammalia+Mammalia+Mammalia+Mammalia+Mammalia+Mammalia+Mammalia+Mammalia+Mammalia+Mammalia+Mammalia+Mammalia+Mammalia+Mammalia+Mammalia+Mammalia+Mammalia+Mammalia+Mammalia+Aves+Aves+Aves+Aves+Aves+Aves+Aves+Aves+Aves+Aves+Aves+Aves+Aves+Aves+Aves+Aves+Aves+Aves+Aves+Aves+Aves+Aves+Aves+Aves+Aves+Aves+Aves+Aves+Aves+Aves+Aves+Aves+Aves+Aves+Aves+Aves+Aves+Aves+Aves+Aves+Reptilia+Reptilia+Reptilia+Reptilia+Reptilia+Reptilia+Reptilia+Reptilia+Reptilia)-(Amphibia+Amphibia+Amphibia+Amphibia+Amphibia+Amphibia+Amphibia+Amphibia),1.91021200938621,-3115.1489075307345
