Common Name,Species,Class,Sacral,C6
(Axolotl)-(Iberian Ribbed Newt),(Ambystoma mexicanum)-(Pleurodeles waltl),(Amphibia)-(Amphibia),0.0,-55.95524208255456
(Common Frog)-(Common Toad),(Rana temporaria)-(Bufo bufo),(Amphibia)-(Amphibia),0.0,197.64706176683245
(African Clawed Frog)-(Western Clawed Frog),(Xenopus laevis)-(Xenopus tropicalis),(Amphibia)-(Amphibia),0.0,-111.57727779640008
(Common Frog+Common Toad)-(African Clawed Frog+Western Clawed Frog),(Rana temporaria+Bufo bufo)-(Xenopus laevis+Xenopus tropicalis),(Amphibia+Amphibia)-(Amphibia+Amphibia),0.0,-426.96196789338063
(European Fire-Bellied Toad)-(Painted Frog),(Bombina bombina)-(Discoglossus pictus),(Amphibia)-(Amphibia),0.0,238.1824775127433
(Common Frog+Common Toad+African Clawed Frog+Western Clawed Frog)-(European Fire-Bellied Toad+Painted Frog),(Rana temporaria+Bufo bufo+Xenopus laevis+Xenopus tropicalis)-(Bombina bombina+Discoglossus pictus),(Amphibia+Amphibia+Amphibia+Amphibia)-(Amphibia+Amphibia),0.0,-15.191784452019293
(Axolotl+Iberian Ribbed Newt)-(Common Frog+Common Toad+African Clawed Frog+Western Clawed Frog+European Fire-Bellied Toad+Painted Frog),(Ambystoma mexicanum+Pleurodeles waltl)-(Rana temporaria+Bufo bufo+Xenopus laevis+Xenopus tropicalis+Bombina bombina+Discoglossus pictus),(Amphibia+Amphibia)-(Amphibia+Amphibia+Amphibia+Amphibia+Amphibia+Amphibia),0.0,8.209623208220663
(Gaboon Caecilian)-(Tiny Cayenne Caecilian),(Geotrypetes seraphini)-(Microcaecilia unicolor),(Amphibia)-(Amphibia),0.0,-217.94669673452202
(Two-Lined Caecilian)-(Gaboon Caecilian+Tiny Cayenne Caecilian),(Rhinatrema bivittatum)-(Geotrypetes seraphini+Microcaecilia unicolor),(Amphibia)-(Amphibia+Amphibia),0.0,85.19026731361774
(Axolotl+Iberian Ribbed Newt+Common Frog+Common Toad+African Clawed Frog+Western Clawed Frog+European Fire-Bellied Toad+Painted Frog)-(Two-Lined Caecilian+Gaboon Caecilian+Tiny Cayenne Caecilian),(Ambystoma mexicanum+Pleurodeles waltl+Rana temporaria+Bufo bufo+Xenopus laevis+Xenopus tropicalis+Bombina bombina+Discoglossus pictus)-(Rhinatrema bivittatum+Geotrypetes seraphini+Microcaecilia unicolor),(Amphibia+Amphibia+Amphibia+Amphibia+Amphibia+Amphibia+Amphibia+Amphibia)-(Amphibia+Amphibia+Amphibia),0.05761683269786714,-98.1802062947426
(Lion)-(Leopard),(Panthera leo)-(Panthera pardus),(Mammalia)-(Mammalia),0.0,-6476.087107426288
(Tiger)-(Lion+Leopard),(Panthera tigris)-(Panthera leo+Panthera pardus),(Mammalia)-(Mammalia+Mammalia),1.3606597747773358e-16,-2391.2468433617396
(Cat)-(Tiger+Lion+Leopard),(Felis catus)-(Panthera tigris+Panthera leo+Panthera pardus),(Mammalia)-(Mammalia+Mammalia+Mammalia),-0.22517566454809998,-1623.2723170360634
(Suricate)-(Cat+Tiger+Lion+Leopard),(Suricata suricatta)-(Felis catus+Panthera tigris+Panthera leo+Panthera pardus),(Mammalia)-(Mammalia+Mammalia+Mammalia+Mammalia),0.048471040828250586,389.46405178980064
(Fox)-(Ermine),(Vulpes vulpes)-(Mustela erminea),(Mammalia)-(Mammalia),0.10529232878566533,1130.73431882926
(Suricate+Cat+Tiger+Lion+Leopard)-(Fox+Ermine),(Suricata suricatta+Felis catus+Panthera tigris+Panthera leo+Panthera pardus)-(Vulpes vulpes+Mustela erminea),(Mammalia+Mammalia+Mammalia+Mammalia+Mammalia)-(Mammalia+Mammalia),0.034112374620872965,926.5062176991181
(Suricate+Cat+Tiger+Lion+Leopard+Fox+Ermine)-(Horse),(Suricata suricatta+Felis catus+Panthera tigris+Panthera leo+Panthera pardus+Vulpes vulpes+Mustela erminea)-(Equus caballus),(Mammalia+Mammalia+Mammalia+Mammalia+Mammalia+Mammalia+Mammalia)-(Mammalia),-0.22534698599280792,1073.0125507098633
(Alpaca)-(Two-Humped Camel),(Vicugna pacos)-(Camelus ferus),(Mammalia)-(Mammalia),0.15460907879496572,2599.9062690161436
(Goat)-(Sheep),(Capra hircus)-(Ovis aries),(Mammalia)-(Mammalia),0.0,5.622910675239736
(Cattle)-(Goat+Sheep),(Bos taurus)-(Capra hircus+Ovis aries),(Mammalia)-(Mammalia+Mammalia),0.15926430294903263,7.963215147451631
(Cattle+Goat+Sheep)-(Orca),(Bos taurus+Capra hircus+Ovis aries)-(Orcinus orca),(Mammalia+Mammalia+Mammalia)-(Mammalia),0.43710385236950305,1706.9503263327101
(Cattle+Goat+Sheep+Orca)-(Wild Boar),(Bos taurus+Capra hircus+Ovis aries+Orcinus orca)-(Sus scrofa),(Mammalia+Mammalia+Mammalia+Mammalia)-(Mammalia),-0.15888335679745635,951.8101662316471
(Alpaca+Two-Humped Camel)-(Cattle+Goat+Sheep+Orca+Wild Boar),(Vicugna pacos+Camelus ferus)-(Bos taurus+Capra hircus+Ovis aries+Orcinus orca+Sus scrofa),(Mammalia+Mammalia)-(Mammalia+Mammalia+Mammalia+Mammalia+Mammalia),0.1754943749029516,191.20040437823593
(Suricate+Cat+Tiger+Lion+Leopard+Fox+Ermine+Horse)-(Alpaca+Two-Humped Camel+Cattle+Goat+Sheep+Orca+Wild Boar),(Suricata suricatta+Felis catus+Panthera tigris+Panthera leo+Panthera pardus+Vulpes vulpes+Mustela erminea+Equus caballus)-(Vicugna pacos+Camelus ferus+Bos taurus+Capra hircus+Ovis aries+Orcinus orca+Sus scrofa),(Mammalia+Mammalia+Mammalia+Mammalia+Mammalia+Mammalia+Mammalia+Mammalia)-(Mammalia+Mammalia+Mammalia+Mammalia+Mammalia+Mammalia+Mammalia),-0.002090557610851324,34.564560722484586
(Suricate+Cat+Tiger+Lion+Leopard+Fox+Ermine+Horse+Alpaca+Two-Humped Camel+Cattle+Goat+Sheep+Orca+Wild Boar)-(Flying Fox),(Suricata suricatta+Felis catus+Panthera tigris+Panthera leo+Panthera pardus+Vulpes vulpes+Mustela erminea+Equus caballus+Vicugna pacos+Camelus ferus+Bos taurus+Capra hircus+Ovis aries+Orcinus orca+Sus scrofa)-(Pteropus vampyrus),(Mammalia+Mammalia+Mammalia+Mammalia+Mammalia+Mammalia+Mammalia+Mammalia+Mammalia+Mammalia+Mammalia+Mammalia+Mammalia+Mammalia+Mammalia)-(Mammalia),-0.25949294237687154,-1001.0864663254073
(Western European Hedgehog)-(Suricate+Cat+Tiger+Lion+Leopard+Fox+Ermine+Horse+Alpaca+Two-Humped Camel+Cattle+Goat+Sheep+Orca+Wild Boar+Flying Fox),(Erinaceus europaeus)-(Suricata suricatta+Felis catus+Panthera tigris+Panthera leo+Panthera pardus+Vulpes vulpes+Mustela erminea+Equus caballus+Vicugna pacos+Camelus ferus+Bos taurus+Capra hircus+Ovis aries+Orcinus orca+Sus scrofa+Pteropus vampyrus),(Mammalia)-(Mammalia+Mammalia+Mammalia+Mammalia+Mammalia+Mammalia+Mammalia+Mammalia+Mammalia+Mammalia+Mammalia+Mammalia+Mammalia+Mammalia+Mammalia+Mammalia),-0.03792184784594502,840.9641714302309
(Norway Rat)-(House Mouse),(Rattus norvegicus)-(Mus musculus),(Mammalia)-(Mammalia),-0.10544361212183397,751.3911799801888
(Norway Rat+House Mouse)-(Guinea Pig),(Rattus norvegicus+Mus musculus)-(Cavia porcellus),(Mammalia+Mammalia)-(Mammalia),0.022395360503867087,-1314.202282091789
(Rabbit)-(Norway Rat+House Mouse+Guinea Pig),(Oryctolagus cuniculus)-(Rattus norvegicus+Mus musculus+Cavia porcellus),(Mammalia)-(Mammalia+Mammalia+Mammalia),0.03309303696743241,-498.4029534395308
(Human)-(Chimpanzee),(Homo sapiens)-(Pan troglodytes),(Mammalia)-(Mammalia),-0.31038557713349346,-5990.441638676423
(Gorilla)-(Human+Chimpanzee),(Gorilla gorilla)-(Homo sapiens+Pan troglodytes),(Mammalia)-(Mammalia+Mammalia),-0.1319060935108851,2291.220285226168
(Rhesus Monkey)-(Pig-Tailed Macaque),(Macaca mulatta)-(Macaca nemestrina),(Mammalia)-(Mammalia),0.0,-6198.536503674832
(Gorilla+Human+Chimpanzee)-(Rhesus Monkey+Pig-Tailed Macaque),(Gorilla gorilla+Homo sapiens+Pan troglodytes)-(Macaca mulatta+Macaca nemestrina),(Mammalia+Mammalia+Mammalia)-(Mammalia+Mammalia),0.3283940216783132,680.8199159948333
(Common Marmoset)-(Gorilla+Human+Chimpanzee+Rhesus Monkey+Pig-Tailed Macaque),(Callithrix jacchus)-(Gorilla gorilla+Homo sapiens+Pan troglodytes+Macaca mulatta+Macaca nemestrina),(Mammalia)-(Mammalia+Mammalia+Mammalia+Mammalia+Mammalia),-0.1468257470146102,926.1546330565352
(Lemur)-(Common Marmoset+Gorilla+Human+Chimpanzee+Rhesus Monkey+Pig-Tailed Macaque),(Lemur catta)-(Callithrix jacchus+Gorilla gorilla+Homo sapiens+Pan troglodytes+Macaca mulatta+Macaca nemestrina),(Mammalia)-(Mammalia+Mammalia+Mammalia+Mammalia+Mammalia+Mammalia),-0.06879469376180346,409.03288669305675
(Rabbit+Norway Rat+House Mouse+Guinea Pig)-(Lemur+Common Marmoset+Gorilla+Human+Chimpanzee+Rhesus Monkey+Pig-Tailed Macaque),(Oryctolagus cuniculus+Rattus norvegicus+Mus musculus+Cavia porcellus)-(Lemur catta+Callithrix jacchus+Gorilla gorilla+Homo sapiens+Pan troglodytes+Macaca mulatta+Macaca nemestrina),(Mammalia+Mammalia+Mammalia+Mammalia)-(Mammalia+Mammalia+Mammalia+Mammalia+Mammalia+Mammalia+Mammalia),0.03412142889251961,-890.5168798926841
(Western European Hedgehog+Suricate+Cat+Tiger+Lion+Leopard+Fox+Ermine+Horse+Alpaca+Two-Humped Camel+Cattle+Goat+Sheep+Orca+Wild Boar+Flying Fox)-(Rabbit+Norway Rat+House Mouse+Guinea Pig+Lemur+Common Marmoset+Gorilla+Human+Chimpanzee+Rhesus Monkey+Pig-Tailed Macaque),(Erinaceus europaeus+Suricata suricatta+Felis catus+Panthera tigris+Panthera leo+Panthera pardus+Vulpes vulpes+Mustela erminea+Equus caballus+Vicugna pacos+Camelus ferus+Bos taurus+Capra hircus+Ovis aries+Orcinus orca+Sus scrofa+Pteropus vampyrus)-(Oryctolagus cuniculus+Rattus norvegicus+Mus musculus+Cavia porcellus+Lemur catta+Callithrix jacchus+Gorilla gorilla+Homo sapiens+Pan troglodytes+Macaca mulatta+Macaca nemestrina),(Mammalia+Mammalia+Mammalia+Mammalia+Mammalia+Mammalia+Mammalia+Mammalia+Mammalia+Mammalia+Mammalia+Mammalia+Mammalia+Mammalia+Mammalia+Mammalia+Mammalia)-(Mammalia+Mammalia+Mammalia+Mammalia+Mammalia+Mammalia+Mammalia+Mammalia+Mammalia+Mammalia+Mammalia),0.027151998054968037,20.749873081828046
(African Bush Elephant)-(Linne'S Two-Toed Sloth),(Loxodonta africana)-(Choloepus didactylus),(Mammalia)-(Mammalia),-0.2155884608523159,-1069.6062171086232
(Western European Hedgehog+Suricate+Cat+Tiger+Lion+Leopard+Fox+Ermine+Horse+Alpaca+Two-Humped Camel+Cattle+Goat+Sheep+Orca+Wild Boar+Flying Fox+Rabbit+Norway Rat+House Mouse+Guinea Pig+Lemur+Common Marmoset+Gorilla+Human+Chimpanzee+Rhesus Monkey+Pig-Tailed Macaque)-(African Bush Elephant+Linne'S Two-Toed Sloth),(Erinaceus europaeus+Suricata suricatta+Felis catus+Panthera tigris+Panthera leo+Panthera pardus+Vulpes vulpes+Mustela erminea+Equus caballus+Vicugna pacos+Camelus ferus+Bos taurus+Capra hircus+Ovis aries+Orcinus orca+Sus scrofa+Pteropus vampyrus+Oryctolagus cuniculus+Rattus norvegicus+Mus musculus+Cavia porcellus+Lemur catta+Callithrix jacchus+Gorilla gorilla+Homo sapiens+Pan troglodytes+Macaca mulatta+Macaca nemestrina)-(Loxodonta africana+Choloepus didactylus),(Mammalia+Mammalia+Mammalia+Mammalia+Mammalia+Mammalia+Mammalia+Mammalia+Mammalia+Mammalia+Mammalia+Mammalia+Mammalia+Mammalia+Mammalia+Mammalia+Mammalia+Mammalia+Mammalia+Mammalia+Mammalia+Mammalia+Mammalia+Mammalia+Mammalia+Mammalia+Mammalia+Mammalia)-(Mammalia+Mammalia),-0.33527254027497516,103.82156635588355
(Short-Beaked Echidna)-(Platypus),(Tachyglossus aculeatus)-(Ornithorhynchus anatinus),(Mammalia)-(Mammalia),0.10344143739142002,26.170683660029265
(Western European Hedgehog+Suricate+Cat+Tiger+Lion+Leopard+Fox+Ermine+Horse+Alpaca+Two-Humped Camel+Cattle+Goat+Sheep+Orca+Wild Boar+Flying Fox+Rabbit+Norway Rat+House Mouse+Guinea Pig+Lemur+Common Marmoset+Gorilla+Human+Chimpanzee+Rhesus Monkey+Pig-Tailed Macaque+African Bush Elephant+Linne'S Two-Toed Sloth)-(Short-Beaked Echidna+Platypus),(Erinaceus europaeus+Suricata suricatta+Felis catus+Panthera tigris+Panthera leo+Panthera pardus+Vulpes vulpes+Mustela erminea+Equus caballus+Vicugna pacos+Camelus ferus+Bos taurus+Capra hircus+Ovis aries+Orcinus orca+Sus scrofa+Pteropus vampyrus+Oryctolagus cuniculus+Rattus norvegicus+Mus musculus+Cavia porcellus+Lemur catta+Callithrix jacchus+Gorilla gorilla+Homo sapiens+Pan troglodytes+Macaca mulatta+Macaca nemestrina+Loxodonta africana+Choloepus didactylus)-(Tachyglossus aculeatus+Ornithorhynchus anatinus),(Mammalia+Mammalia+Mammalia+Mammalia+Mammalia+Mammalia+Mammalia+Mammalia+Mammalia+Mammalia+Mammalia+Mammalia+Mammalia+Mammalia+Mammalia+Mammalia+Mammalia+Mammalia+Mammalia+Mammalia+Mammalia+Mammalia+Mammalia+Mammalia+Mammalia+Mammalia+Mammalia+Mammalia+Mammalia+Mammalia)-(Mammalia+Mammalia),0.12272778309157617,-121.79952406412367
(Eastern Spot-Billed Duck)-(Mallard),(Anas zonorhyncha)-(Anas platyrhynchos),(Aves)-(Aves),-0.19895575565542806,-605.8202759707784
(Black Swan)-(Mute Swan),(Cygnus atratus)-(Cygnus olor),(Aves)-(Aves),-0.7071067811865475,-4326.786394080484
(Eastern Spot-Billed Duck+Mallard)-(Black Swan+Mute Swan),(Anas zonorhyncha+Anas platyrhynchos)-(Cygnus atratus+Cygnus olor),(Aves+Aves)-(Aves+Aves),-0.5065284044079514,363.560762263807
(Golden Pheasant)-(Common Pheasant),(Chrysolophus pictus)-(Phasianus colchicus),(Aves)-(Aves),0.19253189751253447,1432.8223812882816
(Eastern Spot-Billed Duck+Mallard+Black Swan+Mute Swan)-(Golden Pheasant+Common Pheasant),(Anas zonorhyncha+Anas platyrhynchos+Cygnus atratus+Cygnus olor)-(Chrysolophus pictus+Phasianus colchicus),(Aves+Aves+Aves+Aves)-(Aves+Aves),0.23550583598194924,-170.52861651889708
(White Or Black-Backed Wagtail)-(Steller'S Sea Eagle),(Motacilla alba alba)-(Haliaeetus pelagicus),(Aves)-(Aves),-0.3370563178167197,761.5787501068781
(Eurasian Woodcock)-(Common Snipe),(Scolopax rusticola)-(Gallinago gallinago),(Aves)-(Aves),-0.3111809090257979,159.57357014842918
(Ruff)-(Eurasian Woodcock+Common Snipe),(Calidris pugnax)-(Scolopax rusticola+Gallinago gallinago),(Aves)-(Aves+Aves),-0.08925901078488485,-746.443354190397
(Common Tern)-(Razorbill),(Sterna hirundo)-(Alca torda),(Aves)-(Aves),-0.5586618681316243,-1749.3937738673685
(Atlantic Puffin)-(Common Tern+Razorbill),(Fratercula arctica)-(Sterna hirundo+Alca torda),(Aves)-(Aves+Aves),-0.2764169163606718,874.6384067484382
(Ruff+Eurasian Woodcock+Common Snipe)-(Atlantic Puffin+Common Tern+Razorbill),(Calidris pugnax+Scolopax rusticola+Gallinago gallinago)-(Fratercula arctica+Sterna hirundo+Alca torda),(Aves+Aves+Aves)-(Aves+Aves+Aves),-0.12045060555049927,528.8724662586955
(European Golden-Plover)-(Ruff+Eurasian Woodcock+Common Snipe+Atlantic Puffin+Common Tern+Razorbill),(Pluvialis apricaria)-(Calidris pugnax+Scolopax rusticola+Gallinago gallinago+Fratercula arctica+Sterna hirundo+Alca torda),(Aves)-(Aves+Aves+Aves+Aves+Aves+Aves),-0.004378298259412562,163.82522904554705
(White Stork)-(Royal Penguin),(Ciconia ciconia)-(Eudyptes schlegeli),(Aves)-(Aves),-0.1717903966568547,-20.872533193807843
(Eurasian Coot)-(White Stork+Royal Penguin),(Fulica atra)-(Ciconia ciconia+Eudyptes schlegeli),(Aves)-(Aves+Aves),0.09717398901297071,3961.3462491082573
(European Golden-Plover+Ruff+Eurasian Woodcock+Common Snipe+Atlantic Puffin+Common Tern+Razorbill)-(Eurasian Coot+White Stork+Royal Penguin),(Pluvialis apricaria+Calidris pugnax+Scolopax rusticola+Gallinago gallinago+Fratercula arctica+Sterna hirundo+Alca torda)-(Fulica atra+Ciconia ciconia+Eudyptes schlegeli),(Aves+Aves+Aves+Aves+Aves+Aves+Aves)-(Aves+Aves+Aves),-0.19897802745459903,-2358.611540677505
(White Or Black-Backed Wagtail+Steller'S Sea Eagle)-(European Golden-Plover+Ruff+Eurasian Woodcock+Common Snipe+Atlantic Puffin+Common Tern+Razorbill+Eurasian Coot+White Stork+Royal Penguin),(Motacilla alba alba+Haliaeetus pelagicus)-(Pluvialis apricaria+Calidris pugnax+Scolopax rusticola+Gallinago gallinago+Fratercula arctica+Sterna hirundo+Alca torda+Fulica atra+Ciconia ciconia+Eudyptes schlegeli),(Aves+Aves)-(Aves+Aves+Aves+Aves+Aves+Aves+Aves+Aves+Aves+Aves),-0.07638863327314646,-193.75249520041808
(Eastern Spot-Billed Duck+Mallard+Black Swan+Mute Swan+Golden Pheasant+Common Pheasant)-(White Or Black-Backed Wagtail+Steller'S Sea Eagle+European Golden-Plover+Ruff+Eurasian Woodcock+Common Snipe+Atlantic Puffin+Common Tern+Razorbill+Eurasian Coot+White Stork+Royal Penguin),(Anas zonorhyncha+Anas platyrhynchos+Cygnus atratus+Cygnus olor+Chrysolophus pictus+Phasianus colchicus)-(Motacilla alba alba+Haliaeetus pelagicus+Pluvialis apricaria+Calidris pugnax+Scolopax rusticola+Gallinago gallinago+Fratercula arctica+Sterna hirundo+Alca torda+Fulica atra+Ciconia ciconia+Eudyptes schlegeli),(Aves+Aves+Aves+Aves+Aves+Aves)-(Aves+Aves+Aves+Aves+Aves+Aves+Aves+Aves+Aves+Aves+Aves+Aves),0.31483780617266893,-589.8276115851
(Eastern Spot-Billed Duck+Mallard+Black Swan+Mute Swan+Golden Pheasant+Common Pheasant+White Or Black-Backed Wagtail+Steller'S Sea Eagle+European Golden-Plover+Ruff+Eurasian Woodcock+Common Snipe+Atlantic Puffin+Common Tern+Razorbill+Eurasian Coot+White Stork+Royal Penguin)-(Emu),(Anas zonorhyncha+Anas platyrhynchos+Cygnus atratus+Cygnus olor+Chrysolophus pictus+Phasianus colchicus+Motacilla alba alba+Haliaeetus pelagicus+Pluvialis apricaria+Calidris pugnax+Scolopax rusticola+Gallinago gallinago+Fratercula arctica+Sterna hirundo+Alca torda+Fulica atra+Ciconia ciconia+Eudyptes schlegeli)-(Dromaius novaehollandiae),(Aves+Aves+Aves+Aves+Aves+Aves+Aves+Aves+Aves+Aves+Aves+Aves+Aves+Aves+Aves+Aves+Aves+Aves)-(Aves),-0.050518557186451006,-203.15303629546653
(Eastern Spot-Billed Duck+Mallard+Black Swan+Mute Swan+Golden Pheasant+Common Pheasant+White Or Black-Backed Wagtail+Steller'S Sea Eagle+European Golden-Plover+Ruff+Eurasian Woodcock+Common Snipe+Atlantic Puffin+Common Tern+Razorbill+Eurasian Coot+White Stork+Royal Penguin+Emu)-(American Alligator),(Anas zonorhyncha+Anas platyrhynchos+Cygnus atratus+Cygnus olor+Chrysolophus pictus+Phasianus colchicus+Motacilla alba alba+Haliaeetus pelagicus+Pluvialis apricaria+Calidris pugnax+Scolopax rusticola+Gallinago gallinago+Fratercula arctica+Sterna hirundo+Alca torda+Fulica atra+Ciconia ciconia+Eudyptes schlegeli+Dromaius novaehollandiae)-(Alligator mississippiensis),(Aves+Aves+Aves+Aves+Aves+Aves+Aves+Aves+Aves+Aves+Aves+Aves+Aves+Aves+Aves+Aves+Aves+Aves+Aves)-(Reptilia),0.6215890139407189,569.6538700395838
(Green Sea Turtle)-(Snapping Turtle),(Chelonia mydas)-(Chelydra serpentina),(Reptilia)-(Reptilia),0.0,10.016573709097296
(Chinese Soft-Shelled Turtle)-(Green Sea Turtle+Snapping Turtle),(Pelodiscus sinensis)-(Chelonia mydas+Chelydra serpentina),(Reptilia)-(Reptilia+Reptilia),0.0,790.094502947812
(West African Mud Turtle)-(Chinese Soft-Shelled Turtle+Green Sea Turtle+Snapping Turtle),(Pelusios castaneus)-(Pelodiscus sinensis+Chelonia mydas+Chelydra serpentina),(Reptilia)-(Reptilia+Reptilia+Reptilia),0.0579424062948261,398.7277744768821
(Eastern Spot-Billed Duck+Mallard+Black Swan+Mute Swan+Golden Pheasant+Common Pheasant+White Or Black-Backed Wagtail+Steller'S Sea Eagle+European Golden-Plover+Ruff+Eurasian Woodcock+Common Snipe+Atlantic Puffin+Common Tern+Razorbill+Eurasian Coot+White Stork+Royal Penguin+Emu+American Alligator)-(West African Mud Turtle+Chinese Soft-Shelled Turtle+Green Sea Turtle+Snapping Turtle),(Anas zonorhyncha+Anas platyrhynchos+Cygnus atratus+Cygnus olor+Chrysolophus pictus+Phasianus colchicus+Motacilla alba alba+Haliaeetus pelagicus+Pluvialis apricaria+Calidris pugnax+Scolopax rusticola+Gallinago gallinago+Fratercula arctica+Sterna hirundo+Alca torda+Fulica atra+Ciconia ciconia+Eudyptes schlegeli+Dromaius novaehollandiae+Alligator mississippiensis)-(Pelusios castaneus+Pelodiscus sinensis+Chelonia mydas+Chelydra serpentina),(Aves+Aves+Aves+Aves+Aves+Aves+Aves+Aves+Aves+Aves+Aves+Aves+Aves+Aves+Aves+Aves+Aves+Aves+Aves+Reptilia)-(Reptilia+Reptilia+Reptilia+Reptilia),0.46544541502518244,300.6220341850968
(Desert Horned Lizard)-(Chinese Crocodile Lizard),(Phrynosoma platyrhinos)-(Shinisaurus crocodilurus),(Reptilia)-(Reptilia),0.05640443764145118,-331.4324755811671
(Regal Horned Lizard)-(Desert Horned Lizard+Chinese Crocodile Lizard),(Sphenodon punctatus)-(Phrynosoma platyrhinos+Shinisaurus crocodilurus),(Reptilia)-(Reptilia+Reptilia),-0.02471684733944778,-37.2730057878871
(Eastern Spot-Billed Duck+Mallard+Black Swan+Mute Swan+Golden Pheasant+Common Pheasant+White Or Black-Backed Wagtail+Steller'S Sea Eagle+European Golden-Plover+Ruff+Eurasian Woodcock+Common Snipe+Atlantic Puffin+Common Tern+Razorbill+Eurasian Coot+White Stork+Royal Penguin+Emu+American Alligator+West African Mud Turtle+Chinese Soft-Shelled Turtle+Green Sea Turtle+Snapping Turtle)-(Regal Horned Lizard+Desert Horned Lizard+Chinese Crocodile Lizard),(Anas zonorhyncha+Anas platyrhynchos+Cygnus atratus+Cygnus olor+Chrysolophus pictus+Phasianus colchicus+Motacilla alba alba+Haliaeetus pelagicus+Pluvialis apricaria+Calidris pugnax+Scolopax rusticola+Gallinago gallinago+Fratercula arctica+Sterna hirundo+Alca torda+Fulica atra+Ciconia ciconia+Eudyptes schlegeli+Dromaius novaehollandiae+Alligator mississippiensis+Pelusios castaneus+Pelodiscus sinensis+Chelonia mydas+Chelydra serpentina)-(Sphenodon punctatus+Phrynosoma platyrhinos+Shinisaurus crocodilurus),(Aves+Aves+Aves+Aves+Aves+Aves+Aves+Aves+Aves+Aves+Aves+Aves+Aves+Aves+Aves+Aves+Aves+Aves+Aves+Reptilia+Reptilia+Reptilia+Reptilia+Reptilia)-(Reptilia+Reptilia+Reptilia),0.26136498258642005,-247.91455005428054
(Western European Hedgehog+Suricate+Cat+Tiger+Lion+Leopard+Fox+Ermine+Horse+Alpaca+Two-Humped Camel+Cattle+Goat+Sheep+Orca+Wild Boar+Flying Fox+Rabbit+Norway Rat+House Mouse+Guinea Pig+Lemur+Common Marmoset+Gorilla+Human+Chimpanzee+Rhesus Monkey+Pig-Tailed Macaque+African Bush Elephant+Linne'S Two-Toed Sloth+Short-Beaked Echidna+Platypus)-(Eastern Spot-Billed Duck+Mallard+Black Swan+Mute Swan+Golden Pheasant+Common Pheasant+White Or Black-Backed Wagtail+Steller'S Sea Eagle+European Golden-Plover+Ruff+Eurasian Woodcock+Common Snipe+Atlantic Puffin+Common Tern+Razorbill+Eurasian Coot+White Stork+Royal Penguin+Emu+American Alligator+West African Mud Turtle+Chinese Soft-Shelled Turtle+Green Sea Turtle+Snapping Turtle+Regal Horned Lizard+Desert Horned Lizard+Chinese Crocodile Lizard),(Erinaceus europaeus+Suricata suricatta+Felis catus+Panthera tigris+Panthera leo+Panthera pardus+Vulpes vulpes+Mustela erminea+Equus caballus+Vicugna pacos+Camelus ferus+Bos taurus+Capra hircus+Ovis aries+Orcinus orca+Sus scrofa+Pteropus vampyrus+Oryctolagus cuniculus+Rattus norvegicus+Mus musculus+Cavia porcellus+Lemur catta+Callithrix jacchus+Gorilla gorilla+Homo sapiens+Pan troglodytes+Macaca mulatta+Macaca nemestrina+Loxodonta africana+Choloepus didactylus+Tachyglossus aculeatus+Ornithorhynchus anatinus)-(Anas zonorhyncha+Anas platyrhynchos+Cygnus atratus+Cygnus olor+Chrysolophus pictus+Phasianus colchicus+Motacilla alba alba+Haliaeetus pelagicus+Pluvialis apricaria+Calidris pugnax+Scolopax rusticola+Gallinago gallinago+Fratercula arctica+Sterna hirundo+Alca torda+Fulica atra+Ciconia ciconia+Eudyptes schlegeli+Dromaius novaehollandiae+Alligator mississippiensis+Pelusios castaneus+Pelodiscus sinensis+Chelonia mydas+Chelydra serpentina+Sphenodon punctatus+Phrynosoma platyrhinos+Shinisaurus crocodilurus),(Mammalia+Mammalia+Mammalia+Mammalia+Mammalia+Mammalia+Mammalia+Mammalia+Mammalia+Mammalia+Mammalia+Mammalia+Mammalia+Mammalia+Mammalia+Mammalia+Mammalia+Mammalia+Mammalia+Mammalia+Mammalia+Mammalia+Mammalia+Mammalia+Mammalia+Mammalia+Mammalia+Mammalia+Mammalia+Mammalia+Mammalia+Mammalia)-(Aves+Aves+Aves+Aves+Aves+Aves+Aves+Aves+Aves+Aves+Aves+Aves+Aves+Aves+Aves+Aves+Aves+Aves+Aves+Reptilia+Reptilia+Reptilia+Reptilia+Reptilia+Reptilia+Reptilia+Reptilia),-0.05865169897859197,-313.6712627398157
(Axolotl+Iberian Ribbed Newt+Common Frog+Common Toad+African Clawed Frog+Western Clawed Frog+European Fire-Bellied Toad+Painted Frog+Two-Lined Caecilian+Gaboon Caecilian+Tiny Cayenne Caecilian)-(Western European Hedgehog+Suricate+Cat+Tiger+Lion+Leopard+Fox+Ermine+Horse+Alpaca+Two-Humped Camel+Cattle+Goat+Sheep+Orca+Wild Boar+Flying Fox+Rabbit+Norway Rat+House Mouse+Guinea Pig+Lemur+Common Marmoset+Gorilla+Human+Chimpanzee+Rhesus Monkey+Pig-Tailed Macaque+African Bush Elephant+Linne'S Two-Toed Sloth+Short-Beaked Echidna+Platypus+Eastern Spot-Billed Duck+Mallard+Black Swan+Mute Swan+Golden Pheasant+Common Pheasant+White Or Black-Backed Wagtail+Steller'S Sea Eagle+European Golden-Plover+Ruff+Eurasian Woodcock+Common Snipe+Atlantic Puffin+Common Tern+Razorbill+Eurasian Coot+White Stork+Royal Penguin+Emu+American Alligator+West African Mud Turtle+Chinese Soft-Shelled Turtle+Green Sea Turtle+Snapping Turtle+Regal Horned Lizard+Desert Horned Lizard+Chinese Crocodile Lizard),(Ambystoma mexicanum+Pleurodeles waltl+Rana temporaria+Bufo bufo+Xenopus laevis+Xenopus tropicalis+Bombina bombina+Discoglossus pictus+Rhinatrema bivittatum+Geotrypetes seraphini+Microcaecilia unicolor)-(Erinaceus europaeus+Suricata suricatta+Felis catus+Panthera tigris+Panthera leo+Panthera pardus+Vulpes vulpes+Mustela erminea+Equus caballus+Vicugna pacos+Camelus ferus+Bos taurus+Capra hircus+Ovis aries+Orcinus orca+Sus scrofa+Pteropus vampyrus+Oryctolagus cuniculus+Rattus norvegicus+Mus musculus+Cavia porcellus+Lemur catta+Callithrix jacchus+Gorilla gorilla+Homo sapiens+Pan troglodytes+Macaca mulatta+Macaca nemestrina+Loxodonta africana+Choloepus didactylus+Tachyglossus aculeatus+Ornithorhynchus anatinus+Anas zonorhyncha+Anas platyrhynchos+Cygnus atratus+Cygnus olor+Chrysolophus pictus+Phasianus colchicus+Motacilla alba alba+Haliaeetus pelagicus+Pluvialis apricaria+Calidris pugnax+Scolopax rusticola+Gallinago gallinago+Fratercula arctica+Sterna hirundo+Alca torda+Fulica atra+Ciconia ciconia+Eudyptes schlegeli+Dromaius novaehollandiae+Alligator mississippiensis+Pelusios castaneus+Pelodiscus sinensis+Chelonia mydas+Chelydra serpentina+Sphenodon punctatus+Phrynosoma platyrhinos+Shinisaurus crocodilurus),(Amphibia+Amphibia+Amphibia+Amphibia+Amphibia+Amphibia+Amphibia+Amphibia+Amphibia+Amphibia+Amphibia)-(Mammalia+Mammalia+Mammalia+Mammalia+Mammalia+Mammalia+Mammalia+Mammalia+Mammalia+Mammalia+Mammalia+Mammalia+Mammalia+Mammalia+Mammalia+Mammalia+Mammalia+Mammalia+Mammalia+Mammalia+Mammalia+Mammalia+Mammalia+Mammalia+Mammalia+Mammalia+Mammalia+Mammalia+Mammalia+Mammalia+Mammalia+Mammalia+Aves+Aves+Aves+Aves+Aves+Aves+Aves+Aves+Aves+Aves+Aves+Aves+Aves+Aves+Aves+Aves+Aves+Aves+Aves+Reptilia+Reptilia+Reptilia+Reptilia+Reptilia+Reptilia+Reptilia+Reptilia),-0.2690499710976343,178.27498049694742
