Common Name,Species,Class,Cervical,A2
(Axolotl)-(Iberian Ribbed Newt),(Ambystoma mexicanum)-(Pleurodeles waltl),(Amphibia)-(Amphibia),0.028288797817267224,8712.101063783786
(Common Toad)-(Asiatic Toad),(Bufo bufo)-(Bufo gargarizans),(Amphibia)-(Amphibia),0.0,39.584571050891405
(Common Toad+Asiatic Toad)-(Common Frog),(Bufo bufo+Bufo gargarizans)-(Rana temporaria),(Amphibia+Amphibia)-(Amphibia),0.0,-1733.254049836467
(African Clawed Frog)-(Western Clawed Frog),(Xenopus laevis)-(Xenopus tropicalis),(Amphibia)-(Amphibia),0.0,-3164.290822556545
(Common Toad+Asiatic Toad+Common Frog)-(African Clawed Frog+Western Clawed Frog),(Bufo bufo+Bufo gargarizans+Rana temporaria)-(Xenopus laevis+Xenopus tropicalis),(Amphibia+Amphibia+Amphibia)-(Amphibia+Amphibia),0.0,-893.9714847924806
(European Fire-Bellied Toad)-(Painted Frog),(Bombina bombina)-(Discoglossus pictus),(Amphibia)-(Amphibia),0.0,-457.7187964876763
(Common Toad+Asiatic Toad+Common Frog+African Clawed Frog+Western Clawed Frog)-(European Fire-Bellied Toad+Painted Frog),(Bufo bufo+Bufo gargarizans+Rana temporaria+Xenopus laevis+Xenopus tropicalis)-(Bombina bombina+Discoglossus pictus),(Amphibia+Amphibia+Amphibia+Amphibia+Amphibia)-(Amphibia+Amphibia),0.0,-652.7300078902042
(Axolotl+Iberian Ribbed Newt)-(Common Toad+Asiatic Toad+Common Frog+African Clawed Frog+Western Clawed Frog+European Fire-Bellied Toad+Painted Frog),(Ambystoma mexicanum+Pleurodeles waltl)-(Bufo bufo+Bufo gargarizans+Rana temporaria+Xenopus laevis+Xenopus tropicalis+Bombina bombina+Discoglossus pictus),(Amphibia+Amphibia)-(Amphibia+Amphibia+Amphibia+Amphibia+Amphibia+Amphibia+Amphibia),0.013469882725143614,6934.198204922321
(Gaboon Caecilian)-(Tiny Cayenne Caecilian),(Geotrypetes seraphini)-(Microcaecilia unicolor),(Amphibia)-(Amphibia),0.0,-3439.3382364793265
(Two-Lined Caecilian)-(Gaboon Caecilian+Tiny Cayenne Caecilian),(Rhinatrema bivittatum)-(Geotrypetes seraphini+Microcaecilia unicolor),(Amphibia)-(Amphibia+Amphibia),0.0,1180.4681368958716
(Axolotl+Iberian Ribbed Newt+Common Toad+Asiatic Toad+Common Frog+African Clawed Frog+Western Clawed Frog+European Fire-Bellied Toad+Painted Frog)-(Two-Lined Caecilian+Gaboon Caecilian+Tiny Cayenne Caecilian),(Ambystoma mexicanum+Pleurodeles waltl+Bufo bufo+Bufo gargarizans+Rana temporaria+Xenopus laevis+Xenopus tropicalis+Bombina bombina+Discoglossus pictus)-(Rhinatrema bivittatum+Geotrypetes seraphini+Microcaecilia unicolor),(Amphibia+Amphibia+Amphibia+Amphibia+Amphibia+Amphibia+Amphibia+Amphibia+Amphibia)-(Amphibia+Amphibia+Amphibia),0.005485012270074632,2241.096294969444
(Lion)-(Leopard),(Panthera leo)-(Panthera pardus),(Mammalia)-(Mammalia),0.0,-1413.0092958895461
(Tiger)-(Lion+Leopard),(Panthera tigris)-(Panthera leo+Panthera pardus),(Mammalia)-(Mammalia+Mammalia),0.0,-534.9627764122737
(Cat)-(Tiger+Lion+Leopard),(Felis catus)-(Panthera tigris+Panthera leo+Panthera pardus),(Mammalia)-(Mammalia+Mammalia+Mammalia),0.0,715.5152776859861
(Suricate)-(Cat+Tiger+Lion+Leopard),(Suricata suricatta)-(Felis catus+Panthera tigris+Panthera leo+Panthera pardus),(Mammalia)-(Mammalia+Mammalia+Mammalia+Mammalia),0.0,-2416.5657719836227
(Ermine)-(American Black Bear),(Mustela erminea)-(Ursus americanus),(Mammalia)-(Mammalia),0.0,-14.959233403085067
(Fox)-(Ermine+American Black Bear),(Vulpes vulpes)-(Mustela erminea+Ursus americanus),(Mammalia)-(Mammalia+Mammalia),0.0,192.23966246420457
(Suricate+Cat+Tiger+Lion+Leopard)-(Fox+Ermine+American Black Bear),(Suricata suricatta+Felis catus+Panthera tigris+Panthera leo+Panthera pardus)-(Vulpes vulpes+Mustela erminea+Ursus americanus),(Mammalia+Mammalia+Mammalia+Mammalia+Mammalia)-(Mammalia+Mammalia+Mammalia),0.0,1412.0428410460504
(Suricate+Cat+Tiger+Lion+Leopard+Fox+Ermine+American Black Bear)-(Horse),(Suricata suricatta+Felis catus+Panthera tigris+Panthera leo+Panthera pardus+Vulpes vulpes+Mustela erminea+Ursus americanus)-(Equus caballus),(Mammalia+Mammalia+Mammalia+Mammalia+Mammalia+Mammalia+Mammalia+Mammalia)-(Mammalia),0.0,-4133.45895756835
(Alpaca)-(Two-Humped Camel),(Vicugna pacos)-(Camelus ferus),(Mammalia)-(Mammalia),0.0,4.792881442643937
(Orca)-(Bottle-Nose Dolphin),(Orcinus orca)-(Tursiops truncatus),(Mammalia)-(Mammalia),0.0,-12547.076463927522
(Narwhal)-(Orca+Bottle-Nose Dolphin),(Monodon monoceros)-(Orcinus orca+Tursiops truncatus),(Mammalia)-(Mammalia+Mammalia),-1.6099402069862086e-16,-370.6831476943993
(Narwhal+Orca+Bottle-Nose Dolphin)-(North Pacific Minke Whale),(Monodon monoceros+Orcinus orca+Tursiops truncatus)-(Balaenoptera acutorostrata scammoni),(Mammalia+Mammalia+Mammalia)-(Mammalia),0.0,-1470.3545744806154
(Goat)-(Sheep),(Capra hircus)-(Ovis aries),(Mammalia)-(Mammalia),0.0,2328.6517800958745
(Cattle)-(Goat+Sheep),(Bos taurus)-(Capra hircus+Ovis aries),(Mammalia)-(Mammalia+Mammalia),0.0,-728.2360252344516
(Narwhal+Orca+Bottle-Nose Dolphin+North Pacific Minke Whale)-(Cattle+Goat+Sheep),(Monodon monoceros+Orcinus orca+Tursiops truncatus+Balaenoptera acutorostrata scammoni)-(Bos taurus+Capra hircus+Ovis aries),(Mammalia+Mammalia+Mammalia+Mammalia)-(Mammalia+Mammalia+Mammalia),9.718985330496852e-17,1063.447524642129
(Narwhal+Orca+Bottle-Nose Dolphin+North Pacific Minke Whale+Cattle+Goat+Sheep)-(Wild Boar),(Monodon monoceros+Orcinus orca+Tursiops truncatus+Balaenoptera acutorostrata scammoni+Bos taurus+Capra hircus+Ovis aries)-(Sus scrofa),(Mammalia+Mammalia+Mammalia+Mammalia+Mammalia+Mammalia+Mammalia)-(Mammalia),0.0,1064.6300853989237
(Alpaca+Two-Humped Camel)-(Narwhal+Orca+Bottle-Nose Dolphin+North Pacific Minke Whale+Cattle+Goat+Sheep+Wild Boar),(Vicugna pacos+Camelus ferus)-(Monodon monoceros+Orcinus orca+Tursiops truncatus+Balaenoptera acutorostrata scammoni+Bos taurus+Capra hircus+Ovis aries+Sus scrofa),(Mammalia+Mammalia)-(Mammalia+Mammalia+Mammalia+Mammalia+Mammalia+Mammalia+Mammalia+Mammalia),0.0,-668.9714908875873
(Suricate+Cat+Tiger+Lion+Leopard+Fox+Ermine+American Black Bear+Horse)-(Alpaca+Two-Humped Camel+Narwhal+Orca+Bottle-Nose Dolphin+North Pacific Minke Whale+Cattle+Goat+Sheep+Wild Boar),(Suricata suricatta+Felis catus+Panthera tigris+Panthera leo+Panthera pardus+Vulpes vulpes+Mustela erminea+Ursus americanus+Equus caballus)-(Vicugna pacos+Camelus ferus+Monodon monoceros+Orcinus orca+Tursiops truncatus+Balaenoptera acutorostrata scammoni+Bos taurus+Capra hircus+Ovis aries+Sus scrofa),(Mammalia+Mammalia+Mammalia+Mammalia+Mammalia+Mammalia+Mammalia+Mammalia+Mammalia)-(Mammalia+Mammalia+Mammalia+Mammalia+Mammalia+Mammalia+Mammalia+Mammalia+Mammalia+Mammalia),-2.475500552712054e-16,2082.3456603854734
(Suricate+Cat+Tiger+Lion+Leopard+Fox+Ermine+American Black Bear+Horse+Alpaca+Two-Humped Camel+Narwhal+Orca+Bottle-Nose Dolphin+North Pacific Minke Whale+Cattle+Goat+Sheep+Wild Boar)-(Flying Fox),(Suricata suricatta+Felis catus+Panthera tigris+Panthera leo+Panthera pardus+Vulpes vulpes+Mustela erminea+Ursus americanus+Equus caballus+Vicugna pacos+Camelus ferus+Monodon monoceros+Orcinus orca+Tursiops truncatus+Balaenoptera acutorostrata scammoni+Bos taurus+Capra hircus+Ovis aries+Sus scrofa)-(Pteropus vampyrus),(Mammalia+Mammalia+Mammalia+Mammalia+Mammalia+Mammalia+Mammalia+Mammalia+Mammalia+Mammalia+Mammalia+Mammalia+Mammalia+Mammalia+Mammalia+Mammalia+Mammalia+Mammalia+Mammalia)-(Mammalia),1.7860738181672989e-16,-2431.0885456552355
(Western European Hedgehog)-(Suricate+Cat+Tiger+Lion+Leopard+Fox+Ermine+American Black Bear+Horse+Alpaca+Two-Humped Camel+Narwhal+Orca+Bottle-Nose Dolphin+North Pacific Minke Whale+Cattle+Goat+Sheep+Wild Boar+Flying Fox),(Erinaceus europaeus)-(Suricata suricatta+Felis catus+Panthera tigris+Panthera leo+Panthera pardus+Vulpes vulpes+Mustela erminea+Ursus americanus+Equus caballus+Vicugna pacos+Camelus ferus+Monodon monoceros+Orcinus orca+Tursiops truncatus+Balaenoptera acutorostrata scammoni+Bos taurus+Capra hircus+Ovis aries+Sus scrofa+Pteropus vampyrus),(Mammalia)-(Mammalia+Mammalia+Mammalia+Mammalia+Mammalia+Mammalia+Mammalia+Mammalia+Mammalia+Mammalia+Mammalia+Mammalia+Mammalia+Mammalia+Mammalia+Mammalia+Mammalia+Mammalia+Mammalia+Mammalia),-1.7235648005129718e-16,-1515.2968681554644
(Norway Rat)-(House Mouse),(Rattus norvegicus)-(Mus musculus),(Mammalia)-(Mammalia),0.0,-21.088722424366793
(Norway Rat+House Mouse)-(Guinea Pig),(Rattus norvegicus+Mus musculus)-(Cavia porcellus),(Mammalia+Mammalia)-(Mammalia),0.0,2105.8659830697575
(Rabbit)-(Norway Rat+House Mouse+Guinea Pig),(Oryctolagus cuniculus)-(Rattus norvegicus+Mus musculus+Cavia porcellus),(Mammalia)-(Mammalia+Mammalia+Mammalia),8.060746187331839e-17,-2595.9189968028227
(Human)-(Chimpanzee),(Homo sapiens)-(Pan troglodytes),(Mammalia)-(Mammalia),0.0,-1153.3928046280616
(Gorilla)-(Human+Chimpanzee),(Gorilla gorilla)-(Homo sapiens+Pan troglodytes),(Mammalia)-(Mammalia+Mammalia),-2.42705272233491e-16,-7590.325520494117
(Rhesus Monkey)-(Pig-Tailed Macaque),(Macaca mulatta)-(Macaca nemestrina),(Mammalia)-(Mammalia),0.0,-9103.344405542606
(Gorilla+Human+Chimpanzee)-(Rhesus Monkey+Pig-Tailed Macaque),(Gorilla gorilla+Homo sapiens+Pan troglodytes)-(Macaca mulatta+Macaca nemestrina),(Mammalia+Mammalia+Mammalia)-(Mammalia+Mammalia),1.2626590077731122e-16,4578.438280865728
(Common Marmoset)-(Gorilla+Human+Chimpanzee+Rhesus Monkey+Pig-Tailed Macaque),(Callithrix jacchus)-(Gorilla gorilla+Homo sapiens+Pan troglodytes+Macaca mulatta+Macaca nemestrina),(Mammalia)-(Mammalia+Mammalia+Mammalia+Mammalia+Mammalia),-1.0668635019316059e-16,-3123.7758397839166
(Lemur)-(Common Marmoset+Gorilla+Human+Chimpanzee+Rhesus Monkey+Pig-Tailed Macaque),(Lemur catta)-(Callithrix jacchus+Gorilla gorilla+Homo sapiens+Pan troglodytes+Macaca mulatta+Macaca nemestrina),(Mammalia)-(Mammalia+Mammalia+Mammalia+Mammalia+Mammalia+Mammalia),0.0,2965.812544938518
(Rabbit+Norway Rat+House Mouse+Guinea Pig)-(Lemur+Common Marmoset+Gorilla+Human+Chimpanzee+Rhesus Monkey+Pig-Tailed Macaque),(Oryctolagus cuniculus+Rattus norvegicus+Mus musculus+Cavia porcellus)-(Lemur catta+Callithrix jacchus+Gorilla gorilla+Homo sapiens+Pan troglodytes+Macaca mulatta+Macaca nemestrina),(Mammalia+Mammalia+Mammalia+Mammalia)-(Mammalia+Mammalia+Mammalia+Mammalia+Mammalia+Mammalia+Mammalia),-2.0105550534566458e-16,-313.0135947206353
(Western European Hedgehog+Suricate+Cat+Tiger+Lion+Leopard+Fox+Ermine+American Black Bear+Horse+Alpaca+Two-Humped Camel+Narwhal+Orca+Bottle-Nose Dolphin+North Pacific Minke Whale+Cattle+Goat+Sheep+Wild Boar+Flying Fox)-(Rabbit+Norway Rat+House Mouse+Guinea Pig+Lemur+Common Marmoset+Gorilla+Human+Chimpanzee+Rhesus Monkey+Pig-Tailed Macaque),(Erinaceus europaeus+Suricata suricatta+Felis catus+Panthera tigris+Panthera leo+Panthera pardus+Vulpes vulpes+Mustela erminea+Ursus americanus+Equus caballus+Vicugna pacos+Camelus ferus+Monodon monoceros+Orcinus orca+Tursiops truncatus+Balaenoptera acutorostrata scammoni+Bos taurus+Capra hircus+Ovis aries+Sus scrofa+Pteropus vampyrus)-(Oryctolagus cuniculus+Rattus norvegicus+Mus musculus+Cavia porcellus+Lemur catta+Callithrix jacchus+Gorilla gorilla+Homo sapiens+Pan troglodytes+Macaca mulatta+Macaca nemestrina),(Mammalia+Mammalia+Mammalia+Mammalia+Mammalia+Mammalia+Mammalia+Mammalia+Mammalia+Mammalia+Mammalia+Mammalia+Mammalia+Mammalia+Mammalia+Mammalia+Mammalia+Mammalia+Mammalia+Mammalia+Mammalia)-(Mammalia+Mammalia+Mammalia+Mammalia+Mammalia+Mammalia+Mammalia+Mammalia+Mammalia+Mammalia+Mammalia),3.765414662923822e-16,-1881.7356373786195
(African Bush Elephant)-(Linne'S Two-Toed Sloth),(Loxodonta africana)-(Choloepus didactylus),(Mammalia)-(Mammalia),0.0,-1626.0400345684507
(Western European Hedgehog+Suricate+Cat+Tiger+Lion+Leopard+Fox+Ermine+American Black Bear+Horse+Alpaca+Two-Humped Camel+Narwhal+Orca+Bottle-Nose Dolphin+North Pacific Minke Whale+Cattle+Goat+Sheep+Wild Boar+Flying Fox+Rabbit+Norway Rat+House Mouse+Guinea Pig+Lemur+Common Marmoset+Gorilla+Human+Chimpanzee+Rhesus Monkey+Pig-Tailed Macaque)-(African Bush Elephant+Linne'S Two-Toed Sloth),(Erinaceus europaeus+Suricata suricatta+Felis catus+Panthera tigris+Panthera leo+Panthera pardus+Vulpes vulpes+Mustela erminea+Ursus americanus+Equus caballus+Vicugna pacos+Camelus ferus+Monodon monoceros+Orcinus orca+Tursiops truncatus+Balaenoptera acutorostrata scammoni+Bos taurus+Capra hircus+Ovis aries+Sus scrofa+Pteropus vampyrus+Oryctolagus cuniculus+Rattus norvegicus+Mus musculus+Cavia porcellus+Lemur catta+Callithrix jacchus+Gorilla gorilla+Homo sapiens+Pan troglodytes+Macaca mulatta+Macaca nemestrina)-(Loxodonta africana+Choloepus didactylus),(Mammalia+Mammalia+Mammalia+Mammalia+Mammalia+Mammalia+Mammalia+Mammalia+Mammalia+Mammalia+Mammalia+Mammalia+Mammalia+Mammalia+Mammalia+Mammalia+Mammalia+Mammalia+Mammalia+Mammalia+Mammalia+Mammalia+Mammalia+Mammalia+Mammalia+Mammalia+Mammalia+Mammalia+Mammalia+Mammalia+Mammalia+Mammalia)-(Mammalia+Mammalia),0.0,940.3162498418468
(Short-Beaked Echidna)-(Platypus),(Tachyglossus aculeatus)-(Ornithorhynchus anatinus),(Mammalia)-(Mammalia),0.0,2306.0199637669266
(Western European Hedgehog+Suricate+Cat+Tiger+Lion+Leopard+Fox+Ermine+American Black Bear+Horse+Alpaca+Two-Humped Camel+Narwhal+Orca+Bottle-Nose Dolphin+North Pacific Minke Whale+Cattle+Goat+Sheep+Wild Boar+Flying Fox+Rabbit+Norway Rat+House Mouse+Guinea Pig+Lemur+Common Marmoset+Gorilla+Human+Chimpanzee+Rhesus Monkey+Pig-Tailed Macaque+African Bush Elephant+Linne'S Two-Toed Sloth)-(Short-Beaked Echidna+Platypus),(Erinaceus europaeus+Suricata suricatta+Felis catus+Panthera tigris+Panthera leo+Panthera pardus+Vulpes vulpes+Mustela erminea+Ursus americanus+Equus caballus+Vicugna pacos+Camelus ferus+Monodon monoceros+Orcinus orca+Tursiops truncatus+Balaenoptera acutorostrata scammoni+Bos taurus+Capra hircus+Ovis aries+Sus scrofa+Pteropus vampyrus+Oryctolagus cuniculus+Rattus norvegicus+Mus musculus+Cavia porcellus+Lemur catta+Callithrix jacchus+Gorilla gorilla+Homo sapiens+Pan troglodytes+Macaca mulatta+Macaca nemestrina+Loxodonta africana+Choloepus didactylus)-(Tachyglossus aculeatus+Ornithorhynchus anatinus),(Mammalia+Mammalia+Mammalia+Mammalia+Mammalia+Mammalia+Mammalia+Mammalia+Mammalia+Mammalia+Mammalia+Mammalia+Mammalia+Mammalia+Mammalia+Mammalia+Mammalia+Mammalia+Mammalia+Mammalia+Mammalia+Mammalia+Mammalia+Mammalia+Mammalia+Mammalia+Mammalia+Mammalia+Mammalia+Mammalia+Mammalia+Mammalia+Mammalia+Mammalia)-(Mammalia+Mammalia),5.609553759670235e-17,321.4646563973184
(Southern Cassowary)-(Emu),(Casuarius casuarius)-(Dromaius novaehollandiae),(Aves)-(Aves),-0.4031128874149275,-5795.647008415354
(Okarito Kiwi)-(Southern Cassowary+Emu),(Apteryx rowi)-(Casuarius casuarius+Dromaius novaehollandiae),(Aves)-(Aves+Aves),0.036363594690780376,-2297.209488598899
(Ostrich)-(Okarito Kiwi+Southern Cassowary+Emu),(Struthio camelus australis)-(Apteryx rowi+Casuarius casuarius+Dromaius novaehollandiae),(Aves)-(Aves+Aves+Aves),0.022197110663300986,-1454.2281554499552
(Golden Pheasant)-(Common Pheasant),(Chrysolophus pictus)-(Phasianus colchicus),(Aves)-(Aves),0.0,-3249.7458981140694
(Chicken)-(Golden Pheasant+Common Pheasant),(Gallus gallus)-(Chrysolophus pictus+Phasianus colchicus),(Aves)-(Aves+Aves),0.12409101308005487,1884.8804431794924
(Black Swan)-(Mute Swan),(Cygnus atratus)-(Cygnus olor),(Aves)-(Aves),-0.9428090415820599,-118.08683245815342
(Bar-Headed Goose)-(Swan Goose),(Anser indicus)-(Anser cygnoides),(Aves)-(Aves),0.0,-10846.92194110861
(Black Swan+Mute Swan)-(Bar-Headed Goose+Swan Goose),(Cygnus atratus+Cygnus olor)-(Anser indicus+Anser cygnoides),(Aves+Aves)-(Aves+Aves),0.9011727918329442,2321.209071104763
(Eastern Spot-Billed Duck)-(Mallard),(Anas zonorhyncha)-(Anas platyrhynchos),(Aves)-(Aves),0.0,7957.0364916831895
(Black Swan+Mute Swan+Bar-Headed Goose+Swan Goose)-(Eastern Spot-Billed Duck+Mallard),(Cygnus atratus+Cygnus olor+Anser indicus+Anser cygnoides)-(Anas zonorhyncha+Anas platyrhynchos),(Aves+Aves+Aves+Aves)-(Aves+Aves),0.6530557262396312,3196.0963021115613
(Chicken+Golden Pheasant+Common Pheasant)-(Black Swan+Mute Swan+Bar-Headed Goose+Swan Goose+Eastern Spot-Billed Duck+Mallard),(Gallus gallus+Chrysolophus pictus+Phasianus colchicus)-(Cygnus atratus+Cygnus olor+Anser indicus+Anser cygnoides+Anas zonorhyncha+Anas platyrhynchos),(Aves+Aves+Aves)-(Aves+Aves+Aves+Aves+Aves+Aves),-0.3666016183195019,1401.6032631947119
(Common Cuckoo)-(Great Bustard),(Cuculus canorus)-(Otis tarda),(Aves)-(Aves),0.0,-2702.056313963727
(Brown Falcon)-(Merlin),(Falco berigora)-(Falco columbarius),(Aves)-(Aves),0.25136516366820433,497.2002937357081
(Crow)-(Zebra Finch),(Corvus hawaiiensis)-(Taeniopygia guttata),(Aves)-(Aves),-0.5296581772229096,-7126.72732725999
(White Or Black-Backed Wagtail)-(Crow+Zebra Finch),(Motacilla alba alba)-(Corvus hawaiiensis+Taeniopygia guttata),(Aves)-(Aves+Aves),0.23605944668314358,5231.706830356284
(White Or Black-Backed Wagtail+Crow+Zebra Finch)-(Barn Swallow),(Motacilla alba alba+Corvus hawaiiensis+Taeniopygia guttata)-(Hirundo rustica),(Aves+Aves+Aves)-(Aves),-0.14882254525108127,5427.510721695358
(Kakapo)-(Budgerigar),(Strigops habroptila)-(Melopsittacus undulatus),(Aves)-(Aves),0.3258679239948263,5159.901331175411
(White Or Black-Backed Wagtail+Crow+Zebra Finch+Barn Swallow)-(Kakapo+Budgerigar),(Motacilla alba alba+Corvus hawaiiensis+Taeniopygia guttata+Hirundo rustica)-(Strigops habroptila+Melopsittacus undulatus),(Aves+Aves+Aves+Aves)-(Aves+Aves),-0.11692611957280352,-466.44294723635534
(Brown Falcon+Merlin)-(White Or Black-Backed Wagtail+Crow+Zebra Finch+Barn Swallow+Kakapo+Budgerigar),(Falco berigora+Falco columbarius)-(Motacilla alba alba+Corvus hawaiiensis+Taeniopygia guttata+Hirundo rustica+Strigops habroptila+Melopsittacus undulatus),(Aves+Aves)-(Aves+Aves+Aves+Aves+Aves+Aves),0.05884986146440312,-1609.9388695451648
(Lammergeier)-(Steller'S Sea Eagle),(Gypaetus barbatus)-(Haliaeetus pelagicus),(Aves)-(Aves),0.0,2108.3901082462944
(California Condor)-(Lammergeier+Steller'S Sea Eagle),(Gymnogyps californianus)-(Gypaetus barbatus+Haliaeetus pelagicus),(Aves)-(Aves+Aves),0.0,1147.129641233836
(Barn Owl)-(Oriental Scops Owl),(Tyto alba)-(Otus sunia),(Aves)-(Aves),0.0,-683.3370756972771
(California Condor+Lammergeier+Steller'S Sea Eagle)-(Barn Owl+Oriental Scops Owl),(Gymnogyps californianus+Gypaetus barbatus+Haliaeetus pelagicus)-(Tyto alba+Otus sunia),(Aves+Aves+Aves)-(Aves+Aves),0.11896924941894517,1909.9019196700044
(Brown Falcon+Merlin+White Or Black-Backed Wagtail+Crow+Zebra Finch+Barn Swallow+Kakapo+Budgerigar)-(California Condor+Lammergeier+Steller'S Sea Eagle+Barn Owl+Oriental Scops Owl),(Falco berigora+Falco columbarius+Motacilla alba alba+Corvus hawaiiensis+Taeniopygia guttata+Hirundo rustica+Strigops habroptila+Melopsittacus undulatus)-(Gymnogyps californianus+Gypaetus barbatus+Haliaeetus pelagicus+Tyto alba+Otus sunia),(Aves+Aves+Aves+Aves+Aves+Aves+Aves+Aves)-(Aves+Aves+Aves+Aves+Aves),-0.06653813880380692,1069.1812311821823
(Eurasian Woodcock)-(Common Snipe),(Scolopax rusticola)-(Gallinago gallinago),(Aves)-(Aves),-0.020745393935053123,-1563.1239422183883
(Ruff)-(Eurasian Woodcock+Common Snipe),(Calidris pugnax)-(Scolopax rusticola+Gallinago gallinago),(Aves)-(Aves+Aves),0.009917667864987064,-1433.142677162111
(Common Tern)-(Razorbill),(Sterna hirundo)-(Alca torda),(Aves)-(Aves),0.05586618681316244,-4.469294945052995
(Common Murre)-(Common Tern+Razorbill),(Uria aalge)-(Sterna hirundo+Alca torda),(Aves)-(Aves+Aves),0.15147907346841852,-1215.3469022518154
(Atlantic Puffin)-(Common Murre+Common Tern+Razorbill),(Fratercula arctica)-(Uria aalge+Sterna hirundo+Alca torda),(Aves)-(Aves+Aves+Aves),0.09445858937300054,415.27989854769874
(Ruff+Eurasian Woodcock+Common Snipe)-(Atlantic Puffin+Common Murre+Common Tern+Razorbill),(Calidris pugnax+Scolopax rusticola+Gallinago gallinago)-(Fratercula arctica+Uria aalge+Sterna hirundo+Alca torda),(Aves+Aves+Aves)-(Aves+Aves+Aves+Aves),0.0011767054717000721,-828.9149080828753
(European Golden-Plover)-(Ruff+Eurasian Woodcock+Common Snipe+Atlantic Puffin+Common Murre+Common Tern+Razorbill),(Pluvialis apricaria)-(Calidris pugnax+Scolopax rusticola+Gallinago gallinago+Fratercula arctica+Uria aalge+Sterna hirundo+Alca torda),(Aves)-(Aves+Aves+Aves+Aves+Aves+Aves+Aves),-0.0466901266831112,600.4634190298294
(Royal Penguin)-(Emperor Penguin),(Eudyptes schlegeli)-(Aptenodytes forsteri),(Aves)-(Aves),-0.15654130180120995,4269.6640066280015
(Royal Penguin+Emperor Penguin)-(White Stork),(Eudyptes schlegeli+Aptenodytes forsteri)-(Ciconia ciconia),(Aves+Aves)-(Aves),-0.28285488380192453,-231.74747242866107
(Eurasian Coot)-(Royal Penguin+Emperor Penguin+White Stork),(Fulica atra)-(Eudyptes schlegeli+Aptenodytes forsteri+Ciconia ciconia),(Aves)-(Aves+Aves+Aves),0.004484491752113019,154.0815633635834
(European Golden-Plover+Ruff+Eurasian Woodcock+Common Snipe+Atlantic Puffin+Common Murre+Common Tern+Razorbill)-(Eurasian Coot+Royal Penguin+Emperor Penguin+White Stork),(Pluvialis apricaria+Calidris pugnax+Scolopax rusticola+Gallinago gallinago+Fratercula arctica+Uria aalge+Sterna hirundo+Alca torda)-(Fulica atra+Eudyptes schlegeli+Aptenodytes forsteri+Ciconia ciconia),(Aves+Aves+Aves+Aves+Aves+Aves+Aves+Aves)-(Aves+Aves+Aves+Aves),-0.09680992320299558,-566.985624384837
(Rock Pigeon)-(European Golden-Plover+Ruff+Eurasian Woodcock+Common Snipe+Atlantic Puffin+Common Murre+Common Tern+Razorbill+Eurasian Coot+Royal Penguin+Emperor Penguin+White Stork),(Columba livia)-(Pluvialis apricaria+Calidris pugnax+Scolopax rusticola+Gallinago gallinago+Fratercula arctica+Uria aalge+Sterna hirundo+Alca torda+Fulica atra+Eudyptes schlegeli+Aptenodytes forsteri+Ciconia ciconia),(Aves)-(Aves+Aves+Aves+Aves+Aves+Aves+Aves+Aves+Aves+Aves+Aves+Aves),-0.17535371691062976,3614.287520187453
(Hoatzin)-(Rock Pigeon+European Golden-Plover+Ruff+Eurasian Woodcock+Common Snipe+Atlantic Puffin+Common Murre+Common Tern+Razorbill+Eurasian Coot+Royal Penguin+Emperor Penguin+White Stork),(Opisthocomus hoazin)-(Columba livia+Pluvialis apricaria+Calidris pugnax+Scolopax rusticola+Gallinago gallinago+Fratercula arctica+Uria aalge+Sterna hirundo+Alca torda+Fulica atra+Eudyptes schlegeli+Aptenodytes forsteri+Ciconia ciconia),(Aves)-(Aves+Aves+Aves+Aves+Aves+Aves+Aves+Aves+Aves+Aves+Aves+Aves+Aves),0.06631240974402317,-2000.0330649134846
(Brown Falcon+Merlin+White Or Black-Backed Wagtail+Crow+Zebra Finch+Barn Swallow+Kakapo+Budgerigar+California Condor+Lammergeier+Steller'S Sea Eagle+Barn Owl+Oriental Scops Owl)-(Hoatzin+Rock Pigeon+European Golden-Plover+Ruff+Eurasian Woodcock+Common Snipe+Atlantic Puffin+Common Murre+Common Tern+Razorbill+Eurasian Coot+Royal Penguin+Emperor Penguin+White Stork),(Falco berigora+Falco columbarius+Motacilla alba alba+Corvus hawaiiensis+Taeniopygia guttata+Hirundo rustica+Strigops habroptila+Melopsittacus undulatus+Gymnogyps californianus+Gypaetus barbatus+Haliaeetus pelagicus+Tyto alba+Otus sunia)-(Opisthocomus hoazin+Columba livia+Pluvialis apricaria+Calidris pugnax+Scolopax rusticola+Gallinago gallinago+Fratercula arctica+Uria aalge+Sterna hirundo+Alca torda+Fulica atra+Eudyptes schlegeli+Aptenodytes forsteri+Ciconia ciconia),(Aves+Aves+Aves+Aves+Aves+Aves+Aves+Aves+Aves+Aves+Aves+Aves+Aves)-(Aves+Aves+Aves+Aves+Aves+Aves+Aves+Aves+Aves+Aves+Aves+Aves+Aves+Aves),-0.22757009839180173,-398.7370815253874
(Common Cuckoo+Great Bustard)-(Brown Falcon+Merlin+White Or Black-Backed Wagtail+Crow+Zebra Finch+Barn Swallow+Kakapo+Budgerigar+California Condor+Lammergeier+Steller'S Sea Eagle+Barn Owl+Oriental Scops Owl+Hoatzin+Rock Pigeon+European Golden-Plover+Ruff+Eurasian Woodcock+Common Snipe+Atlantic Puffin+Common Murre+Common Tern+Razorbill+Eurasian Coot+Royal Penguin+Emperor Penguin+White Stork),(Cuculus canorus+Otis tarda)-(Falco berigora+Falco columbarius+Motacilla alba alba+Corvus hawaiiensis+Taeniopygia guttata+Hirundo rustica+Strigops habroptila+Melopsittacus undulatus+Gymnogyps californianus+Gypaetus barbatus+Haliaeetus pelagicus+Tyto alba+Otus sunia+Opisthocomus hoazin+Columba livia+Pluvialis apricaria+Calidris pugnax+Scolopax rusticola+Gallinago gallinago+Fratercula arctica+Uria aalge+Sterna hirundo+Alca torda+Fulica atra+Eudyptes schlegeli+Aptenodytes forsteri+Ciconia ciconia),(Aves+Aves)-(Aves+Aves+Aves+Aves+Aves+Aves+Aves+Aves+Aves+Aves+Aves+Aves+Aves+Aves+Aves+Aves+Aves+Aves+Aves+Aves+Aves+Aves+Aves+Aves+Aves+Aves+Aves),0.12410213117864516,685.2788570565519
(Chicken+Golden Pheasant+Common Pheasant+Black Swan+Mute Swan+Bar-Headed Goose+Swan Goose+Eastern Spot-Billed Duck+Mallard)-(Common Cuckoo+Great Bustard+Brown Falcon+Merlin+White Or Black-Backed Wagtail+Crow+Zebra Finch+Barn Swallow+Kakapo+Budgerigar+California Condor+Lammergeier+Steller'S Sea Eagle+Barn Owl+Oriental Scops Owl+Hoatzin+Rock Pigeon+European Golden-Plover+Ruff+Eurasian Woodcock+Common Snipe+Atlantic Puffin+Common Murre+Common Tern+Razorbill+Eurasian Coot+Royal Penguin+Emperor Penguin+White Stork),(Gallus gallus+Chrysolophus pictus+Phasianus colchicus+Cygnus atratus+Cygnus olor+Anser indicus+Anser cygnoides+Anas zonorhyncha+Anas platyrhynchos)-(Cuculus canorus+Otis tarda+Falco berigora+Falco columbarius+Motacilla alba alba+Corvus hawaiiensis+Taeniopygia guttata+Hirundo rustica+Strigops habroptila+Melopsittacus undulatus+Gymnogyps californianus+Gypaetus barbatus+Haliaeetus pelagicus+Tyto alba+Otus sunia+Opisthocomus hoazin+Columba livia+Pluvialis apricaria+Calidris pugnax+Scolopax rusticola+Gallinago gallinago+Fratercula arctica+Uria aalge+Sterna hirundo+Alca torda+Fulica atra+Eudyptes schlegeli+Aptenodytes forsteri+Ciconia ciconia),(Aves+Aves+Aves+Aves+Aves+Aves+Aves+Aves+Aves)-(Aves+Aves+Aves+Aves+Aves+Aves+Aves+Aves+Aves+Aves+Aves+Aves+Aves+Aves+Aves+Aves+Aves+Aves+Aves+Aves+Aves+Aves+Aves+Aves+Aves+Aves+Aves+Aves+Aves),0.3061633523576778,2603.1648649844733
(Ostrich+Okarito Kiwi+Southern Cassowary+Emu)-(Chicken+Golden Pheasant+Common Pheasant+Black Swan+Mute Swan+Bar-Headed Goose+Swan Goose+Eastern Spot-Billed Duck+Mallard+Common Cuckoo+Great Bustard+Brown Falcon+Merlin+White Or Black-Backed Wagtail+Crow+Zebra Finch+Barn Swallow+Kakapo+Budgerigar+California Condor+Lammergeier+Steller'S Sea Eagle+Barn Owl+Oriental Scops Owl+Hoatzin+Rock Pigeon+European Golden-Plover+Ruff+Eurasian Woodcock+Common Snipe+Atlantic Puffin+Common Murre+Common Tern+Razorbill+Eurasian Coot+Royal Penguin+Emperor Penguin+White Stork),(Struthio camelus australis+Apteryx rowi+Casuarius casuarius+Dromaius novaehollandiae)-(Gallus gallus+Chrysolophus pictus+Phasianus colchicus+Cygnus atratus+Cygnus olor+Anser indicus+Anser cygnoides+Anas zonorhyncha+Anas platyrhynchos+Cuculus canorus+Otis tarda+Falco berigora+Falco columbarius+Motacilla alba alba+Corvus hawaiiensis+Taeniopygia guttata+Hirundo rustica+Strigops habroptila+Melopsittacus undulatus+Gymnogyps californianus+Gypaetus barbatus+Haliaeetus pelagicus+Tyto alba+Otus sunia+Opisthocomus hoazin+Columba livia+Pluvialis apricaria+Calidris pugnax+Scolopax rusticola+Gallinago gallinago+Fratercula arctica+Uria aalge+Sterna hirundo+Alca torda+Fulica atra+Eudyptes schlegeli+Aptenodytes forsteri+Ciconia ciconia),(Aves+Aves+Aves+Aves)-(Aves+Aves+Aves+Aves+Aves+Aves+Aves+Aves+Aves+Aves+Aves+Aves+Aves+Aves+Aves+Aves+Aves+Aves+Aves+Aves+Aves+Aves+Aves+Aves+Aves+Aves+Aves+Aves+Aves+Aves+Aves+Aves+Aves+Aves+Aves+Aves+Aves+Aves),0.301340081319616,-1396.902422901399
(American Alligator)-(Australian Saltwater Crocodile),(Alligator mississippiensis)-(Crocodylus porosus),(Reptilia)-(Reptilia),0.0,962.4284440934432
(Ostrich+Okarito Kiwi+Southern Cassowary+Emu+Chicken+Golden Pheasant+Common Pheasant+Black Swan+Mute Swan+Bar-Headed Goose+Swan Goose+Eastern Spot-Billed Duck+Mallard+Common Cuckoo+Great Bustard+Brown Falcon+Merlin+White Or Black-Backed Wagtail+Crow+Zebra Finch+Barn Swallow+Kakapo+Budgerigar+California Condor+Lammergeier+Steller'S Sea Eagle+Barn Owl+Oriental Scops Owl+Hoatzin+Rock Pigeon+European Golden-Plover+Ruff+Eurasian Woodcock+Common Snipe+Atlantic Puffin+Common Murre+Common Tern+Razorbill+Eurasian Coot+Royal Penguin+Emperor Penguin+White Stork)-(American Alligator+Australian Saltwater Crocodile),(Struthio camelus australis+Apteryx rowi+Casuarius casuarius+Dromaius novaehollandiae+Gallus gallus+Chrysolophus pictus+Phasianus colchicus+Cygnus atratus+Cygnus olor+Anser indicus+Anser cygnoides+Anas zonorhyncha+Anas platyrhynchos+Cuculus canorus+Otis tarda+Falco berigora+Falco columbarius+Motacilla alba alba+Corvus hawaiiensis+Taeniopygia guttata+Hirundo rustica+Strigops habroptila+Melopsittacus undulatus+Gymnogyps californianus+Gypaetus barbatus+Haliaeetus pelagicus+Tyto alba+Otus sunia+Opisthocomus hoazin+Columba livia+Pluvialis apricaria+Calidris pugnax+Scolopax rusticola+Gallinago gallinago+Fratercula arctica+Uria aalge+Sterna hirundo+Alca torda+Fulica atra+Eudyptes schlegeli+Aptenodytes forsteri+Ciconia ciconia)-(Alligator mississippiensis+Crocodylus porosus),(Aves+Aves+Aves+Aves+Aves+Aves+Aves+Aves+Aves+Aves+Aves+Aves+Aves+Aves+Aves+Aves+Aves+Aves+Aves+Aves+Aves+Aves+Aves+Aves+Aves+Aves+Aves+Aves+Aves+Aves+Aves+Aves+Aves+Aves+Aves+Aves+Aves+Aves+Aves+Aves+Aves+Aves)-(Reptilia+Reptilia),0.6803053007167988,-1160.892969139128
(Green Sea Turtle)-(Snapping Turtle),(Chelonia mydas)-(Chelydra serpentina),(Reptilia)-(Reptilia),0.0,-2247.367206650573
(Chinese Soft-Shelled Turtle)-(Green Sea Turtle+Snapping Turtle),(Pelodiscus sinensis)-(Chelonia mydas+Chelydra serpentina),(Reptilia)-(Reptilia+Reptilia),0.0,1769.0437007828552
(West African Mud Turtle)-(Chinese Soft-Shelled Turtle+Green Sea Turtle+Snapping Turtle),(Pelusios castaneus)-(Pelodiscus sinensis+Chelonia mydas+Chelydra serpentina),(Reptilia)-(Reptilia+Reptilia+Reptilia),0.0,329.56184932109335
(Ostrich+Okarito Kiwi+Southern Cassowary+Emu+Chicken+Golden Pheasant+Common Pheasant+Black Swan+Mute Swan+Bar-Headed Goose+Swan Goose+Eastern Spot-Billed Duck+Mallard+Common Cuckoo+Great Bustard+Brown Falcon+Merlin+White Or Black-Backed Wagtail+Crow+Zebra Finch+Barn Swallow+Kakapo+Budgerigar+California Condor+Lammergeier+Steller'S Sea Eagle+Barn Owl+Oriental Scops Owl+Hoatzin+Rock Pigeon+European Golden-Plover+Ruff+Eurasian Woodcock+Common Snipe+Atlantic Puffin+Common Murre+Common Tern+Razorbill+Eurasian Coot+Royal Penguin+Emperor Penguin+White Stork+American Alligator+Australian Saltwater Crocodile)-(West African Mud Turtle+Chinese Soft-Shelled Turtle+Green Sea Turtle+Snapping Turtle),(Struthio camelus australis+Apteryx rowi+Casuarius casuarius+Dromaius novaehollandiae+Gallus gallus+Chrysolophus pictus+Phasianus colchicus+Cygnus atratus+Cygnus olor+Anser indicus+Anser cygnoides+Anas zonorhyncha+Anas platyrhynchos+Cuculus canorus+Otis tarda+Falco berigora+Falco columbarius+Motacilla alba alba+Corvus hawaiiensis+Taeniopygia guttata+Hirundo rustica+Strigops habroptila+Melopsittacus undulatus+Gymnogyps californianus+Gypaetus barbatus+Haliaeetus pelagicus+Tyto alba+Otus sunia+Opisthocomus hoazin+Columba livia+Pluvialis apricaria+Calidris pugnax+Scolopax rusticola+Gallinago gallinago+Fratercula arctica+Uria aalge+Sterna hirundo+Alca torda+Fulica atra+Eudyptes schlegeli+Aptenodytes forsteri+Ciconia ciconia+Alligator mississippiensis+Crocodylus porosus)-(Pelusios castaneus+Pelodiscus sinensis+Chelonia mydas+Chelydra serpentina),(Aves+Aves+Aves+Aves+Aves+Aves+Aves+Aves+Aves+Aves+Aves+Aves+Aves+Aves+Aves+Aves+Aves+Aves+Aves+Aves+Aves+Aves+Aves+Aves+Aves+Aves+Aves+Aves+Aves+Aves+Aves+Aves+Aves+Aves+Aves+Aves+Aves+Aves+Aves+Aves+Aves+Aves+Reptilia+Reptilia)-(Reptilia+Reptilia+Reptilia+Reptilia),0.08086711848830896,-108.96546561249113
(Sand Lizard)-(Common Wall Lizard),(Lacerta agilis)-(Podarcis muralis),(Reptilia)-(Reptilia),0.0,-3710.1565451826928
(Viviparous (Common) Lizard)-(Sand Lizard+Common Wall Lizard),(Zootoca vivipara)-(Lacerta agilis+Podarcis muralis),(Reptilia)-(Reptilia+Reptilia),-5.399705711530873e-17,-1122.0985120464222
(Viviparous (Common) Lizard+Sand Lizard+Common Wall Lizard)-(Argentine Black And White Tegu),(Zootoca vivipara+Lacerta agilis+Podarcis muralis)-(Salvator merianae),(Reptilia+Reptilia+Reptilia)-(Reptilia),0.060095449500223996,862.3536310155413
(Central Bearded Dragon)-(Desert Horned Lizard),(Pogona vitticeps)-(Phrynosoma platyrhinos),(Reptilia)-(Reptilia),0.05844057277652305,-142.2443541380571
(Chinese Crocodile Lizard)-(Komodo Dragon),(Shinisaurus crocodilurus)-(Varanus komodoensis),(Reptilia)-(Reptilia),-0.06734775777242133,-153.8222787522103
(Central Bearded Dragon+Desert Horned Lizard)-(Chinese Crocodile Lizard+Komodo Dragon),(Pogona vitticeps+Phrynosoma platyrhinos)-(Shinisaurus crocodilurus+Varanus komodoensis),(Reptilia+Reptilia)-(Reptilia+Reptilia),3.2561937685442286e-17,-304.14365970480816
(Viviparous (Common) Lizard+Sand Lizard+Common Wall Lizard+Argentine Black And White Tegu)-(Central Bearded Dragon+Desert Horned Lizard+Chinese Crocodile Lizard+Komodo Dragon),(Zootoca vivipara+Lacerta agilis+Podarcis muralis+Salvator merianae)-(Pogona vitticeps+Phrynosoma platyrhinos+Shinisaurus crocodilurus+Varanus komodoensis),(Reptilia+Reptilia+Reptilia+Reptilia)-(Reptilia+Reptilia+Reptilia+Reptilia),-0.08062549072282474,332.914880926901
(Viviparous (Common) Lizard+Sand Lizard+Common Wall Lizard+Argentine Black And White Tegu+Central Bearded Dragon+Desert Horned Lizard+Chinese Crocodile Lizard+Komodo Dragon)-(Common Leopard Gecko),(Zootoca vivipara+Lacerta agilis+Podarcis muralis+Salvator merianae+Pogona vitticeps+Phrynosoma platyrhinos+Shinisaurus crocodilurus+Varanus komodoensis)-(Eublepharis macularius),(Reptilia+Reptilia+Reptilia+Reptilia+Reptilia+Reptilia+Reptilia+Reptilia)-(Reptilia),0.007398713490691464,294.9170942201672
(Regal Horned Lizard)-(Viviparous (Common) Lizard+Sand Lizard+Common Wall Lizard+Argentine Black And White Tegu+Central Bearded Dragon+Desert Horned Lizard+Chinese Crocodile Lizard+Komodo Dragon+Common Leopard Gecko),(Sphenodon punctatus)-(Zootoca vivipara+Lacerta agilis+Podarcis muralis+Salvator merianae+Pogona vitticeps+Phrynosoma platyrhinos+Shinisaurus crocodilurus+Varanus komodoensis+Eublepharis macularius),(Reptilia)-(Reptilia+Reptilia+Reptilia+Reptilia+Reptilia+Reptilia+Reptilia+Reptilia+Reptilia),-0.004844713376690398,-85.46758718389056
(Ostrich+Okarito Kiwi+Southern Cassowary+Emu+Chicken+Golden Pheasant+Common Pheasant+Black Swan+Mute Swan+Bar-Headed Goose+Swan Goose+Eastern Spot-Billed Duck+Mallard+Common Cuckoo+Great Bustard+Brown Falcon+Merlin+White Or Black-Backed Wagtail+Crow+Zebra Finch+Barn Swallow+Kakapo+Budgerigar+California Condor+Lammergeier+Steller'S Sea Eagle+Barn Owl+Oriental Scops Owl+Hoatzin+Rock Pigeon+European Golden-Plover+Ruff+Eurasian Woodcock+Common Snipe+Atlantic Puffin+Common Murre+Common Tern+Razorbill+Eurasian Coot+Royal Penguin+Emperor Penguin+White Stork+American Alligator+Australian Saltwater Crocodile+West African Mud Turtle+Chinese Soft-Shelled Turtle+Green Sea Turtle+Snapping Turtle)-(Regal Horned Lizard+Viviparous (Common) Lizard+Sand Lizard+Common Wall Lizard+Argentine Black And White Tegu+Central Bearded Dragon+Desert Horned Lizard+Chinese Crocodile Lizard+Komodo Dragon+Common Leopard Gecko),(Struthio camelus australis+Apteryx rowi+Casuarius casuarius+Dromaius novaehollandiae+Gallus gallus+Chrysolophus pictus+Phasianus colchicus+Cygnus atratus+Cygnus olor+Anser indicus+Anser cygnoides+Anas zonorhyncha+Anas platyrhynchos+Cuculus canorus+Otis tarda+Falco berigora+Falco columbarius+Motacilla alba alba+Corvus hawaiiensis+Taeniopygia guttata+Hirundo rustica+Strigops habroptila+Melopsittacus undulatus+Gymnogyps californianus+Gypaetus barbatus+Haliaeetus pelagicus+Tyto alba+Otus sunia+Opisthocomus hoazin+Columba livia+Pluvialis apricaria+Calidris pugnax+Scolopax rusticola+Gallinago gallinago+Fratercula arctica+Uria aalge+Sterna hirundo+Alca torda+Fulica atra+Eudyptes schlegeli+Aptenodytes forsteri+Ciconia ciconia+Alligator mississippiensis+Crocodylus porosus+Pelusios castaneus+Pelodiscus sinensis+Chelonia mydas+Chelydra serpentina)-(Sphenodon punctatus+Zootoca vivipara+Lacerta agilis+Podarcis muralis+Salvator merianae+Pogona vitticeps+Phrynosoma platyrhinos+Shinisaurus crocodilurus+Varanus komodoensis+Eublepharis macularius),(Aves+Aves+Aves+Aves+Aves+Aves+Aves+Aves+Aves+Aves+Aves+Aves+Aves+Aves+Aves+Aves+Aves+Aves+Aves+Aves+Aves+Aves+Aves+Aves+Aves+Aves+Aves+Aves+Aves+Aves+Aves+Aves+Aves+Aves+Aves+Aves+Aves+Aves+Aves+Aves+Aves+Aves+Reptilia+Reptilia+Reptilia+Reptilia+Reptilia+Reptilia)-(Reptilia+Reptilia+Reptilia+Reptilia+Reptilia+Reptilia+Reptilia+Reptilia+Reptilia+Reptilia),0.41642993094702596,1877.6540891752882
(Western European Hedgehog+Suricate+Cat+Tiger+Lion+Leopard+Fox+Ermine+American Black Bear+Horse+Alpaca+Two-Humped Camel+Narwhal+Orca+Bottle-Nose Dolphin+North Pacific Minke Whale+Cattle+Goat+Sheep+Wild Boar+Flying Fox+Rabbit+Norway Rat+House Mouse+Guinea Pig+Lemur+Common Marmoset+Gorilla+Human+Chimpanzee+Rhesus Monkey+Pig-Tailed Macaque+African Bush Elephant+Linne'S Two-Toed Sloth+Short-Beaked Echidna+Platypus)-(Ostrich+Okarito Kiwi+Southern Cassowary+Emu+Chicken+Golden Pheasant+Common Pheasant+Black Swan+Mute Swan+Bar-Headed Goose+Swan Goose+Eastern Spot-Billed Duck+Mallard+Common Cuckoo+Great Bustard+Brown Falcon+Merlin+White Or Black-Backed Wagtail+Crow+Zebra Finch+Barn Swallow+Kakapo+Budgerigar+California Condor+Lammergeier+Steller'S Sea Eagle+Barn Owl+Oriental Scops Owl+Hoatzin+Rock Pigeon+European Golden-Plover+Ruff+Eurasian Woodcock+Common Snipe+Atlantic Puffin+Common Murre+Common Tern+Razorbill+Eurasian Coot+Royal Penguin+Emperor Penguin+White Stork+American Alligator+Australian Saltwater Crocodile+West African Mud Turtle+Chinese Soft-Shelled Turtle+Green Sea Turtle+Snapping Turtle+Regal Horned Lizard+Viviparous (Common) Lizard+Sand Lizard+Common Wall Lizard+Argentine Black And White Tegu+Central Bearded Dragon+Desert Horned Lizard+Chinese Crocodile Lizard+Komodo Dragon+Common Leopard Gecko),(Erinaceus europaeus+Suricata suricatta+Felis catus+Panthera tigris+Panthera leo+Panthera pardus+Vulpes vulpes+Mustela erminea+Ursus americanus+Equus caballus+Vicugna pacos+Camelus ferus+Monodon monoceros+Orcinus orca+Tursiops truncatus+Balaenoptera acutorostrata scammoni+Bos taurus+Capra hircus+Ovis aries+Sus scrofa+Pteropus vampyrus+Oryctolagus cuniculus+Rattus norvegicus+Mus musculus+Cavia porcellus+Lemur catta+Callithrix jacchus+Gorilla gorilla+Homo sapiens+Pan troglodytes+Macaca mulatta+Macaca nemestrina+Loxodonta africana+Choloepus didactylus+Tachyglossus aculeatus+Ornithorhynchus anatinus)-(Struthio camelus australis+Apteryx rowi+Casuarius casuarius+Dromaius novaehollandiae+Gallus gallus+Chrysolophus pictus+Phasianus colchicus+Cygnus atratus+Cygnus olor+Anser indicus+Anser cygnoides+Anas zonorhyncha+Anas platyrhynchos+Cuculus canorus+Otis tarda+Falco berigora+Falco columbarius+Motacilla alba alba+Corvus hawaiiensis+Taeniopygia guttata+Hirundo rustica+Strigops habroptila+Melopsittacus undulatus+Gymnogyps californianus+Gypaetus barbatus+Haliaeetus pelagicus+Tyto alba+Otus sunia+Opisthocomus hoazin+Columba livia+Pluvialis apricaria+Calidris pugnax+Scolopax rusticola+Gallinago gallinago+Fratercula arctica+Uria aalge+Sterna hirundo+Alca torda+Fulica atra+Eudyptes schlegeli+Aptenodytes forsteri+Ciconia ciconia+Alligator mississippiensis+Crocodylus porosus+Pelusios castaneus+Pelodiscus sinensis+Chelonia mydas+Chelydra serpentina+Sphenodon punctatus+Zootoca vivipara+Lacerta agilis+Podarcis muralis+Salvator merianae+Pogona vitticeps+Phrynosoma platyrhinos+Shinisaurus crocodilurus+Varanus komodoensis+Eublepharis macularius),(Mammalia+Mammalia+Mammalia+Mammalia+Mammalia+Mammalia+Mammalia+Mammalia+Mammalia+Mammalia+Mammalia+Mammalia+Mammalia+Mammalia+Mammalia+Mammalia+Mammalia+Mammalia+Mammalia+Mammalia+Mammalia+Mammalia+Mammalia+Mammalia+Mammalia+Mammalia+Mammalia+Mammalia+Mammalia+Mammalia+Mammalia+Mammalia+Mammalia+Mammalia+Mammalia+Mammalia)-(Aves+Aves+Aves+Aves+Aves+Aves+Aves+Aves+Aves+Aves+Aves+Aves+Aves+Aves+Aves+Aves+Aves+Aves+Aves+Aves+Aves+Aves+Aves+Aves+Aves+Aves+Aves+Aves+Aves+Aves+Aves+Aves+Aves+Aves+Aves+Aves+Aves+Aves+Aves+Aves+Aves+Aves+Reptilia+Reptilia+Reptilia+Reptilia+Reptilia+Reptilia+Reptilia+Reptilia+Reptilia+Reptilia+Reptilia+Reptilia+Reptilia+Reptilia+Reptilia+Reptilia),0.03999082376433036,-196.60150049045885
(Axolotl+Iberian Ribbed Newt+Common Toad+Asiatic Toad+Common Frog+African Clawed Frog+Western Clawed Frog+European Fire-Bellied Toad+Painted Frog+Two-Lined Caecilian+Gaboon Caecilian+Tiny Cayenne Caecilian)-(Western European Hedgehog+Suricate+Cat+Tiger+Lion+Leopard+Fox+Ermine+American Black Bear+Horse+Alpaca+Two-Humped Camel+Narwhal+Orca+Bottle-Nose Dolphin+North Pacific Minke Whale+Cattle+Goat+Sheep+Wild Boar+Flying Fox+Rabbit+Norway Rat+House Mouse+Guinea Pig+Lemur+Common Marmoset+Gorilla+Human+Chimpanzee+Rhesus Monkey+Pig-Tailed Macaque+African Bush Elephant+Linne'S Two-Toed Sloth+Short-Beaked Echidna+Platypus+Ostrich+Okarito Kiwi+Southern Cassowary+Emu+Chicken+Golden Pheasant+Common Pheasant+Black Swan+Mute Swan+Bar-Headed Goose+Swan Goose+Eastern Spot-Billed Duck+Mallard+Common Cuckoo+Great Bustard+Brown Falcon+Merlin+White Or Black-Backed Wagtail+Crow+Zebra Finch+Barn Swallow+Kakapo+Budgerigar+California Condor+Lammergeier+Steller'S Sea Eagle+Barn Owl+Oriental Scops Owl+Hoatzin+Rock Pigeon+European Golden-Plover+Ruff+Eurasian Woodcock+Common Snipe+Atlantic Puffin+Common Murre+Common Tern+Razorbill+Eurasian Coot+Royal Penguin+Emperor Penguin+White Stork+American Alligator+Australian Saltwater Crocodile+West African Mud Turtle+Chinese Soft-Shelled Turtle+Green Sea Turtle+Snapping Turtle+Regal Horned Lizard+Viviparous (Common) Lizard+Sand Lizard+Common Wall Lizard+Argentine Black And White Tegu+Central Bearded Dragon+Desert Horned Lizard+Chinese Crocodile Lizard+Komodo Dragon+Common Leopard Gecko),(Ambystoma mexicanum+Pleurodeles waltl+Bufo bufo+Bufo gargarizans+Rana temporaria+Xenopus laevis+Xenopus tropicalis+Bombina bombina+Discoglossus pictus+Rhinatrema bivittatum+Geotrypetes seraphini+Microcaecilia unicolor)-(Erinaceus europaeus+Suricata suricatta+Felis catus+Panthera tigris+Panthera leo+Panthera pardus+Vulpes vulpes+Mustela erminea+Ursus americanus+Equus caballus+Vicugna pacos+Camelus ferus+Monodon monoceros+Orcinus orca+Tursiops truncatus+Balaenoptera acutorostrata scammoni+Bos taurus+Capra hircus+Ovis aries+Sus scrofa+Pteropus vampyrus+Oryctolagus cuniculus+Rattus norvegicus+Mus musculus+Cavia porcellus+Lemur catta+Callithrix jacchus+Gorilla gorilla+Homo sapiens+Pan troglodytes+Macaca mulatta+Macaca nemestrina+Loxodonta africana+Choloepus didactylus+Tachyglossus aculeatus+Ornithorhynchus anatinus+Struthio camelus australis+Apteryx rowi+Casuarius casuarius+Dromaius novaehollandiae+Gallus gallus+Chrysolophus pictus+Phasianus colchicus+Cygnus atratus+Cygnus olor+Anser indicus+Anser cygnoides+Anas zonorhyncha+Anas platyrhynchos+Cuculus canorus+Otis tarda+Falco berigora+Falco columbarius+Motacilla alba alba+Corvus hawaiiensis+Taeniopygia guttata+Hirundo rustica+Strigops habroptila+Melopsittacus undulatus+Gymnogyps californianus+Gypaetus barbatus+Haliaeetus pelagicus+Tyto alba+Otus sunia+Opisthocomus hoazin+Columba livia+Pluvialis apricaria+Calidris pugnax+Scolopax rusticola+Gallinago gallinago+Fratercula arctica+Uria aalge+Sterna hirundo+Alca torda+Fulica atra+Eudyptes schlegeli+Aptenodytes forsteri+Ciconia ciconia+Alligator mississippiensis+Crocodylus porosus+Pelusios castaneus+Pelodiscus sinensis+Chelonia mydas+Chelydra serpentina+Sphenodon punctatus+Zootoca vivipara+Lacerta agilis+Podarcis muralis+Salvator merianae+Pogona vitticeps+Phrynosoma platyrhinos+Shinisaurus crocodilurus+Varanus komodoensis+Eublepharis macularius),(Amphibia+Amphibia+Amphibia+Amphibia+Amphibia+Amphibia+Amphibia+Amphibia+Amphibia+Amphibia+Amphibia+Amphibia)-(Mammalia+Mammalia+Mammalia+Mammalia+Mammalia+Mammalia+Mammalia+Mammalia+Mammalia+Mammalia+Mammalia+Mammalia+Mammalia+Mammalia+Mammalia+Mammalia+Mammalia+Mammalia+Mammalia+Mammalia+Mammalia+Mammalia+Mammalia+Mammalia+Mammalia+Mammalia+Mammalia+Mammalia+Mammalia+Mammalia+Mammalia+Mammalia+Mammalia+Mammalia+Mammalia+Mammalia+Aves+Aves+Aves+Aves+Aves+Aves+Aves+Aves+Aves+Aves+Aves+Aves+Aves+Aves+Aves+Aves+Aves+Aves+Aves+Aves+Aves+Aves+Aves+Aves+Aves+Aves+Aves+Aves+Aves+Aves+Aves+Aves+Aves+Aves+Aves+Aves+Aves+Aves+Aves+Aves+Aves+Aves+Reptilia+Reptilia+Reptilia+Reptilia+Reptilia+Reptilia+Reptilia+Reptilia+Reptilia+Reptilia+Reptilia+Reptilia+Reptilia+Reptilia+Reptilia+Reptilia),-0.3935977297249332,3033.6184327994165
