Common Name,Species,Class,Cervical,C4
(Axolotl)-(Iberian Ribbed Newt),(Ambystoma mexicanum)-(Pleurodeles waltl),(Amphibia)-(Amphibia),0.028288797817267224,-102.34887050287281
(Common Toad)-(Asiatic Toad),(Bufo bufo)-(Bufo gargarizans),(Amphibia)-(Amphibia),0.0,-23240.024047172363
(Common Toad+Asiatic Toad)-(Common Frog),(Bufo bufo+Bufo gargarizans)-(Rana temporaria),(Amphibia+Amphibia)-(Amphibia),0.0,-6180.797411844615
(African Clawed Frog)-(Western Clawed Frog),(Xenopus laevis)-(Xenopus tropicalis),(Amphibia)-(Amphibia),0.0,405.9040504553425
(Common Toad+Asiatic Toad+Common Frog)-(African Clawed Frog+Western Clawed Frog),(Bufo bufo+Bufo gargarizans+Rana temporaria)-(Xenopus laevis+Xenopus tropicalis),(Amphibia+Amphibia+Amphibia)-(Amphibia+Amphibia),0.0,754.0477593160289
(European Fire-Bellied Toad)-(Painted Frog),(Bombina bombina)-(Discoglossus pictus),(Amphibia)-(Amphibia),0.0,2628.1094524810105
(Common Toad+Asiatic Toad+Common Frog+African Clawed Frog+Western Clawed Frog)-(European Fire-Bellied Toad+Painted Frog),(Bufo bufo+Bufo gargarizans+Rana temporaria+Xenopus laevis+Xenopus tropicalis)-(Bombina bombina+Discoglossus pictus),(Amphibia+Amphibia+Amphibia+Amphibia+Amphibia)-(Amphibia+Amphibia),0.0,-442.16107529880946
(Axolotl+Iberian Ribbed Newt)-(Common Toad+Asiatic Toad+Common Frog+African Clawed Frog+Western Clawed Frog+European Fire-Bellied Toad+Painted Frog),(Ambystoma mexicanum+Pleurodeles waltl)-(Bufo bufo+Bufo gargarizans+Rana temporaria+Xenopus laevis+Xenopus tropicalis+Bombina bombina+Discoglossus pictus),(Amphibia+Amphibia)-(Amphibia+Amphibia+Amphibia+Amphibia+Amphibia+Amphibia+Amphibia),0.013469882725143614,-2098.5207678129686
(Gaboon Caecilian)-(Tiny Cayenne Caecilian),(Geotrypetes seraphini)-(Microcaecilia unicolor),(Amphibia)-(Amphibia),0.0,-378.9227205215654
(Two-Lined Caecilian)-(Gaboon Caecilian+Tiny Cayenne Caecilian),(Rhinatrema bivittatum)-(Geotrypetes seraphini+Microcaecilia unicolor),(Amphibia)-(Amphibia+Amphibia),0.0,9092.117920387805
(Axolotl+Iberian Ribbed Newt+Common Toad+Asiatic Toad+Common Frog+African Clawed Frog+Western Clawed Frog+European Fire-Bellied Toad+Painted Frog)-(Two-Lined Caecilian+Gaboon Caecilian+Tiny Cayenne Caecilian),(Ambystoma mexicanum+Pleurodeles waltl+Bufo bufo+Bufo gargarizans+Rana temporaria+Xenopus laevis+Xenopus tropicalis+Bombina bombina+Discoglossus pictus)-(Rhinatrema bivittatum+Geotrypetes seraphini+Microcaecilia unicolor),(Amphibia+Amphibia+Amphibia+Amphibia+Amphibia+Amphibia+Amphibia+Amphibia+Amphibia)-(Amphibia+Amphibia+Amphibia),0.005485012270074632,-3195.797170459398
(Lion)-(Leopard),(Panthera leo)-(Panthera pardus),(Mammalia)-(Mammalia),0.0,5322.828211479206
(Tiger)-(Lion+Leopard),(Panthera tigris)-(Panthera leo+Panthera pardus),(Mammalia)-(Mammalia+Mammalia),0.0,1986.807630953835
(Cat)-(Tiger+Lion+Leopard),(Felis catus)-(Panthera tigris+Panthera leo+Panthera pardus),(Mammalia)-(Mammalia+Mammalia+Mammalia),0.0,-10080.874209277443
(Suricate)-(Cat+Tiger+Lion+Leopard),(Suricata suricatta)-(Felis catus+Panthera tigris+Panthera leo+Panthera pardus),(Mammalia)-(Mammalia+Mammalia+Mammalia+Mammalia),0.0,3168.5530786233057
(Ermine)-(American Black Bear),(Mustela erminea)-(Ursus americanus),(Mammalia)-(Mammalia),0.0,-7306.580792775505
(Fox)-(Ermine+American Black Bear),(Vulpes vulpes)-(Mustela erminea+Ursus americanus),(Mammalia)-(Mammalia+Mammalia),0.0,3284.0743331773183
(Suricate+Cat+Tiger+Lion+Leopard)-(Fox+Ermine+American Black Bear),(Suricata suricatta+Felis catus+Panthera tigris+Panthera leo+Panthera pardus)-(Vulpes vulpes+Mustela erminea+Ursus americanus),(Mammalia+Mammalia+Mammalia+Mammalia+Mammalia)-(Mammalia+Mammalia+Mammalia),0.0,996.1042638101256
(Suricate+Cat+Tiger+Lion+Leopard+Fox+Ermine+American Black Bear)-(Horse),(Suricata suricatta+Felis catus+Panthera tigris+Panthera leo+Panthera pardus+Vulpes vulpes+Mustela erminea+Ursus americanus)-(Equus caballus),(Mammalia+Mammalia+Mammalia+Mammalia+Mammalia+Mammalia+Mammalia+Mammalia)-(Mammalia),0.0,-1032.1158459795686
(Alpaca)-(Two-Humped Camel),(Vicugna pacos)-(Camelus ferus),(Mammalia)-(Mammalia),0.0,9715.634511475646
(Orca)-(Bottle-Nose Dolphin),(Orcinus orca)-(Tursiops truncatus),(Mammalia)-(Mammalia),0.0,-9664.689109352554
(Narwhal)-(Orca+Bottle-Nose Dolphin),(Monodon monoceros)-(Orcinus orca+Tursiops truncatus),(Mammalia)-(Mammalia+Mammalia),-1.6099402069862086e-16,2694.9299258418
(Narwhal+Orca+Bottle-Nose Dolphin)-(North Pacific Minke Whale),(Monodon monoceros+Orcinus orca+Tursiops truncatus)-(Balaenoptera acutorostrata scammoni),(Mammalia+Mammalia+Mammalia)-(Mammalia),0.0,-1408.7499996288834
(Goat)-(Sheep),(Capra hircus)-(Ovis aries),(Mammalia)-(Mammalia),0.0,36.03774569130922
(Cattle)-(Goat+Sheep),(Bos taurus)-(Capra hircus+Ovis aries),(Mammalia)-(Mammalia+Mammalia),0.0,-11.068869054957188
(Narwhal+Orca+Bottle-Nose Dolphin+North Pacific Minke Whale)-(Cattle+Goat+Sheep),(Monodon monoceros+Orcinus orca+Tursiops truncatus+Balaenoptera acutorostrata scammoni)-(Bos taurus+Capra hircus+Ovis aries),(Mammalia+Mammalia+Mammalia+Mammalia)-(Mammalia+Mammalia+Mammalia),9.718985330496852e-17,-1024.0799628145035
(Narwhal+Orca+Bottle-Nose Dolphin+North Pacific Minke Whale+Cattle+Goat+Sheep)-(Wild Boar),(Monodon monoceros+Orcinus orca+Tursiops truncatus+Balaenoptera acutorostrata scammoni+Bos taurus+Capra hircus+Ovis aries)-(Sus scrofa),(Mammalia+Mammalia+Mammalia+Mammalia+Mammalia+Mammalia+Mammalia)-(Mammalia),0.0,1596.558123968684
(Alpaca+Two-Humped Camel)-(Narwhal+Orca+Bottle-Nose Dolphin+North Pacific Minke Whale+Cattle+Goat+Sheep+Wild Boar),(Vicugna pacos+Camelus ferus)-(Monodon monoceros+Orcinus orca+Tursiops truncatus+Balaenoptera acutorostrata scammoni+Bos taurus+Capra hircus+Ovis aries+Sus scrofa),(Mammalia+Mammalia)-(Mammalia+Mammalia+Mammalia+Mammalia+Mammalia+Mammalia+Mammalia+Mammalia),0.0,-2527.5591819742285
(Suricate+Cat+Tiger+Lion+Leopard+Fox+Ermine+American Black Bear+Horse)-(Alpaca+Two-Humped Camel+Narwhal+Orca+Bottle-Nose Dolphin+North Pacific Minke Whale+Cattle+Goat+Sheep+Wild Boar),(Suricata suricatta+Felis catus+Panthera tigris+Panthera leo+Panthera pardus+Vulpes vulpes+Mustela erminea+Ursus americanus+Equus caballus)-(Vicugna pacos+Camelus ferus+Monodon monoceros+Orcinus orca+Tursiops truncatus+Balaenoptera acutorostrata scammoni+Bos taurus+Capra hircus+Ovis aries+Sus scrofa),(Mammalia+Mammalia+Mammalia+Mammalia+Mammalia+Mammalia+Mammalia+Mammalia+Mammalia)-(Mammalia+Mammalia+Mammalia+Mammalia+Mammalia+Mammalia+Mammalia+Mammalia+Mammalia+Mammalia),-2.475500552712054e-16,31.37199066508684
(Suricate+Cat+Tiger+Lion+Leopard+Fox+Ermine+American Black Bear+Horse+Alpaca+Two-Humped Camel+Narwhal+Orca+Bottle-Nose Dolphin+North Pacific Minke Whale+Cattle+Goat+Sheep+Wild Boar)-(Flying Fox),(Suricata suricatta+Felis catus+Panthera tigris+Panthera leo+Panthera pardus+Vulpes vulpes+Mustela erminea+Ursus americanus+Equus caballus+Vicugna pacos+Camelus ferus+Monodon monoceros+Orcinus orca+Tursiops truncatus+Balaenoptera acutorostrata scammoni+Bos taurus+Capra hircus+Ovis aries+Sus scrofa)-(Pteropus vampyrus),(Mammalia+Mammalia+Mammalia+Mammalia+Mammalia+Mammalia+Mammalia+Mammalia+Mammalia+Mammalia+Mammalia+Mammalia+Mammalia+Mammalia+Mammalia+Mammalia+Mammalia+Mammalia+Mammalia)-(Mammalia),1.7860738181672989e-16,-1569.8732450814598
(Western European Hedgehog)-(Suricate+Cat+Tiger+Lion+Leopard+Fox+Ermine+American Black Bear+Horse+Alpaca+Two-Humped Camel+Narwhal+Orca+Bottle-Nose Dolphin+North Pacific Minke Whale+Cattle+Goat+Sheep+Wild Boar+Flying Fox),(Erinaceus europaeus)-(Suricata suricatta+Felis catus+Panthera tigris+Panthera leo+Panthera pardus+Vulpes vulpes+Mustela erminea+Ursus americanus+Equus caballus+Vicugna pacos+Camelus ferus+Monodon monoceros+Orcinus orca+Tursiops truncatus+Balaenoptera acutorostrata scammoni+Bos taurus+Capra hircus+Ovis aries+Sus scrofa+Pteropus vampyrus),(Mammalia)-(Mammalia+Mammalia+Mammalia+Mammalia+Mammalia+Mammalia+Mammalia+Mammalia+Mammalia+Mammalia+Mammalia+Mammalia+Mammalia+Mammalia+Mammalia+Mammalia+Mammalia+Mammalia+Mammalia+Mammalia),-1.7235648005129718e-16,1293.9318070937247
(Norway Rat)-(House Mouse),(Rattus norvegicus)-(Mus musculus),(Mammalia)-(Mammalia),0.0,-4175.777927248869
(Norway Rat+House Mouse)-(Guinea Pig),(Rattus norvegicus+Mus musculus)-(Cavia porcellus),(Mammalia+Mammalia)-(Mammalia),0.0,-2692.6151957651223
(Rabbit)-(Norway Rat+House Mouse+Guinea Pig),(Oryctolagus cuniculus)-(Rattus norvegicus+Mus musculus+Cavia porcellus),(Mammalia)-(Mammalia+Mammalia+Mammalia),8.060746187331839e-17,918.6073866922322
(Human)-(Chimpanzee),(Homo sapiens)-(Pan troglodytes),(Mammalia)-(Mammalia),0.0,-5715.129631759015
(Gorilla)-(Human+Chimpanzee),(Gorilla gorilla)-(Homo sapiens+Pan troglodytes),(Mammalia)-(Mammalia+Mammalia),-2.42705272233491e-16,8911.579601196974
(Rhesus Monkey)-(Pig-Tailed Macaque),(Macaca mulatta)-(Macaca nemestrina),(Mammalia)-(Mammalia),0.0,-9255.37375992927
(Gorilla+Human+Chimpanzee)-(Rhesus Monkey+Pig-Tailed Macaque),(Gorilla gorilla+Homo sapiens+Pan troglodytes)-(Macaca mulatta+Macaca nemestrina),(Mammalia+Mammalia+Mammalia)-(Mammalia+Mammalia),1.2626590077731122e-16,-1214.3297932474727
(Common Marmoset)-(Gorilla+Human+Chimpanzee+Rhesus Monkey+Pig-Tailed Macaque),(Callithrix jacchus)-(Gorilla gorilla+Homo sapiens+Pan troglodytes+Macaca mulatta+Macaca nemestrina),(Mammalia)-(Mammalia+Mammalia+Mammalia+Mammalia+Mammalia),-1.0668635019316059e-16,2193.9353364821895
(Lemur)-(Common Marmoset+Gorilla+Human+Chimpanzee+Rhesus Monkey+Pig-Tailed Macaque),(Lemur catta)-(Callithrix jacchus+Gorilla gorilla+Homo sapiens+Pan troglodytes+Macaca mulatta+Macaca nemestrina),(Mammalia)-(Mammalia+Mammalia+Mammalia+Mammalia+Mammalia+Mammalia),0.0,852.655976674727
(Rabbit+Norway Rat+House Mouse+Guinea Pig)-(Lemur+Common Marmoset+Gorilla+Human+Chimpanzee+Rhesus Monkey+Pig-Tailed Macaque),(Oryctolagus cuniculus+Rattus norvegicus+Mus musculus+Cavia porcellus)-(Lemur catta+Callithrix jacchus+Gorilla gorilla+Homo sapiens+Pan troglodytes+Macaca mulatta+Macaca nemestrina),(Mammalia+Mammalia+Mammalia+Mammalia)-(Mammalia+Mammalia+Mammalia+Mammalia+Mammalia+Mammalia+Mammalia),-2.0105550534566458e-16,-813.7499374284735
(Western European Hedgehog+Suricate+Cat+Tiger+Lion+Leopard+Fox+Ermine+American Black Bear+Horse+Alpaca+Two-Humped Camel+Narwhal+Orca+Bottle-Nose Dolphin+North Pacific Minke Whale+Cattle+Goat+Sheep+Wild Boar+Flying Fox)-(Rabbit+Norway Rat+House Mouse+Guinea Pig+Lemur+Common Marmoset+Gorilla+Human+Chimpanzee+Rhesus Monkey+Pig-Tailed Macaque),(Erinaceus europaeus+Suricata suricatta+Felis catus+Panthera tigris+Panthera leo+Panthera pardus+Vulpes vulpes+Mustela erminea+Ursus americanus+Equus caballus+Vicugna pacos+Camelus ferus+Monodon monoceros+Orcinus orca+Tursiops truncatus+Balaenoptera acutorostrata scammoni+Bos taurus+Capra hircus+Ovis aries+Sus scrofa+Pteropus vampyrus)-(Oryctolagus cuniculus+Rattus norvegicus+Mus musculus+Cavia porcellus+Lemur catta+Callithrix jacchus+Gorilla gorilla+Homo sapiens+Pan troglodytes+Macaca mulatta+Macaca nemestrina),(Mammalia+Mammalia+Mammalia+Mammalia+Mammalia+Mammalia+Mammalia+Mammalia+Mammalia+Mammalia+Mammalia+Mammalia+Mammalia+Mammalia+Mammalia+Mammalia+Mammalia+Mammalia+Mammalia+Mammalia+Mammalia)-(Mammalia+Mammalia+Mammalia+Mammalia+Mammalia+Mammalia+Mammalia+Mammalia+Mammalia+Mammalia+Mammalia),3.765414662923822e-16,-57.08492976373163
(African Bush Elephant)-(Linne'S Two-Toed Sloth),(Loxodonta africana)-(Choloepus didactylus),(Mammalia)-(Mammalia),0.0,-333.94652586023733
(Western European Hedgehog+Suricate+Cat+Tiger+Lion+Leopard+Fox+Ermine+American Black Bear+Horse+Alpaca+Two-Humped Camel+Narwhal+Orca+Bottle-Nose Dolphin+North Pacific Minke Whale+Cattle+Goat+Sheep+Wild Boar+Flying Fox+Rabbit+Norway Rat+House Mouse+Guinea Pig+Lemur+Common Marmoset+Gorilla+Human+Chimpanzee+Rhesus Monkey+Pig-Tailed Macaque)-(African Bush Elephant+Linne'S Two-Toed Sloth),(Erinaceus europaeus+Suricata suricatta+Felis catus+Panthera tigris+Panthera leo+Panthera pardus+Vulpes vulpes+Mustela erminea+Ursus americanus+Equus caballus+Vicugna pacos+Camelus ferus+Monodon monoceros+Orcinus orca+Tursiops truncatus+Balaenoptera acutorostrata scammoni+Bos taurus+Capra hircus+Ovis aries+Sus scrofa+Pteropus vampyrus+Oryctolagus cuniculus+Rattus norvegicus+Mus musculus+Cavia porcellus+Lemur catta+Callithrix jacchus+Gorilla gorilla+Homo sapiens+Pan troglodytes+Macaca mulatta+Macaca nemestrina)-(Loxodonta africana+Choloepus didactylus),(Mammalia+Mammalia+Mammalia+Mammalia+Mammalia+Mammalia+Mammalia+Mammalia+Mammalia+Mammalia+Mammalia+Mammalia+Mammalia+Mammalia+Mammalia+Mammalia+Mammalia+Mammalia+Mammalia+Mammalia+Mammalia+Mammalia+Mammalia+Mammalia+Mammalia+Mammalia+Mammalia+Mammalia+Mammalia+Mammalia+Mammalia+Mammalia)-(Mammalia+Mammalia),0.0,-898.9594151498119
(Short-Beaked Echidna)-(Platypus),(Tachyglossus aculeatus)-(Ornithorhynchus anatinus),(Mammalia)-(Mammalia),0.0,11.481999550447622
(Western European Hedgehog+Suricate+Cat+Tiger+Lion+Leopard+Fox+Ermine+American Black Bear+Horse+Alpaca+Two-Humped Camel+Narwhal+Orca+Bottle-Nose Dolphin+North Pacific Minke Whale+Cattle+Goat+Sheep+Wild Boar+Flying Fox+Rabbit+Norway Rat+House Mouse+Guinea Pig+Lemur+Common Marmoset+Gorilla+Human+Chimpanzee+Rhesus Monkey+Pig-Tailed Macaque+African Bush Elephant+Linne'S Two-Toed Sloth)-(Short-Beaked Echidna+Platypus),(Erinaceus europaeus+Suricata suricatta+Felis catus+Panthera tigris+Panthera leo+Panthera pardus+Vulpes vulpes+Mustela erminea+Ursus americanus+Equus caballus+Vicugna pacos+Camelus ferus+Monodon monoceros+Orcinus orca+Tursiops truncatus+Balaenoptera acutorostrata scammoni+Bos taurus+Capra hircus+Ovis aries+Sus scrofa+Pteropus vampyrus+Oryctolagus cuniculus+Rattus norvegicus+Mus musculus+Cavia porcellus+Lemur catta+Callithrix jacchus+Gorilla gorilla+Homo sapiens+Pan troglodytes+Macaca mulatta+Macaca nemestrina+Loxodonta africana+Choloepus didactylus)-(Tachyglossus aculeatus+Ornithorhynchus anatinus),(Mammalia+Mammalia+Mammalia+Mammalia+Mammalia+Mammalia+Mammalia+Mammalia+Mammalia+Mammalia+Mammalia+Mammalia+Mammalia+Mammalia+Mammalia+Mammalia+Mammalia+Mammalia+Mammalia+Mammalia+Mammalia+Mammalia+Mammalia+Mammalia+Mammalia+Mammalia+Mammalia+Mammalia+Mammalia+Mammalia+Mammalia+Mammalia+Mammalia+Mammalia)-(Mammalia+Mammalia),5.609553759670235e-17,-392.2765626298795
(Okarito Kiwi)-(Southern Cassowary),(Apteryx rowi)-(Casuarius casuarius),(Aves)-(Aves),0.1806294169556789,-36.57745693352498
(Ostrich)-(Okarito Kiwi+Southern Cassowary),(Struthio camelus australis)-(Apteryx rowi+Casuarius casuarius),(Aves)-(Aves+Aves),0.10024733208068282,178.7911167658978
(Black Swan)-(Mute Swan),(Cygnus atratus)-(Cygnus olor),(Aves)-(Aves),-0.9428090415820599,-1980.6060941035196
(Bar-Headed Goose)-(Swan Goose),(Anser indicus)-(Anser cygnoides),(Aves)-(Aves),0.0,-3836.3452589559697
(Black Swan+Mute Swan)-(Bar-Headed Goose+Swan Goose),(Cygnus atratus+Cygnus olor)-(Anser indicus+Anser cygnoides),(Aves+Aves)-(Aves+Aves),0.9011727918329442,-771.2978894805495
(Eastern Spot-Billed Duck)-(Mallard),(Anas zonorhyncha)-(Anas platyrhynchos),(Aves)-(Aves),0.0,-355.5339353562499
(Black Swan+Mute Swan+Bar-Headed Goose+Swan Goose)-(Eastern Spot-Billed Duck+Mallard),(Cygnus atratus+Cygnus olor+Anser indicus+Anser cygnoides)-(Anas zonorhyncha+Anas platyrhynchos),(Aves+Aves+Aves+Aves)-(Aves+Aves),0.6530557262396312,199.34480271728168
(Golden Pheasant)-(Common Pheasant),(Chrysolophus pictus)-(Phasianus colchicus),(Aves)-(Aves),0.0,718.5290415167786
(Black Swan+Mute Swan+Bar-Headed Goose+Swan Goose+Eastern Spot-Billed Duck+Mallard)-(Golden Pheasant+Common Pheasant),(Cygnus atratus+Cygnus olor+Anser indicus+Anser cygnoides+Anas zonorhyncha+Anas platyrhynchos)-(Chrysolophus pictus+Phasianus colchicus),(Aves+Aves+Aves+Aves+Aves+Aves)-(Aves+Aves),0.386993732054663,-74.1401062693509
(Common Cuckoo)-(Great Bustard),(Cuculus canorus)-(Otis tarda),(Aves)-(Aves),0.0,-19.39820833504365
(Brown Falcon)-(Merlin),(Falco berigora)-(Falco columbarius),(Aves)-(Aves),0.25136516366820433,204.1085128985819
(White Or Black-Backed Wagtail)-(Zebra Finch),(Motacilla alba alba)-(Taeniopygia guttata),(Aves)-(Aves),0.0,142.01818395644545
(White Or Black-Backed Wagtail+Zebra Finch)-(Kakapo),(Motacilla alba alba+Taeniopygia guttata)-(Strigops habroptila),(Aves+Aves)-(Aves),-0.18257890251762834,2912.4073635099485
(Brown Falcon+Merlin)-(White Or Black-Backed Wagtail+Zebra Finch+Kakapo),(Falco berigora+Falco columbarius)-(Motacilla alba alba+Taeniopygia guttata+Strigops habroptila),(Aves+Aves)-(Aves+Aves+Aves),-0.041665003522408824,-4.69233026582528
(Lammergeier)-(Steller'S Sea Eagle),(Gypaetus barbatus)-(Haliaeetus pelagicus),(Aves)-(Aves),0.0,-1070.8580122332698
(California Condor)-(Lammergeier+Steller'S Sea Eagle),(Gymnogyps californianus)-(Gypaetus barbatus+Haliaeetus pelagicus),(Aves)-(Aves+Aves),0.0,554.5828228667249
(Barn Owl)-(Oriental Scops Owl),(Tyto alba)-(Otus sunia),(Aves)-(Aves),0.0,1863.1896781185458
(California Condor+Lammergeier+Steller'S Sea Eagle)-(Barn Owl+Oriental Scops Owl),(Gymnogyps californianus+Gypaetus barbatus+Haliaeetus pelagicus)-(Tyto alba+Otus sunia),(Aves+Aves+Aves)-(Aves+Aves),0.11896924941894517,712.8446585823524
(Brown Falcon+Merlin+White Or Black-Backed Wagtail+Zebra Finch+Kakapo)-(California Condor+Lammergeier+Steller'S Sea Eagle+Barn Owl+Oriental Scops Owl),(Falco berigora+Falco columbarius+Motacilla alba alba+Taeniopygia guttata+Strigops habroptila)-(Gymnogyps californianus+Gypaetus barbatus+Haliaeetus pelagicus+Tyto alba+Otus sunia),(Aves+Aves+Aves+Aves+Aves)-(Aves+Aves+Aves+Aves+Aves),0.03860737607905865,681.1734007214784
(Atlantic Puffin)-(Razorbill),(Fratercula arctica)-(Alca torda),(Aves)-(Aves),0.1486497335145535,2139.2678649191107
(Atlantic Puffin+Razorbill)-(Ruff),(Fratercula arctica+Alca torda)-(Calidris pugnax),(Aves+Aves)-(Aves),-0.023255777730347375,-585.5339716946861
(European Golden-Plover)-(Atlantic Puffin+Razorbill+Ruff),(Pluvialis apricaria)-(Fratercula arctica+Alca torda+Calidris pugnax),(Aves)-(Aves+Aves+Aves),-0.03509954844455696,902.1269503697728
(Royal Penguin)-(Emperor Penguin),(Eudyptes schlegeli)-(Aptenodytes forsteri),(Aves)-(Aves),-0.15654130180120995,-2551.9363019633247
(Eurasian Coot)-(Royal Penguin+Emperor Penguin),(Fulica atra)-(Eudyptes schlegeli+Aptenodytes forsteri),(Aves)-(Aves+Aves),0.1317698889356849,-1044.0567533337435
(European Golden-Plover+Atlantic Puffin+Razorbill+Ruff)-(Eurasian Coot+Royal Penguin+Emperor Penguin),(Pluvialis apricaria+Fratercula arctica+Alca torda+Calidris pugnax)-(Fulica atra+Eudyptes schlegeli+Aptenodytes forsteri),(Aves+Aves+Aves+Aves)-(Aves+Aves+Aves),0.007928766850915838,1359.0737762403037
(Rock Pigeon)-(European Golden-Plover+Atlantic Puffin+Razorbill+Ruff+Eurasian Coot+Royal Penguin+Emperor Penguin),(Columba livia)-(Pluvialis apricaria+Fratercula arctica+Alca torda+Calidris pugnax+Fulica atra+Eudyptes schlegeli+Aptenodytes forsteri),(Aves)-(Aves+Aves+Aves+Aves+Aves+Aves+Aves),-0.1321399012607088,316.05560113736107
(Brown Falcon+Merlin+White Or Black-Backed Wagtail+Zebra Finch+Kakapo+California Condor+Lammergeier+Steller'S Sea Eagle+Barn Owl+Oriental Scops Owl)-(Rock Pigeon+European Golden-Plover+Atlantic Puffin+Razorbill+Ruff+Eurasian Coot+Royal Penguin+Emperor Penguin),(Falco berigora+Falco columbarius+Motacilla alba alba+Taeniopygia guttata+Strigops habroptila+Gymnogyps californianus+Gypaetus barbatus+Haliaeetus pelagicus+Tyto alba+Otus sunia)-(Columba livia+Pluvialis apricaria+Fratercula arctica+Alca torda+Calidris pugnax+Fulica atra+Eudyptes schlegeli+Aptenodytes forsteri),(Aves+Aves+Aves+Aves+Aves+Aves+Aves+Aves+Aves+Aves)-(Aves+Aves+Aves+Aves+Aves+Aves+Aves+Aves),-0.07571779959351925,700.4935368969108
(Common Cuckoo+Great Bustard)-(Brown Falcon+Merlin+White Or Black-Backed Wagtail+Zebra Finch+Kakapo+California Condor+Lammergeier+Steller'S Sea Eagle+Barn Owl+Oriental Scops Owl+Rock Pigeon+European Golden-Plover+Atlantic Puffin+Razorbill+Ruff+Eurasian Coot+Royal Penguin+Emperor Penguin),(Cuculus canorus+Otis tarda)-(Falco berigora+Falco columbarius+Motacilla alba alba+Taeniopygia guttata+Strigops habroptila+Gymnogyps californianus+Gypaetus barbatus+Haliaeetus pelagicus+Tyto alba+Otus sunia+Columba livia+Pluvialis apricaria+Fratercula arctica+Alca torda+Calidris pugnax+Fulica atra+Eudyptes schlegeli+Aptenodytes forsteri),(Aves+Aves)-(Aves+Aves+Aves+Aves+Aves+Aves+Aves+Aves+Aves+Aves+Aves+Aves+Aves+Aves+Aves+Aves+Aves+Aves),0.14124640628368137,530.0162774330626
(Black Swan+Mute Swan+Bar-Headed Goose+Swan Goose+Eastern Spot-Billed Duck+Mallard+Golden Pheasant+Common Pheasant)-(Common Cuckoo+Great Bustard+Brown Falcon+Merlin+White Or Black-Backed Wagtail+Zebra Finch+Kakapo+California Condor+Lammergeier+Steller'S Sea Eagle+Barn Owl+Oriental Scops Owl+Rock Pigeon+European Golden-Plover+Atlantic Puffin+Razorbill+Ruff+Eurasian Coot+Royal Penguin+Emperor Penguin),(Cygnus atratus+Cygnus olor+Anser indicus+Anser cygnoides+Anas zonorhyncha+Anas platyrhynchos+Chrysolophus pictus+Phasianus colchicus)-(Cuculus canorus+Otis tarda+Falco berigora+Falco columbarius+Motacilla alba alba+Taeniopygia guttata+Strigops habroptila+Gymnogyps californianus+Gypaetus barbatus+Haliaeetus pelagicus+Tyto alba+Otus sunia+Columba livia+Pluvialis apricaria+Fratercula arctica+Alca torda+Calidris pugnax+Fulica atra+Eudyptes schlegeli+Aptenodytes forsteri),(Aves+Aves+Aves+Aves+Aves+Aves+Aves+Aves)-(Aves+Aves+Aves+Aves+Aves+Aves+Aves+Aves+Aves+Aves+Aves+Aves+Aves+Aves+Aves+Aves+Aves+Aves+Aves+Aves),0.3088141540169841,945.1677546232376
(Ostrich+Okarito Kiwi+Southern Cassowary)-(Black Swan+Mute Swan+Bar-Headed Goose+Swan Goose+Eastern Spot-Billed Duck+Mallard+Golden Pheasant+Common Pheasant+Common Cuckoo+Great Bustard+Brown Falcon+Merlin+White Or Black-Backed Wagtail+Zebra Finch+Kakapo+California Condor+Lammergeier+Steller'S Sea Eagle+Barn Owl+Oriental Scops Owl+Rock Pigeon+European Golden-Plover+Atlantic Puffin+Razorbill+Ruff+Eurasian Coot+Royal Penguin+Emperor Penguin),(Struthio camelus australis+Apteryx rowi+Casuarius casuarius)-(Cygnus atratus+Cygnus olor+Anser indicus+Anser cygnoides+Anas zonorhyncha+Anas platyrhynchos+Chrysolophus pictus+Phasianus colchicus+Cuculus canorus+Otis tarda+Falco berigora+Falco columbarius+Motacilla alba alba+Taeniopygia guttata+Strigops habroptila+Gymnogyps californianus+Gypaetus barbatus+Haliaeetus pelagicus+Tyto alba+Otus sunia+Columba livia+Pluvialis apricaria+Fratercula arctica+Alca torda+Calidris pugnax+Fulica atra+Eudyptes schlegeli+Aptenodytes forsteri),(Aves+Aves+Aves)-(Aves+Aves+Aves+Aves+Aves+Aves+Aves+Aves+Aves+Aves+Aves+Aves+Aves+Aves+Aves+Aves+Aves+Aves+Aves+Aves+Aves+Aves+Aves+Aves+Aves+Aves+Aves+Aves),0.25429807582125086,460.4694884011672
(Ostrich+Okarito Kiwi+Southern Cassowary+Black Swan+Mute Swan+Bar-Headed Goose+Swan Goose+Eastern Spot-Billed Duck+Mallard+Golden Pheasant+Common Pheasant+Common Cuckoo+Great Bustard+Brown Falcon+Merlin+White Or Black-Backed Wagtail+Zebra Finch+Kakapo+California Condor+Lammergeier+Steller'S Sea Eagle+Barn Owl+Oriental Scops Owl+Rock Pigeon+European Golden-Plover+Atlantic Puffin+Razorbill+Ruff+Eurasian Coot+Royal Penguin+Emperor Penguin)-(American Alligator),(Struthio camelus australis+Apteryx rowi+Casuarius casuarius+Cygnus atratus+Cygnus olor+Anser indicus+Anser cygnoides+Anas zonorhyncha+Anas platyrhynchos+Chrysolophus pictus+Phasianus colchicus+Cuculus canorus+Otis tarda+Falco berigora+Falco columbarius+Motacilla alba alba+Taeniopygia guttata+Strigops habroptila+Gymnogyps californianus+Gypaetus barbatus+Haliaeetus pelagicus+Tyto alba+Otus sunia+Columba livia+Pluvialis apricaria+Fratercula arctica+Alca torda+Calidris pugnax+Fulica atra+Eudyptes schlegeli+Aptenodytes forsteri)-(Alligator mississippiensis),(Aves+Aves+Aves+Aves+Aves+Aves+Aves+Aves+Aves+Aves+Aves+Aves+Aves+Aves+Aves+Aves+Aves+Aves+Aves+Aves+Aves+Aves+Aves+Aves+Aves+Aves+Aves+Aves+Aves+Aves+Aves)-(Reptilia),0.6305347909495354,3413.520595054652
(Green Sea Turtle)-(Snapping Turtle),(Chelonia mydas)-(Chelydra serpentina),(Reptilia)-(Reptilia),0.0,28.696130085521983
(Chinese Soft-Shelled Turtle)-(Green Sea Turtle+Snapping Turtle),(Pelodiscus sinensis)-(Chelonia mydas+Chelydra serpentina),(Reptilia)-(Reptilia+Reptilia),0.0,2139.6550397944575
(West African Mud Turtle)-(Chinese Soft-Shelled Turtle+Green Sea Turtle+Snapping Turtle),(Pelusios castaneus)-(Pelodiscus sinensis+Chelonia mydas+Chelydra serpentina),(Reptilia)-(Reptilia+Reptilia+Reptilia),0.0,-586.0772212404609
(Ostrich+Okarito Kiwi+Southern Cassowary+Black Swan+Mute Swan+Bar-Headed Goose+Swan Goose+Eastern Spot-Billed Duck+Mallard+Golden Pheasant+Common Pheasant+Common Cuckoo+Great Bustard+Brown Falcon+Merlin+White Or Black-Backed Wagtail+Zebra Finch+Kakapo+California Condor+Lammergeier+Steller'S Sea Eagle+Barn Owl+Oriental Scops Owl+Rock Pigeon+European Golden-Plover+Atlantic Puffin+Razorbill+Ruff+Eurasian Coot+Royal Penguin+Emperor Penguin+American Alligator)-(West African Mud Turtle+Chinese Soft-Shelled Turtle+Green Sea Turtle+Snapping Turtle),(Struthio camelus australis+Apteryx rowi+Casuarius casuarius+Cygnus atratus+Cygnus olor+Anser indicus+Anser cygnoides+Anas zonorhyncha+Anas platyrhynchos+Chrysolophus pictus+Phasianus colchicus+Cuculus canorus+Otis tarda+Falco berigora+Falco columbarius+Motacilla alba alba+Taeniopygia guttata+Strigops habroptila+Gymnogyps californianus+Gypaetus barbatus+Haliaeetus pelagicus+Tyto alba+Otus sunia+Columba livia+Pluvialis apricaria+Fratercula arctica+Alca torda+Calidris pugnax+Fulica atra+Eudyptes schlegeli+Aptenodytes forsteri+Alligator mississippiensis)-(Pelusios castaneus+Pelodiscus sinensis+Chelonia mydas+Chelydra serpentina),(Aves+Aves+Aves+Aves+Aves+Aves+Aves+Aves+Aves+Aves+Aves+Aves+Aves+Aves+Aves+Aves+Aves+Aves+Aves+Aves+Aves+Aves+Aves+Aves+Aves+Aves+Aves+Aves+Aves+Aves+Aves+Reptilia)-(Reptilia+Reptilia+Reptilia+Reptilia),0.10965501612119134,-2510.9965074514726
(Sand Lizard)-(Common Wall Lizard),(Lacerta agilis)-(Podarcis muralis),(Reptilia)-(Reptilia),0.0,4913.020658437949
(Viviparous (Common) Lizard)-(Sand Lizard+Common Wall Lizard),(Zootoca vivipara)-(Lacerta agilis+Podarcis muralis),(Reptilia)-(Reptilia+Reptilia),-5.399705711530873e-17,7121.9848507721845
(Viviparous (Common) Lizard+Sand Lizard+Common Wall Lizard)-(Argentine Black And White Tegu),(Zootoca vivipara+Lacerta agilis+Podarcis muralis)-(Salvator merianae),(Reptilia+Reptilia+Reptilia)-(Reptilia),0.060095449500223996,-1922.6627275439837
(Central Bearded Dragon)-(Desert Horned Lizard),(Pogona vitticeps)-(Phrynosoma platyrhinos),(Reptilia)-(Reptilia),0.05844057277652305,286.59256889606905
(Chinese Crocodile Lizard)-(Komodo Dragon),(Shinisaurus crocodilurus)-(Varanus komodoensis),(Reptilia)-(Reptilia),-0.06734775777242133,538.4453233905085
(Central Bearded Dragon+Desert Horned Lizard)-(Chinese Crocodile Lizard+Komodo Dragon),(Pogona vitticeps+Phrynosoma platyrhinos)-(Shinisaurus crocodilurus+Varanus komodoensis),(Reptilia+Reptilia)-(Reptilia+Reptilia),3.2561937685442286e-17,25.039792620345224
(Viviparous (Common) Lizard+Sand Lizard+Common Wall Lizard+Argentine Black And White Tegu)-(Central Bearded Dragon+Desert Horned Lizard+Chinese Crocodile Lizard+Komodo Dragon),(Zootoca vivipara+Lacerta agilis+Podarcis muralis+Salvator merianae)-(Pogona vitticeps+Phrynosoma platyrhinos+Shinisaurus crocodilurus+Varanus komodoensis),(Reptilia+Reptilia+Reptilia+Reptilia)-(Reptilia+Reptilia+Reptilia+Reptilia),-0.08062549072282474,-1480.9177937434351
(Viviparous (Common) Lizard+Sand Lizard+Common Wall Lizard+Argentine Black And White Tegu+Central Bearded Dragon+Desert Horned Lizard+Chinese Crocodile Lizard+Komodo Dragon)-(Common Leopard Gecko),(Zootoca vivipara+Lacerta agilis+Podarcis muralis+Salvator merianae+Pogona vitticeps+Phrynosoma platyrhinos+Shinisaurus crocodilurus+Varanus komodoensis)-(Eublepharis macularius),(Reptilia+Reptilia+Reptilia+Reptilia+Reptilia+Reptilia+Reptilia+Reptilia)-(Reptilia),0.007398713490691464,-114.72905055304841
(Regal Horned Lizard)-(Viviparous (Common) Lizard+Sand Lizard+Common Wall Lizard+Argentine Black And White Tegu+Central Bearded Dragon+Desert Horned Lizard+Chinese Crocodile Lizard+Komodo Dragon+Common Leopard Gecko),(Sphenodon punctatus)-(Zootoca vivipara+Lacerta agilis+Podarcis muralis+Salvator merianae+Pogona vitticeps+Phrynosoma platyrhinos+Shinisaurus crocodilurus+Varanus komodoensis+Eublepharis macularius),(Reptilia)-(Reptilia+Reptilia+Reptilia+Reptilia+Reptilia+Reptilia+Reptilia+Reptilia+Reptilia),-0.004844713376690398,81.6737102500332
(Ostrich+Okarito Kiwi+Southern Cassowary+Black Swan+Mute Swan+Bar-Headed Goose+Swan Goose+Eastern Spot-Billed Duck+Mallard+Golden Pheasant+Common Pheasant+Common Cuckoo+Great Bustard+Brown Falcon+Merlin+White Or Black-Backed Wagtail+Zebra Finch+Kakapo+California Condor+Lammergeier+Steller'S Sea Eagle+Barn Owl+Oriental Scops Owl+Rock Pigeon+European Golden-Plover+Atlantic Puffin+Razorbill+Ruff+Eurasian Coot+Royal Penguin+Emperor Penguin+American Alligator+West African Mud Turtle+Chinese Soft-Shelled Turtle+Green Sea Turtle+Snapping Turtle)-(Regal Horned Lizard+Viviparous (Common) Lizard+Sand Lizard+Common Wall Lizard+Argentine Black And White Tegu+Central Bearded Dragon+Desert Horned Lizard+Chinese Crocodile Lizard+Komodo Dragon+Common Leopard Gecko),(Struthio camelus australis+Apteryx rowi+Casuarius casuarius+Cygnus atratus+Cygnus olor+Anser indicus+Anser cygnoides+Anas zonorhyncha+Anas platyrhynchos+Chrysolophus pictus+Phasianus colchicus+Cuculus canorus+Otis tarda+Falco berigora+Falco columbarius+Motacilla alba alba+Taeniopygia guttata+Strigops habroptila+Gymnogyps californianus+Gypaetus barbatus+Haliaeetus pelagicus+Tyto alba+Otus sunia+Columba livia+Pluvialis apricaria+Fratercula arctica+Alca torda+Calidris pugnax+Fulica atra+Eudyptes schlegeli+Aptenodytes forsteri+Alligator mississippiensis+Pelusios castaneus+Pelodiscus sinensis+Chelonia mydas+Chelydra serpentina)-(Sphenodon punctatus+Zootoca vivipara+Lacerta agilis+Podarcis muralis+Salvator merianae+Pogona vitticeps+Phrynosoma platyrhinos+Shinisaurus crocodilurus+Varanus komodoensis+Eublepharis macularius),(Aves+Aves+Aves+Aves+Aves+Aves+Aves+Aves+Aves+Aves+Aves+Aves+Aves+Aves+Aves+Aves+Aves+Aves+Aves+Aves+Aves+Aves+Aves+Aves+Aves+Aves+Aves+Aves+Aves+Aves+Aves+Reptilia+Reptilia+Reptilia+Reptilia+Reptilia)-(Reptilia+Reptilia+Reptilia+Reptilia+Reptilia+Reptilia+Reptilia+Reptilia+Reptilia+Reptilia),0.4304548084093785,-948.89794640744
(Western European Hedgehog+Suricate+Cat+Tiger+Lion+Leopard+Fox+Ermine+American Black Bear+Horse+Alpaca+Two-Humped Camel+Narwhal+Orca+Bottle-Nose Dolphin+North Pacific Minke Whale+Cattle+Goat+Sheep+Wild Boar+Flying Fox+Rabbit+Norway Rat+House Mouse+Guinea Pig+Lemur+Common Marmoset+Gorilla+Human+Chimpanzee+Rhesus Monkey+Pig-Tailed Macaque+African Bush Elephant+Linne'S Two-Toed Sloth+Short-Beaked Echidna+Platypus)-(Ostrich+Okarito Kiwi+Southern Cassowary+Black Swan+Mute Swan+Bar-Headed Goose+Swan Goose+Eastern Spot-Billed Duck+Mallard+Golden Pheasant+Common Pheasant+Common Cuckoo+Great Bustard+Brown Falcon+Merlin+White Or Black-Backed Wagtail+Zebra Finch+Kakapo+California Condor+Lammergeier+Steller'S Sea Eagle+Barn Owl+Oriental Scops Owl+Rock Pigeon+European Golden-Plover+Atlantic Puffin+Razorbill+Ruff+Eurasian Coot+Royal Penguin+Emperor Penguin+American Alligator+West African Mud Turtle+Chinese Soft-Shelled Turtle+Green Sea Turtle+Snapping Turtle+Regal Horned Lizard+Viviparous (Common) Lizard+Sand Lizard+Common Wall Lizard+Argentine Black And White Tegu+Central Bearded Dragon+Desert Horned Lizard+Chinese Crocodile Lizard+Komodo Dragon+Common Leopard Gecko),(Erinaceus europaeus+Suricata suricatta+Felis catus+Panthera tigris+Panthera leo+Panthera pardus+Vulpes vulpes+Mustela erminea+Ursus americanus+Equus caballus+Vicugna pacos+Camelus ferus+Monodon monoceros+Orcinus orca+Tursiops truncatus+Balaenoptera acutorostrata scammoni+Bos taurus+Capra hircus+Ovis aries+Sus scrofa+Pteropus vampyrus+Oryctolagus cuniculus+Rattus norvegicus+Mus musculus+Cavia porcellus+Lemur catta+Callithrix jacchus+Gorilla gorilla+Homo sapiens+Pan troglodytes+Macaca mulatta+Macaca nemestrina+Loxodonta africana+Choloepus didactylus+Tachyglossus aculeatus+Ornithorhynchus anatinus)-(Struthio camelus australis+Apteryx rowi+Casuarius casuarius+Cygnus atratus+Cygnus olor+Anser indicus+Anser cygnoides+Anas zonorhyncha+Anas platyrhynchos+Chrysolophus pictus+Phasianus colchicus+Cuculus canorus+Otis tarda+Falco berigora+Falco columbarius+Motacilla alba alba+Taeniopygia guttata+Strigops habroptila+Gymnogyps californianus+Gypaetus barbatus+Haliaeetus pelagicus+Tyto alba+Otus sunia+Columba livia+Pluvialis apricaria+Fratercula arctica+Alca torda+Calidris pugnax+Fulica atra+Eudyptes schlegeli+Aptenodytes forsteri+Alligator mississippiensis+Pelusios castaneus+Pelodiscus sinensis+Chelonia mydas+Chelydra serpentina+Sphenodon punctatus+Zootoca vivipara+Lacerta agilis+Podarcis muralis+Salvator merianae+Pogona vitticeps+Phrynosoma platyrhinos+Shinisaurus crocodilurus+Varanus komodoensis+Eublepharis macularius),(Mammalia+Mammalia+Mammalia+Mammalia+Mammalia+Mammalia+Mammalia+Mammalia+Mammalia+Mammalia+Mammalia+Mammalia+Mammalia+Mammalia+Mammalia+Mammalia+Mammalia+Mammalia+Mammalia+Mammalia+Mammalia+Mammalia+Mammalia+Mammalia+Mammalia+Mammalia+Mammalia+Mammalia+Mammalia+Mammalia+Mammalia+Mammalia+Mammalia+Mammalia+Mammalia+Mammalia)-(Aves+Aves+Aves+Aves+Aves+Aves+Aves+Aves+Aves+Aves+Aves+Aves+Aves+Aves+Aves+Aves+Aves+Aves+Aves+Aves+Aves+Aves+Aves+Aves+Aves+Aves+Aves+Aves+Aves+Aves+Aves+Reptilia+Reptilia+Reptilia+Reptilia+Reptilia+Reptilia+Reptilia+Reptilia+Reptilia+Reptilia+Reptilia+Reptilia+Reptilia+Reptilia+Reptilia),0.034599640769873444,48.450353892799484
(Axolotl+Iberian Ribbed Newt+Common Toad+Asiatic Toad+Common Frog+African Clawed Frog+Western Clawed Frog+European Fire-Bellied Toad+Painted Frog+Two-Lined Caecilian+Gaboon Caecilian+Tiny Cayenne Caecilian)-(Western European Hedgehog+Suricate+Cat+Tiger+Lion+Leopard+Fox+Ermine+American Black Bear+Horse+Alpaca+Two-Humped Camel+Narwhal+Orca+Bottle-Nose Dolphin+North Pacific Minke Whale+Cattle+Goat+Sheep+Wild Boar+Flying Fox+Rabbit+Norway Rat+House Mouse+Guinea Pig+Lemur+Common Marmoset+Gorilla+Human+Chimpanzee+Rhesus Monkey+Pig-Tailed Macaque+African Bush Elephant+Linne'S Two-Toed Sloth+Short-Beaked Echidna+Platypus+Ostrich+Okarito Kiwi+Southern Cassowary+Black Swan+Mute Swan+Bar-Headed Goose+Swan Goose+Eastern Spot-Billed Duck+Mallard+Golden Pheasant+Common Pheasant+Common Cuckoo+Great Bustard+Brown Falcon+Merlin+White Or Black-Backed Wagtail+Zebra Finch+Kakapo+California Condor+Lammergeier+Steller'S Sea Eagle+Barn Owl+Oriental Scops Owl+Rock Pigeon+European Golden-Plover+Atlantic Puffin+Razorbill+Ruff+Eurasian Coot+Royal Penguin+Emperor Penguin+American Alligator+West African Mud Turtle+Chinese Soft-Shelled Turtle+Green Sea Turtle+Snapping Turtle+Regal Horned Lizard+Viviparous (Common) Lizard+Sand Lizard+Common Wall Lizard+Argentine Black And White Tegu+Central Bearded Dragon+Desert Horned Lizard+Chinese Crocodile Lizard+Komodo Dragon+Common Leopard Gecko),(Ambystoma mexicanum+Pleurodeles waltl+Bufo bufo+Bufo gargarizans+Rana temporaria+Xenopus laevis+Xenopus tropicalis+Bombina bombina+Discoglossus pictus+Rhinatrema bivittatum+Geotrypetes seraphini+Microcaecilia unicolor)-(Erinaceus europaeus+Suricata suricatta+Felis catus+Panthera tigris+Panthera leo+Panthera pardus+Vulpes vulpes+Mustela erminea+Ursus americanus+Equus caballus+Vicugna pacos+Camelus ferus+Monodon monoceros+Orcinus orca+Tursiops truncatus+Balaenoptera acutorostrata scammoni+Bos taurus+Capra hircus+Ovis aries+Sus scrofa+Pteropus vampyrus+Oryctolagus cuniculus+Rattus norvegicus+Mus musculus+Cavia porcellus+Lemur catta+Callithrix jacchus+Gorilla gorilla+Homo sapiens+Pan troglodytes+Macaca mulatta+Macaca nemestrina+Loxodonta africana+Choloepus didactylus+Tachyglossus aculeatus+Ornithorhynchus anatinus+Struthio camelus australis+Apteryx rowi+Casuarius casuarius+Cygnus atratus+Cygnus olor+Anser indicus+Anser cygnoides+Anas zonorhyncha+Anas platyrhynchos+Chrysolophus pictus+Phasianus colchicus+Cuculus canorus+Otis tarda+Falco berigora+Falco columbarius+Motacilla alba alba+Taeniopygia guttata+Strigops habroptila+Gymnogyps californianus+Gypaetus barbatus+Haliaeetus pelagicus+Tyto alba+Otus sunia+Columba livia+Pluvialis apricaria+Fratercula arctica+Alca torda+Calidris pugnax+Fulica atra+Eudyptes schlegeli+Aptenodytes forsteri+Alligator mississippiensis+Pelusios castaneus+Pelodiscus sinensis+Chelonia mydas+Chelydra serpentina+Sphenodon punctatus+Zootoca vivipara+Lacerta agilis+Podarcis muralis+Salvator merianae+Pogona vitticeps+Phrynosoma platyrhinos+Shinisaurus crocodilurus+Varanus komodoensis+Eublepharis macularius),(Amphibia+Amphibia+Amphibia+Amphibia+Amphibia+Amphibia+Amphibia+Amphibia+Amphibia+Amphibia+Amphibia+Amphibia)-(Mammalia+Mammalia+Mammalia+Mammalia+Mammalia+Mammalia+Mammalia+Mammalia+Mammalia+Mammalia+Mammalia+Mammalia+Mammalia+Mammalia+Mammalia+Mammalia+Mammalia+Mammalia+Mammalia+Mammalia+Mammalia+Mammalia+Mammalia+Mammalia+Mammalia+Mammalia+Mammalia+Mammalia+Mammalia+Mammalia+Mammalia+Mammalia+Mammalia+Mammalia+Mammalia+Mammalia+Aves+Aves+Aves+Aves+Aves+Aves+Aves+Aves+Aves+Aves+Aves+Aves+Aves+Aves+Aves+Aves+Aves+Aves+Aves+Aves+Aves+Aves+Aves+Aves+Aves+Aves+Aves+Aves+Aves+Aves+Aves+Reptilia+Reptilia+Reptilia+Reptilia+Reptilia+Reptilia+Reptilia+Reptilia+Reptilia+Reptilia+Reptilia+Reptilia+Reptilia+Reptilia+Reptilia),-0.3978359121020365,3518.7049529647993
