Common Name,Species,Class,Caudal,A10
(Fox)-(Ermine),(Vulpes vulpes)-(Mustela erminea),(Mammalia)-(Mammalia),0.4211693151426613,183.103359758272
(Lion)-(Leopard),(Panthera leo)-(Panthera pardus),(Mammalia)-(Mammalia),0.0,-1733.9983186032562
(Cat)-(Lion+Leopard),(Felis catus)-(Panthera leo+Panthera pardus),(Mammalia)-(Mammalia+Mammalia),-0.2115419992637557,-140.14657451223775
(Fox+Ermine)-(Cat+Lion+Leopard),(Vulpes vulpes+Mustela erminea)-(Felis catus+Panthera leo+Panthera pardus),(Mammalia+Mammalia)-(Mammalia+Mammalia+Mammalia),-0.2800395510366502,-847.6741438840156
(Fox+Ermine+Cat+Lion+Leopard)-(Horse),(Vulpes vulpes+Mustela erminea+Felis catus+Panthera leo+Panthera pardus)-(Equus caballus),(Mammalia+Mammalia+Mammalia+Mammalia+Mammalia)-(Mammalia),0.37812338095830605,-386.96112250220136
(North Pacific Minke Whale)-(Cattle),(Balaenoptera acutorostrata scammoni)-(Bos taurus),(Mammalia)-(Mammalia),-0.15813016195125554,1281.50543600144
(North Pacific Minke Whale+Cattle)-(Wild Boar),(Balaenoptera acutorostrata scammoni+Bos taurus)-(Sus scrofa),(Mammalia+Mammalia)-(Mammalia),-0.13865950432003415,746.5530423334573
(North Pacific Minke Whale+Cattle+Wild Boar)-(Alpaca),(Balaenoptera acutorostrata scammoni+Bos taurus+Sus scrofa)-(Vicugna pacos),(Mammalia+Mammalia+Mammalia)-(Mammalia),0.9206302144662366,498.3835681071747
(Fox+Ermine+Cat+Lion+Leopard+Horse)-(North Pacific Minke Whale+Cattle+Wild Boar+Alpaca),(Vulpes vulpes+Mustela erminea+Felis catus+Panthera leo+Panthera pardus+Equus caballus)-(Balaenoptera acutorostrata scammoni+Bos taurus+Sus scrofa+Vicugna pacos),(Mammalia+Mammalia+Mammalia+Mammalia+Mammalia+Mammalia)-(Mammalia+Mammalia+Mammalia+Mammalia),0.17980333068150997,992.4438784591603
(Western European Hedgehog)-(Fox+Ermine+Cat+Lion+Leopard+Horse+North Pacific Minke Whale+Cattle+Wild Boar+Alpaca),(Erinaceus europaeus)-(Vulpes vulpes+Mustela erminea+Felis catus+Panthera leo+Panthera pardus+Equus caballus+Balaenoptera acutorostrata scammoni+Bos taurus+Sus scrofa+Vicugna pacos),(Mammalia)-(Mammalia+Mammalia+Mammalia+Mammalia+Mammalia+Mammalia+Mammalia+Mammalia+Mammalia+Mammalia),-0.6173186708074239,-25.403603614096752
(Guinea Pig)-(House Mouse),(Cavia porcellus)-(Mus musculus),(Mammalia)-(Mammalia),-2.0779918684157073,88.20863441438105
(Rabbit)-(Guinea Pig+House Mouse),(Oryctolagus cuniculus)-(Cavia porcellus+Mus musculus),(Mammalia)-(Mammalia+Mammalia),-0.705882161822247,-138.79660175769743
(Rhesus Monkey)-(Pig-Tailed Macaque),(Macaca mulatta)-(Macaca nemestrina),(Mammalia)-(Mammalia),-0.722229712050665,-4829.9111993388215
(Human)-(Chimpanzee),(Homo sapiens)-(Pan troglodytes),(Mammalia)-(Mammalia),0.6207711542669869,-46.557836570024016
(Rhesus Monkey+Pig-Tailed Macaque)-(Human+Chimpanzee),(Macaca mulatta+Macaca nemestrina)-(Homo sapiens+Pan troglodytes),(Mammalia+Mammalia)-(Mammalia+Mammalia),1.7879038796381774,-1069.491412140971
(Common Marmoset)-(Rhesus Monkey+Pig-Tailed Macaque+Human+Chimpanzee),(Callithrix jacchus)-(Macaca mulatta+Macaca nemestrina+Homo sapiens+Pan troglodytes),(Mammalia)-(Mammalia+Mammalia+Mammalia+Mammalia),1.1631124553261656,-1052.2950721171321
(Rabbit+Guinea Pig+House Mouse)-(Common Marmoset+Rhesus Monkey+Pig-Tailed Macaque+Human+Chimpanzee),(Oryctolagus cuniculus+Cavia porcellus+Mus musculus)-(Callithrix jacchus+Macaca mulatta+Macaca nemestrina+Homo sapiens+Pan troglodytes),(Mammalia+Mammalia+Mammalia)-(Mammalia+Mammalia+Mammalia+Mammalia+Mammalia),0.203272476557369,710.4791770860489
(Western European Hedgehog+Fox+Ermine+Cat+Lion+Leopard+Horse+North Pacific Minke Whale+Cattle+Wild Boar+Alpaca)-(Rabbit+Guinea Pig+House Mouse+Common Marmoset+Rhesus Monkey+Pig-Tailed Macaque+Human+Chimpanzee),(Erinaceus europaeus+Vulpes vulpes+Mustela erminea+Felis catus+Panthera leo+Panthera pardus+Equus caballus+Balaenoptera acutorostrata scammoni+Bos taurus+Sus scrofa+Vicugna pacos)-(Oryctolagus cuniculus+Cavia porcellus+Mus musculus+Callithrix jacchus+Macaca mulatta+Macaca nemestrina+Homo sapiens+Pan troglodytes),(Mammalia+Mammalia+Mammalia+Mammalia+Mammalia+Mammalia+Mammalia+Mammalia+Mammalia+Mammalia+Mammalia)-(Mammalia+Mammalia+Mammalia+Mammalia+Mammalia+Mammalia+Mammalia+Mammalia),0.43769307212054187,-443.93516323736344
(African Bush Elephant)-(Linne'S Two-Toed Sloth),(Loxodonta africana)-(Choloepus didactylus),(Mammalia)-(Mammalia),1.1498051245456848,-367.29087447206217
(Western European Hedgehog+Fox+Ermine+Cat+Lion+Leopard+Horse+North Pacific Minke Whale+Cattle+Wild Boar+Alpaca+Rabbit+Guinea Pig+House Mouse+Common Marmoset+Rhesus Monkey+Pig-Tailed Macaque+Human+Chimpanzee)-(African Bush Elephant+Linne'S Two-Toed Sloth),(Erinaceus europaeus+Vulpes vulpes+Mustela erminea+Felis catus+Panthera leo+Panthera pardus+Equus caballus+Balaenoptera acutorostrata scammoni+Bos taurus+Sus scrofa+Vicugna pacos+Oryctolagus cuniculus+Cavia porcellus+Mus musculus+Callithrix jacchus+Macaca mulatta+Macaca nemestrina+Homo sapiens+Pan troglodytes)-(Loxodonta africana+Choloepus didactylus),(Mammalia+Mammalia+Mammalia+Mammalia+Mammalia+Mammalia+Mammalia+Mammalia+Mammalia+Mammalia+Mammalia+Mammalia+Mammalia+Mammalia+Mammalia+Mammalia+Mammalia+Mammalia+Mammalia)-(Mammalia+Mammalia),0.47875698876668565,-42.86231876822782
(Short-Beaked Echidna)-(Platypus),(Tachyglossus aculeatus)-(Ornithorhynchus anatinus),(Mammalia)-(Mammalia),-0.8275314991313601,899.423298118397
(Western European Hedgehog+Fox+Ermine+Cat+Lion+Leopard+Horse+North Pacific Minke Whale+Cattle+Wild Boar+Alpaca+Rabbit+Guinea Pig+House Mouse+Common Marmoset+Rhesus Monkey+Pig-Tailed Macaque+Human+Chimpanzee+African Bush Elephant+Linne'S Two-Toed Sloth)-(Short-Beaked Echidna+Platypus),(Erinaceus europaeus+Vulpes vulpes+Mustela erminea+Felis catus+Panthera leo+Panthera pardus+Equus caballus+Balaenoptera acutorostrata scammoni+Bos taurus+Sus scrofa+Vicugna pacos+Oryctolagus cuniculus+Cavia porcellus+Mus musculus+Callithrix jacchus+Macaca mulatta+Macaca nemestrina+Homo sapiens+Pan troglodytes+Loxodonta africana+Choloepus didactylus)-(Tachyglossus aculeatus+Ornithorhynchus anatinus),(Mammalia+Mammalia+Mammalia+Mammalia+Mammalia+Mammalia+Mammalia+Mammalia+Mammalia+Mammalia+Mammalia+Mammalia+Mammalia+Mammalia+Mammalia+Mammalia+Mammalia+Mammalia+Mammalia+Mammalia+Mammalia)-(Mammalia+Mammalia),-0.06900271380535775,-104.67783925256114
(Golden Pheasant)-(Common Pheasant),(Chrysolophus pictus)-(Phasianus colchicus),(Aves)-(Aves),-0.19253189751253447,-1176.9474894941231
(Chicken)-(Golden Pheasant+Common Pheasant),(Gallus gallus)-(Chrysolophus pictus+Phasianus colchicus),(Aves)-(Aves+Aves),0.06204550654002743,1584.3320094996002
(Black Swan)-(Mute Swan),(Cygnus atratus)-(Cygnus olor),(Aves)-(Aves),-0.7071067811865475,10.606601717798211
(Bar-Headed Goose)-(Swan Goose),(Anser indicus)-(Anser cygnoides),(Aves)-(Aves),-0.3434200392942413,-3414.282030663347
(Black Swan+Mute Swan)-(Bar-Headed Goose+Swan Goose),(Cygnus atratus+Cygnus olor)-(Anser indicus+Anser cygnoides),(Aves+Aves)-(Aves+Aves),0.47709147802920593,688.6815485351588
(Eastern Spot-Billed Duck)-(Mallard),(Anas zonorhyncha)-(Anas platyrhynchos),(Aves)-(Aves),-0.09947787782771403,1955.7350780928577
(Black Swan+Mute Swan+Bar-Headed Goose+Swan Goose)-(Eastern Spot-Billed Duck+Mallard),(Cygnus atratus+Cygnus olor+Anser indicus+Anser cygnoides)-(Anas zonorhyncha+Anas platyrhynchos),(Aves+Aves+Aves+Aves)-(Aves+Aves),0.0934063330501808,313.6174319743382
(Chicken+Golden Pheasant+Common Pheasant)-(Black Swan+Mute Swan+Bar-Headed Goose+Swan Goose+Eastern Spot-Billed Duck+Mallard),(Gallus gallus+Chrysolophus pictus+Phasianus colchicus)-(Cygnus atratus+Cygnus olor+Anser indicus+Anser cygnoides+Anas zonorhyncha+Anas platyrhynchos),(Aves+Aves+Aves)-(Aves+Aves+Aves+Aves+Aves+Aves),-0.07958454331932754,396.4775830813029
(Steller'S Sea Eagle)-(Oriental Scops Owl),(Haliaeetus pelagicus)-(Otus sunia),(Aves)-(Aves),0.16852815890835982,-3.117770939804657
(Barn Swallow)-(White Or Black-Backed Wagtail),(Hirundo rustica)-(Motacilla alba alba),(Aves)-(Aves),0.0,-2056.6239337529664
(Kakapo)-(Budgerigar),(Strigops habroptila)-(Melopsittacus undulatus),(Aves)-(Aves),0.10862264133160876,2390.2412225020507
(Barn Swallow+White Or Black-Backed Wagtail)-(Kakapo+Budgerigar),(Hirundo rustica+Motacilla alba alba)-(Strigops habroptila+Melopsittacus undulatus),(Aves+Aves)-(Aves+Aves),-0.05046723227279391,-349.2837145600053
(Steller'S Sea Eagle+Oriental Scops Owl)-(Barn Swallow+White Or Black-Backed Wagtail+Kakapo+Budgerigar),(Haliaeetus pelagicus+Otus sunia)-(Hirundo rustica+Motacilla alba alba+Strigops habroptila+Melopsittacus undulatus),(Aves+Aves)-(Aves+Aves+Aves+Aves),0.09110658385083513,-1234.9105934725865
(Eurasian Woodcock)-(Common Snipe),(Scolopax rusticola)-(Gallinago gallinago),(Aves)-(Aves),0.12447236361031917,-58.75095562407065
(Ruff)-(Eurasian Woodcock+Common Snipe),(Calidris pugnax)-(Scolopax rusticola+Gallinago gallinago),(Aves)-(Aves+Aves),0.11901201437984636,-3164.886498403257
(Common Tern)-(Razorbill),(Sterna hirundo)-(Alca torda),(Aves)-(Aves),0.0,-8.26819564834804
(Common Murre)-(Common Tern+Razorbill),(Uria aalge)-(Sterna hirundo+Alca torda),(Aves)-(Aves+Aves),0.0,-291.80928712956165
(Atlantic Puffin)-(Common Murre+Common Tern+Razorbill),(Fratercula arctica)-(Uria aalge+Sterna hirundo+Alca torda),(Aves)-(Aves+Aves+Aves),-0.058394228611506026,117.71415466610071
(Ruff+Eurasian Woodcock+Common Snipe)-(Atlantic Puffin+Common Murre+Common Tern+Razorbill),(Calidris pugnax+Scolopax rusticola+Gallinago gallinago)-(Fratercula arctica+Uria aalge+Sterna hirundo+Alca torda),(Aves+Aves+Aves)-(Aves+Aves+Aves+Aves),-0.051913298363247214,-1268.4236783611295
(European Golden-Plover)-(Ruff+Eurasian Woodcock+Common Snipe+Atlantic Puffin+Common Murre+Common Tern+Razorbill),(Pluvialis apricaria)-(Calidris pugnax+Scolopax rusticola+Gallinago gallinago+Fratercula arctica+Uria aalge+Sterna hirundo+Alca torda),(Aves)-(Aves+Aves+Aves+Aves+Aves+Aves+Aves),0.037740281656618635,594.9584898355481
(Royal Penguin)-(Emperor Penguin),(Eudyptes schlegeli)-(Aptenodytes forsteri),(Aves)-(Aves),-0.3130826036024199,-2518.4364633778655
(Royal Penguin+Emperor Penguin)-(White Stork),(Eudyptes schlegeli+Aptenodytes forsteri)-(Ciconia ciconia),(Aves+Aves)-(Aves),0.0893225948848183,271.9873014242717
(Eurasian Coot)-(Royal Penguin+Emperor Penguin+White Stork),(Fulica atra)-(Eudyptes schlegeli+Aptenodytes forsteri+Ciconia ciconia),(Aves)-(Aves+Aves+Aves),-0.004007330366172283,-585.0204391478524
(European Golden-Plover+Ruff+Eurasian Woodcock+Common Snipe+Atlantic Puffin+Common Murre+Common Tern+Razorbill)-(Eurasian Coot+Royal Penguin+Emperor Penguin+White Stork),(Pluvialis apricaria+Calidris pugnax+Scolopax rusticola+Gallinago gallinago+Fratercula arctica+Uria aalge+Sterna hirundo+Alca torda)-(Fulica atra+Eudyptes schlegeli+Aptenodytes forsteri+Ciconia ciconia),(Aves+Aves+Aves+Aves+Aves+Aves+Aves+Aves)-(Aves+Aves+Aves+Aves),0.18547012729869108,-363.0813855543987
(Steller'S Sea Eagle+Oriental Scops Owl+Barn Swallow+White Or Black-Backed Wagtail+Kakapo+Budgerigar)-(European Golden-Plover+Ruff+Eurasian Woodcock+Common Snipe+Atlantic Puffin+Common Murre+Common Tern+Razorbill+Eurasian Coot+Royal Penguin+Emperor Penguin+White Stork),(Haliaeetus pelagicus+Otus sunia+Hirundo rustica+Motacilla alba alba+Strigops habroptila+Melopsittacus undulatus)-(Pluvialis apricaria+Calidris pugnax+Scolopax rusticola+Gallinago gallinago+Fratercula arctica+Uria aalge+Sterna hirundo+Alca torda+Fulica atra+Eudyptes schlegeli+Aptenodytes forsteri+Ciconia ciconia),(Aves+Aves+Aves+Aves+Aves+Aves)-(Aves+Aves+Aves+Aves+Aves+Aves+Aves+Aves+Aves+Aves+Aves+Aves),-0.11008031543208029,327.53309418111564
(Chicken+Golden Pheasant+Common Pheasant+Black Swan+Mute Swan+Bar-Headed Goose+Swan Goose+Eastern Spot-Billed Duck+Mallard)-(Steller'S Sea Eagle+Oriental Scops Owl+Barn Swallow+White Or Black-Backed Wagtail+Kakapo+Budgerigar+European Golden-Plover+Ruff+Eurasian Woodcock+Common Snipe+Atlantic Puffin+Common Murre+Common Tern+Razorbill+Eurasian Coot+Royal Penguin+Emperor Penguin+White Stork),(Gallus gallus+Chrysolophus pictus+Phasianus colchicus+Cygnus atratus+Cygnus olor+Anser indicus+Anser cygnoides+Anas zonorhyncha+Anas platyrhynchos)-(Haliaeetus pelagicus+Otus sunia+Hirundo rustica+Motacilla alba alba+Strigops habroptila+Melopsittacus undulatus+Pluvialis apricaria+Calidris pugnax+Scolopax rusticola+Gallinago gallinago+Fratercula arctica+Uria aalge+Sterna hirundo+Alca torda+Fulica atra+Eudyptes schlegeli+Aptenodytes forsteri+Ciconia ciconia),(Aves+Aves+Aves+Aves+Aves+Aves+Aves+Aves+Aves)-(Aves+Aves+Aves+Aves+Aves+Aves+Aves+Aves+Aves+Aves+Aves+Aves+Aves+Aves+Aves+Aves+Aves+Aves),-0.1026939774046224,138.80931504389343
(Chicken+Golden Pheasant+Common Pheasant+Black Swan+Mute Swan+Bar-Headed Goose+Swan Goose+Eastern Spot-Billed Duck+Mallard+Steller'S Sea Eagle+Oriental Scops Owl+Barn Swallow+White Or Black-Backed Wagtail+Kakapo+Budgerigar+European Golden-Plover+Ruff+Eurasian Woodcock+Common Snipe+Atlantic Puffin+Common Murre+Common Tern+Razorbill+Eurasian Coot+Royal Penguin+Emperor Penguin+White Stork)-(Emu),(Gallus gallus+Chrysolophus pictus+Phasianus colchicus+Cygnus atratus+Cygnus olor+Anser indicus+Anser cygnoides+Anas zonorhyncha+Anas platyrhynchos+Haliaeetus pelagicus+Otus sunia+Hirundo rustica+Motacilla alba alba+Strigops habroptila+Melopsittacus undulatus+Pluvialis apricaria+Calidris pugnax+Scolopax rusticola+Gallinago gallinago+Fratercula arctica+Uria aalge+Sterna hirundo+Alca torda+Fulica atra+Eudyptes schlegeli+Aptenodytes forsteri+Ciconia ciconia)-(Dromaius novaehollandiae),(Aves+Aves+Aves+Aves+Aves+Aves+Aves+Aves+Aves+Aves+Aves+Aves+Aves+Aves+Aves+Aves+Aves+Aves+Aves+Aves+Aves+Aves+Aves+Aves+Aves+Aves+Aves)-(Aves),-0.02714490940162815,-162.4473252121486
(Chicken+Golden Pheasant+Common Pheasant+Black Swan+Mute Swan+Bar-Headed Goose+Swan Goose+Eastern Spot-Billed Duck+Mallard+Steller'S Sea Eagle+Oriental Scops Owl+Barn Swallow+White Or Black-Backed Wagtail+Kakapo+Budgerigar+European Golden-Plover+Ruff+Eurasian Woodcock+Common Snipe+Atlantic Puffin+Common Murre+Common Tern+Razorbill+Eurasian Coot+Royal Penguin+Emperor Penguin+White Stork+Emu)-(American Alligator),(Gallus gallus+Chrysolophus pictus+Phasianus colchicus+Cygnus atratus+Cygnus olor+Anser indicus+Anser cygnoides+Anas zonorhyncha+Anas platyrhynchos+Haliaeetus pelagicus+Otus sunia+Hirundo rustica+Motacilla alba alba+Strigops habroptila+Melopsittacus undulatus+Pluvialis apricaria+Calidris pugnax+Scolopax rusticola+Gallinago gallinago+Fratercula arctica+Uria aalge+Sterna hirundo+Alca torda+Fulica atra+Eudyptes schlegeli+Aptenodytes forsteri+Ciconia ciconia+Dromaius novaehollandiae)-(Alligator mississippiensis),(Aves+Aves+Aves+Aves+Aves+Aves+Aves+Aves+Aves+Aves+Aves+Aves+Aves+Aves+Aves+Aves+Aves+Aves+Aves+Aves+Aves+Aves+Aves+Aves+Aves+Aves+Aves+Aves)-(Reptilia),-1.599865983790252,-88.80809603203402
(Green Sea Turtle)-(Snapping Turtle),(Chelonia mydas)-(Chelydra serpentina),(Reptilia)-(Reptilia),-1.150552385504419,-475.1104556612366
(Chinese Soft-Shelled Turtle)-(Green Sea Turtle+Snapping Turtle),(Pelodiscus sinensis)-(Chelonia mydas+Chelydra serpentina),(Reptilia)-(Reptilia+Reptilia),-0.8436207873890481,346.4081495251305
(West African Mud Turtle)-(Chinese Soft-Shelled Turtle+Green Sea Turtle+Snapping Turtle),(Pelusios castaneus)-(Pelodiscus sinensis+Chelonia mydas+Chelydra serpentina),(Reptilia)-(Reptilia+Reptilia+Reptilia),-0.3818077130707006,-11.704384950527889
(Chicken+Golden Pheasant+Common Pheasant+Black Swan+Mute Swan+Bar-Headed Goose+Swan Goose+Eastern Spot-Billed Duck+Mallard+Steller'S Sea Eagle+Oriental Scops Owl+Barn Swallow+White Or Black-Backed Wagtail+Kakapo+Budgerigar+European Golden-Plover+Ruff+Eurasian Woodcock+Common Snipe+Atlantic Puffin+Common Murre+Common Tern+Razorbill+Eurasian Coot+Royal Penguin+Emperor Penguin+White Stork+Emu+American Alligator)-(West African Mud Turtle+Chinese Soft-Shelled Turtle+Green Sea Turtle+Snapping Turtle),(Gallus gallus+Chrysolophus pictus+Phasianus colchicus+Cygnus atratus+Cygnus olor+Anser indicus+Anser cygnoides+Anas zonorhyncha+Anas platyrhynchos+Haliaeetus pelagicus+Otus sunia+Hirundo rustica+Motacilla alba alba+Strigops habroptila+Melopsittacus undulatus+Pluvialis apricaria+Calidris pugnax+Scolopax rusticola+Gallinago gallinago+Fratercula arctica+Uria aalge+Sterna hirundo+Alca torda+Fulica atra+Eudyptes schlegeli+Aptenodytes forsteri+Ciconia ciconia+Dromaius novaehollandiae+Alligator mississippiensis)-(Pelusios castaneus+Pelodiscus sinensis+Chelonia mydas+Chelydra serpentina),(Aves+Aves+Aves+Aves+Aves+Aves+Aves+Aves+Aves+Aves+Aves+Aves+Aves+Aves+Aves+Aves+Aves+Aves+Aves+Aves+Aves+Aves+Aves+Aves+Aves+Aves+Aves+Aves+Reptilia)-(Reptilia+Reptilia+Reptilia+Reptilia),0.008488517081071659,89.9524241826181
(Desert Horned Lizard)-(Chinese Crocodile Lizard),(Phrynosoma platyrhinos)-(Shinisaurus crocodilurus),(Reptilia)-(Reptilia),-1.6921331292435353,-293.97992898724357
(Regal Horned Lizard)-(Desert Horned Lizard+Chinese Crocodile Lizard),(Sphenodon punctatus)-(Phrynosoma platyrhinos+Shinisaurus crocodilurus),(Reptilia)-(Reptilia+Reptilia),0.09886738935779138,124.91894645356918
(Chicken+Golden Pheasant+Common Pheasant+Black Swan+Mute Swan+Bar-Headed Goose+Swan Goose+Eastern Spot-Billed Duck+Mallard+Steller'S Sea Eagle+Oriental Scops Owl+Barn Swallow+White Or Black-Backed Wagtail+Kakapo+Budgerigar+European Golden-Plover+Ruff+Eurasian Woodcock+Common Snipe+Atlantic Puffin+Common Murre+Common Tern+Razorbill+Eurasian Coot+Royal Penguin+Emperor Penguin+White Stork+Emu+American Alligator+West African Mud Turtle+Chinese Soft-Shelled Turtle+Green Sea Turtle+Snapping Turtle)-(Regal Horned Lizard+Desert Horned Lizard+Chinese Crocodile Lizard),(Gallus gallus+Chrysolophus pictus+Phasianus colchicus+Cygnus atratus+Cygnus olor+Anser indicus+Anser cygnoides+Anas zonorhyncha+Anas platyrhynchos+Haliaeetus pelagicus+Otus sunia+Hirundo rustica+Motacilla alba alba+Strigops habroptila+Melopsittacus undulatus+Pluvialis apricaria+Calidris pugnax+Scolopax rusticola+Gallinago gallinago+Fratercula arctica+Uria aalge+Sterna hirundo+Alca torda+Fulica atra+Eudyptes schlegeli+Aptenodytes forsteri+Ciconia ciconia+Dromaius novaehollandiae+Alligator mississippiensis+Pelusios castaneus+Pelodiscus sinensis+Chelonia mydas+Chelydra serpentina)-(Sphenodon punctatus+Phrynosoma platyrhinos+Shinisaurus crocodilurus),(Aves+Aves+Aves+Aves+Aves+Aves+Aves+Aves+Aves+Aves+Aves+Aves+Aves+Aves+Aves+Aves+Aves+Aves+Aves+Aves+Aves+Aves+Aves+Aves+Aves+Aves+Aves+Aves+Reptilia+Reptilia+Reptilia+Reptilia+Reptilia)-(Reptilia+Reptilia+Reptilia),-0.6374043716324601,198.8301984309558
(Western European Hedgehog+Fox+Ermine+Cat+Lion+Leopard+Horse+North Pacific Minke Whale+Cattle+Wild Boar+Alpaca+Rabbit+Guinea Pig+House Mouse+Common Marmoset+Rhesus Monkey+Pig-Tailed Macaque+Human+Chimpanzee+African Bush Elephant+Linne'S Two-Toed Sloth+Short-Beaked Echidna+Platypus)-(Chicken+Golden Pheasant+Common Pheasant+Black Swan+Mute Swan+Bar-Headed Goose+Swan Goose+Eastern Spot-Billed Duck+Mallard+Steller'S Sea Eagle+Oriental Scops Owl+Barn Swallow+White Or Black-Backed Wagtail+Kakapo+Budgerigar+European Golden-Plover+Ruff+Eurasian Woodcock+Common Snipe+Atlantic Puffin+Common Murre+Common Tern+Razorbill+Eurasian Coot+Royal Penguin+Emperor Penguin+White Stork+Emu+American Alligator+West African Mud Turtle+Chinese Soft-Shelled Turtle+Green Sea Turtle+Snapping Turtle+Regal Horned Lizard+Desert Horned Lizard+Chinese Crocodile Lizard),(Erinaceus europaeus+Vulpes vulpes+Mustela erminea+Felis catus+Panthera leo+Panthera pardus+Equus caballus+Balaenoptera acutorostrata scammoni+Bos taurus+Sus scrofa+Vicugna pacos+Oryctolagus cuniculus+Cavia porcellus+Mus musculus+Callithrix jacchus+Macaca mulatta+Macaca nemestrina+Homo sapiens+Pan troglodytes+Loxodonta africana+Choloepus didactylus+Tachyglossus aculeatus+Ornithorhynchus anatinus)-(Gallus gallus+Chrysolophus pictus+Phasianus colchicus+Cygnus atratus+Cygnus olor+Anser indicus+Anser cygnoides+Anas zonorhyncha+Anas platyrhynchos+Haliaeetus pelagicus+Otus sunia+Hirundo rustica+Motacilla alba alba+Strigops habroptila+Melopsittacus undulatus+Pluvialis apricaria+Calidris pugnax+Scolopax rusticola+Gallinago gallinago+Fratercula arctica+Uria aalge+Sterna hirundo+Alca torda+Fulica atra+Eudyptes schlegeli+Aptenodytes forsteri+Ciconia ciconia+Dromaius novaehollandiae+Alligator mississippiensis+Pelusios castaneus+Pelodiscus sinensis+Chelonia mydas+Chelydra serpentina+Sphenodon punctatus+Phrynosoma platyrhinos+Shinisaurus crocodilurus),(Mammalia+Mammalia+Mammalia+Mammalia+Mammalia+Mammalia+Mammalia+Mammalia+Mammalia+Mammalia+Mammalia+Mammalia+Mammalia+Mammalia+Mammalia+Mammalia+Mammalia+Mammalia+Mammalia+Mammalia+Mammalia+Mammalia+Mammalia)-(Aves+Aves+Aves+Aves+Aves+Aves+Aves+Aves+Aves+Aves+Aves+Aves+Aves+Aves+Aves+Aves+Aves+Aves+Aves+Aves+Aves+Aves+Aves+Aves+Aves+Aves+Aves+Aves+Reptilia+Reptilia+Reptilia+Reptilia+Reptilia+Reptilia+Reptilia+Reptilia),-0.44977673260725665,-128.28113235258974
(Axolotl)-(Iberian Ribbed Newt),(Ambystoma mexicanum)-(Pleurodeles waltl),(Amphibia)-(Amphibia),-0.5261716394011702,-139.57692843039646
(Common Frog)-(Common Toad),(Rana temporaria)-(Bufo bufo),(Amphibia)-(Amphibia),0.028955033953535374,576.7263662865175
(Common Frog+Common Toad)-(African Clawed Frog),(Rana temporaria+Bufo bufo)-(Xenopus laevis),(Amphibia+Amphibia)-(Amphibia),-0.06879888756702573,464.3924910774234
(European Fire-Bellied Toad)-(Painted Frog),(Bombina bombina)-(Discoglossus pictus),(Amphibia)-(Amphibia),-0.05549451945776871,55.272541379937635
(Common Frog+Common Toad+African Clawed Frog)-(European Fire-Bellied Toad+Painted Frog),(Rana temporaria+Bufo bufo+Xenopus laevis)-(Bombina bombina+Discoglossus pictus),(Amphibia+Amphibia+Amphibia)-(Amphibia+Amphibia),0.05014068475413921,457.87510422920707
(Axolotl+Iberian Ribbed Newt)-(Common Frog+Common Toad+African Clawed Frog+European Fire-Bellied Toad+Painted Frog),(Ambystoma mexicanum+Pleurodeles waltl)-(Rana temporaria+Bufo bufo+Xenopus laevis+Bombina bombina+Discoglossus pictus),(Amphibia+Amphibia)-(Amphibia+Amphibia+Amphibia+Amphibia+Amphibia),1.6499019343381058,-137.06505320499974
(Western European Hedgehog+Fox+Ermine+Cat+Lion+Leopard+Horse+North Pacific Minke Whale+Cattle+Wild Boar+Alpaca+Rabbit+Guinea Pig+House Mouse+Common Marmoset+Rhesus Monkey+Pig-Tailed Macaque+Human+Chimpanzee+African Bush Elephant+Linne'S Two-Toed Sloth+Short-Beaked Echidna+Platypus+Chicken+Golden Pheasant+Common Pheasant+Black Swan+Mute Swan+Bar-Headed Goose+Swan Goose+Eastern Spot-Billed Duck+Mallard+Steller'S Sea Eagle+Oriental Scops Owl+Barn Swallow+White Or Black-Backed Wagtail+Kakapo+Budgerigar+European Golden-Plover+Ruff+Eurasian Woodcock+Common Snipe+Atlantic Puffin+Common Murre+Common Tern+Razorbill+Eurasian Coot+Royal Penguin+Emperor Penguin+White Stork+Emu+American Alligator+West African Mud Turtle+Chinese Soft-Shelled Turtle+Green Sea Turtle+Snapping Turtle+Regal Horned Lizard+Desert Horned Lizard+Chinese Crocodile Lizard)-(Axolotl+Iberian Ribbed Newt+Common Frog+Common Toad+African Clawed Frog+European Fire-Bellied Toad+Painted Frog),(Erinaceus europaeus+Vulpes vulpes+Mustela erminea+Felis catus+Panthera leo+Panthera pardus+Equus caballus+Balaenoptera acutorostrata scammoni+Bos taurus+Sus scrofa+Vicugna pacos+Oryctolagus cuniculus+Cavia porcellus+Mus musculus+Callithrix jacchus+Macaca mulatta+Macaca nemestrina+Homo sapiens+Pan troglodytes+Loxodonta africana+Choloepus didactylus+Tachyglossus aculeatus+Ornithorhynchus anatinus+Gallus gallus+Chrysolophus pictus+Phasianus colchicus+Cygnus atratus+Cygnus olor+Anser indicus+Anser cygnoides+Anas zonorhyncha+Anas platyrhynchos+Haliaeetus pelagicus+Otus sunia+Hirundo rustica+Motacilla alba alba+Strigops habroptila+Melopsittacus undulatus+Pluvialis apricaria+Calidris pugnax+Scolopax rusticola+Gallinago gallinago+Fratercula arctica+Uria aalge+Sterna hirundo+Alca torda+Fulica atra+Eudyptes schlegeli+Aptenodytes forsteri+Ciconia ciconia+Dromaius novaehollandiae+Alligator mississippiensis+Pelusios castaneus+Pelodiscus sinensis+Chelonia mydas+Chelydra serpentina+Sphenodon punctatus+Phrynosoma platyrhinos+Shinisaurus crocodilurus)-(Ambystoma mexicanum+Pleurodeles waltl+Rana temporaria+Bufo bufo+Xenopus laevis+Bombina bombina+Discoglossus pictus),(Mammalia+Mammalia+Mammalia+Mammalia+Mammalia+Mammalia+Mammalia+Mammalia+Mammalia+Mammalia+Mammalia+Mammalia+Mammalia+Mammalia+Mammalia+Mammalia+Mammalia+Mammalia+Mammalia+Mammalia+Mammalia+Mammalia+Mammalia+Aves+Aves+Aves+Aves+Aves+Aves+Aves+Aves+Aves+Aves+Aves+Aves+Aves+Aves+Aves+Aves+Aves+Aves+Aves+Aves+Aves+Aves+Aves+Aves+Aves+Aves+Aves+Aves+Reptilia+Reptilia+Reptilia+Reptilia+Reptilia+Reptilia+Reptilia+Reptilia)-(Amphibia+Amphibia+Amphibia+Amphibia+Amphibia+Amphibia+Amphibia),0.37979394156510315,467.3895718827273
